addr,name,unit,confidence,name_source
0x01F00000,overlayMain,,reached,manual
0x01F001B8,imInit,,reached,trace_string
0x01F00270,init_01F00270,../im/init.c,reached,generated
0x01F004A8,imExit,../im/init.c,reached,prose_label
0x01F00540,imSwap,../im/init.c,reached,prose_label
0x01F005A0,imTrap,../im/init.c,reached,prose_label
0x01F00608,init_01F00608,../im/init.c,reached,generated
0x01F00688,init_01F00688,../im/init.c,reached,generated
0x01F007A0,init_01F007A0,../im/init.c,reached,generated
0x01F008B0,init_01F008B0,../im/init.c,reached,generated
0x01F00908,init_01F00908,../im/init.c,reached,generated
0x01F009A8,init_01F009A8,../im/init.c,reached,generated
0x01F00AB8,init_01F00AB8,../im/init.c,reached,generated
0x01F00CA0,init_01F00CA0,../im/init.c,reached,generated
0x01F00E68,init_01F00E68,../im/init.c,reached,generated
0x01F00F58,init_01F00F58,../im/init.c,reached,generated
0x01F00FE8,init_01F00FE8,../im/init.c,unreferenced,generated
0x01F01050,init_01F01050,../im/init.c,reached,generated
0x01F01158,init_01F01158,../im/init.c,reached,generated
0x01F011B8,init_01F011B8,../im/init.c,reached,generated
0x01F01220,Not_Applicable,../im/init.c,reached,prose_label
0x01F012D8,test_01F012D8,../im/test.c,unreferenced,generated
0x01F01480,test_01F01480,../im/test.c,reached,generated
0x01F01640,test_01F01640,../im/test.c,reached,generated
0x01F017F0,test_01F017F0,../im/test.c,reached,generated
0x01F01990,test_01F01990,../im/test.c,reached,generated
0x01F01B40,test_01F01B40,../im/test.c,unreferenced,generated
0x01F01B80,test_01F01B80,../im/test.c,reached,generated
0x01F01C08,test_01F01C08,../im/test.c,unreferenced,generated
0x01F01D00,test_01F01D00,../im/test.c,reached,generated
0x01F01D50,test_01F01D50,../im/test.c,reached,generated
0x01F01D98,test_01F01D98,../im/test.c,reached,generated
0x01F01DF8,test_01F01DF8,../im/test.c,reached,generated
0x01F01E70,test_01F01E70,../im/test.c,reached,generated
0x01F01F30,test_01F01F30,../im/test.c,reached,generated
0x01F01F48,test_01F01F48,../im/test.c,reached,generated
0x01F01F80,test_01F01F80,../im/test.c,reached,generated
0x01F01FA8,test_01F01FA8,../im/test.c,reached,generated
0x01F01FB0,test_01F01FB0,../im/test.c,reached,generated
0x01F01FD8,test_01F01FD8,../im/test.c,reached,generated
0x01F02008,test_01F02008,../im/test.c,reached,generated
0x01F02050,test_01F02050,../im/test.c,reached,generated
0x01F02078,test_01F02078,../im/test.c,reached,generated
0x01F02088,test_01F02088,../im/test.c,reached,generated
0x01F02098,test_01F02098,../im/test.c,reached,generated
0x01F020D0,test_01F020D0,../im/test.c,unreferenced,generated
0x01F020E0,test_01F020E0,../im/test.c,unreferenced,generated
0x01F020F0,test_01F020F0,../im/test.c,unreferenced,generated
0x01F02140,test_01F02140,../im/test.c,reached,generated
0x01F02170,imLookDouble,../im/test.c,reached,prose_label
0x01F022D0,test_01F022D0,../im/test.c,reached,generated
0x01F023A8,test_01F023A8,../im/test.c,reached,generated
0x01F02430,test_01F02430,../im/test.c,reached,generated
0x01F02448,test_01F02448,../im/test.c,reached,generated
0x01F02468,test_01F02468,../im/test.c,reached,generated
0x01F02488,test_01F02488,../im/test.c,reached,generated
0x01F024E8,test_01F024E8,../im/test.c,reached,generated
0x01F02510,test_01F02510,../im/test.c,reached,generated
0x01F02528,test_01F02528,../im/test.c,reached,generated
0x01F02540,test_01F02540,../im/test.c,reached,generated
0x01F02558,test_01F02558,../im/test.c,reached,generated
0x01F02580,test_01F02580,../im/test.c,reached,generated
0x01F025A0,test_01F025A0,../im/test.c,reached,generated
0x01F025E8,test_01F025E8,../im/test.c,reached,generated
0x01F025F8,test_01F025F8,../im/test.c,reached,generated
0x01F028E8,test_01F028E8,../im/test.c,reached,generated
0x01F029A8,test_01F029A8,../im/test.c,reached,generated
0x01F029F0,test_01F029F0,../im/test.c,reached,generated
0x01F02A78,test_01F02A78,../im/test.c,reached,generated
0x01F02AD0,test_01F02AD0,../im/test.c,unreferenced,generated
0x01F02B48,test_01F02B48,../im/test.c,reached,generated
0x01F02B70,test_01F02B70,../im/test.c,reached,generated
0x01F02BF8,test_01F02BF8,../im/test.c,reached,generated
0x01F02C18,test_01F02C18,../im/test.c,reached,generated
0x01F02C38,test_01F02C38,../im/test.c,reached,generated
0x01F02CA8,test_01F02CA8,../im/test.c,reached,generated
0x01F02CF8,test_01F02CF8,../im/test.c,unreferenced,generated
0x01F02D48,test_01F02D48,../im/test.c,reached,generated
0x01F02DE8,test_01F02DE8,../im/test.c,reached,generated
0x01F02E48,test_01F02E48,../im/test.c,reached,generated
0x01F02F00,test_01F02F00,../im/test.c,reached,generated
0x01F02F70,test_01F02F70,../im/test.c,reached,generated
0x01F03000,test_01F03000,../im/test.c,unreferenced,generated
0x01F03038,test_01F03038,../im/test.c,reached,generated
0x01F030A8,test_01F030A8,../im/test.c,reached,generated
0x01F030D8,test_01F030D8,../im/test.c,reached,generated
0x01F03108,test_01F03108,../im/test.c,reached,generated
0x01F03158,test_01F03158,../im/test.c,reached,generated
0x01F031B8,test_01F031B8,../im/test.c,reached,generated
0x01F03238,test_01F03238,../im/test.c,reached,generated
0x01F032F0,test_01F032F0,../im/test.c,reached,generated
0x01F03320,test_01F03320,../im/test.c,reached,generated
0x01F03368,test_01F03368,../im/test.c,reached,generated
0x01F03380,test_01F03380,../im/test.c,reached,generated
0x01F034E0,test_01F034E0,../im/test.c,reached,generated
0x01F03648,imBodyEffect,../im/test.c,reached,prose_label
0x01F03740,test_01F03740,../im/test.c,reached,generated
0x01F03748,test_01F03748,../im/test.c,reached,generated
0x01F03760,test_01F03760,../im/test.c,reached,generated
0x01F037A0,test_01F037A0,../im/test.c,reached,generated
0x01F037D0,test_01F037D0,../im/test.c,reached,generated
0x01F037F8,test_01F037F8,../im/test.c,reached,generated
0x01F03828,test_01F03828,../im/test.c,reached,generated
0x01F03858,test_01F03858,../im/test.c,unreferenced,generated
0x01F03888,test_01F03888,../im/test.c,unreferenced,generated
0x01F038B0,test_01F038B0,../im/test.c,reached,generated
0x01F038E8,test_01F038E8,../im/test.c,reached,generated
0x01F03910,test_01F03910,../im/test.c,reached,generated
0x01F03938,test_01F03938,../im/test.c,reached,generated
0x01F03968,test_01F03968,../im/test.c,reached,generated
0x01F03990,test_01F03990,../im/test.c,unreferenced,generated
0x01F039D8,test_01F039D8,../im/test.c,reached,generated
0x01F03A20,test_01F03A20,../im/test.c,reached,generated
0x01F03A48,test_01F03A48,../im/test.c,reached,generated
0x01F03AA8,test_01F03AA8,../im/test.c,reached,generated
0x01F03AD8,test_01F03AD8,../im/test.c,reached,generated
0x01F03B98,test_01F03B98,../im/test.c,reached,generated
0x01F03BB0,test_01F03BB0,../im/test.c,reached,generated
0x01F03BE0,test_01F03BE0,../im/test.c,reached,generated
0x01F03C00,test_01F03C00,../im/test.c,reached,generated
0x01F03D08,test_01F03D08,../im/test.c,reached,generated
0x01F03DA8,test_01F03DA8,../im/test.c,reached,generated
0x01F03DC8,test_01F03DC8,../im/test.c,reached,generated
0x01F03DE8,test_01F03DE8,../im/test.c,reached,generated
0x01F03E08,test_01F03E08,../im/test.c,reached,generated
0x01F03E90,test_01F03E90,../im/test.c,reached,generated
0x01F03EB0,test_01F03EB0,../im/test.c,reached,generated
0x01F03ED8,test_01F03ED8,../im/test.c,reached,generated
0x01F03F00,test_01F03F00,../im/test.c,reached,generated
0x01F03F28,test_01F03F28,../im/test.c,reached,generated
0x01F03F50,test_01F03F50,../im/test.c,reached,generated
0x01F03F70,test_01F03F70,../im/test.c,reached,generated
0x01F041D0,test_01F041D0,../im/test.c,reached,generated
0x01F04228,test_01F04228,../im/test.c,reached,generated
0x01F042F0,test_01F042F0,../im/test.c,reached,generated
0x01F04328,test_01F04328,../im/test.c,reached,generated
0x01F04358,test_01F04358,../im/test.c,reached,generated
0x01F04390,imFadeIn,../im/test.c,reached,prose_label
0x01F043D0,test_01F043D0,../im/test.c,unreferenced,generated
0x01F04408,test_01F04408,../im/test.c,unreferenced,generated
0x01F04440,imFadeInTrap,../im/test.c,reached,prose_label
0x01F04488,test_01F04488,../im/test.c,reached,generated
0x01F044D8,imFadeInWithBgm,../im/test.c,reached,prose_label
0x01F04530,test_01F04530,../im/test.c,reached,generated
0x01F04560,test_01F04560,../im/test.c,unreferenced,generated
0x01F04578,test_01F04578,../im/test.c,reached,generated
0x01F04590,test_01F04590,../im/test.c,unreferenced,generated
0x01F045A8,test_01F045A8,../im/test.c,reached,generated
0x01F045C0,test_01F045C0,../im/test.c,unreferenced,generated
0x01F04618,test_01F04618,../im/test.c,unreferenced,generated
0x01F04670,test_01F04670,../im/test.c,reached,generated
0x01F046C0,test_01F046C0,../im/test.c,reached,generated
0x01F04710,test_01F04710,../im/test.c,reached,generated
0x01F047D8,test_01F047D8,../im/test.c,reached,generated
0x01F04840,test_01F04840,../im/test.c,reached,generated
0x01F04B28,test_01F04B28,../im/test.c,reached,generated
0x01F04B70,test_01F04B70,../im/test.c,reached,generated
0x01F04CA0,test_01F04CA0,../im/test.c,reached,generated
0x01F04CD0,test_01F04CD0,../im/test.c,reached,generated
0x01F04D00,test_01F04D00,../im/test.c,reached,generated
0x01F04E18,test_01F04E18,../im/test.c,reached,generated
0x01F04E48,test_01F04E48,../im/test.c,reached,generated
0x01F04FD0,test_01F04FD0,../im/test.c,reached,generated
0x01F05038,imEffect,../im/test.c,reached,prose_label
0x01F051F8,imEffectKiss,../im/test.c,reached,prose_label
0x01F05258,test_01F05258,../im/test.c,unreferenced,generated
0x01F05288,test_01F05288,../im/test.c,unreferenced,generated
0x01F052B0,imMotionAuto,../im/test.c,reached,prose_label
0x01F052D0,test_01F052D0,../im/test.c,reached,generated
0x01F052E8,test_01F052E8,../im/test.c,reached,generated
0x01F05320,test_01F05320,../im/test.c,reached,generated
0x01F05348,imMotionSet,../im/test.c,reached,prose_label
0x01F053C8,test_01F053C8,../im/test.c,unreferenced,generated
0x01F05430,test_01F05430,../im/test.c,reached,generated
0x01F05488,test_01F05488,../im/test.c,reached,generated
0x01F05540,test_01F05540,../im/test.c,reached,generated
0x01F05698,test_01F05698,../im/test.c,reached,generated
0x01F057B0,test_01F057B0,../im/test.c,reached,generated
0x01F059A0,Someone_is_visiting,../im/test.c,reached,prose_label
0x01F05B50,test_01F05B50,../im/test.c,reached,generated
0x01F05BA8,test_01F05BA8,../im/test.c,reached,generated
0x01F05C38,test_01F05C38,../im/test.c,reached,generated
0x01F05D48,test_01F05D48,../im/test.c,reached,generated
0x01F05EC0,test_01F05EC0,../im/test.c,reached,generated
0x01F06318,test_01F06318,../im/test.c,reached,generated
0x01F06440,test_01F06440,../im/test.c,reached,generated
0x01F06518,test_01F06518,../im/test.c,reached,generated
0x01F06598,func_01F06598,,reached,generated
0x01F065B0,func_01F065B0,,reached,generated
0x01F065E8,func_01F065E8,,reached,generated
0x01F06640,sprite_01F06640,../im/sprite.c,reached,generated
0x01F066D8,sprite_01F066D8,../im/sprite.c,reached,generated
0x01F06740,sprite_01F06740,../im/sprite.c,reached,generated
0x01F06760,sprite_01F06760,../im/sprite.c,reached,generated
0x01F06780,sprite_01F06780,../im/sprite.c,reached,generated
0x01F067A8,sprite_01F067A8,../im/sprite.c,reached,generated
0x01F067D0,sprite_01F067D0,../im/sprite.c,reached,generated
0x01F06848,sprite_01F06848,../im/sprite.c,reached,generated
0x01F068D8,IM_Debug_Tools,../im/sprite.c,reached,prose_label
0x01F06A38,sprite_01F06A38,../im/sprite.c,reached,generated
0x01F06AA0,sprite_01F06AA0,../im/sprite.c,reached,generated
0x01F06B60,sprite_01F06B60,../im/sprite.c,reached,generated
0x01F06C40,sprite_01F06C40,../im/sprite.c,reached,generated
0x01F06DA8,sprite_01F06DA8,../im/sprite.c,reached,generated
0x01F06E48,sprite_01F06E48,../im/sprite.c,reached,generated
0x01F06F98,Damage,../im/sprite.c,reached,prose_label
0x01F070D8,Rei_was_replaced,../im/sprite.c,reached,prose_label
0x01F07140,sprite_01F07140,../im/sprite.c,reached,generated
0x01F07308,sprite_01F07308,../im/sprite.c,reached,generated
0x01F07428,School_Unlocked,../im/sprite.c,reached,menu_label
0x01F074C0,School_Arrival,../im/sprite.c,reached,menu_label
0x01F07518,Asuka_Arrived,../im/sprite.c,reached,menu_label
0x01F07550,Kaworu_Arrived,../im/sprite.c,reached,menu_label
0x01F07580,Kaworu_Pilot,../im/sprite.c,reached,menu_label
0x01F075D8,Toji_Pilot,../im/sprite.c,reached,menu_label
0x01F07628,Rei_Appeared,../im/sprite.c,reached,menu_label
0x01F07670,First_greet_done,../im/sprite.c,reached,prose_label
0x01F076F0,sprite_01F076F0,../im/sprite.c,reached,generated
0x01F07730,sprite_01F07730,../im/sprite.c,reached,generated
0x01F07978,Remove_NERV_staff,../im/sprite.c,reached,prose_label
0x01F07A08,Wants_to_run_away,../im/sprite.c,reached,prose_label
0x01F07A60,sprite_01F07A60,../im/sprite.c,reached,generated
0x01F07B38,sprite_01F07B38,../im/sprite.c,reached,generated
0x01F07B98,Received_suggestion,../im/sprite.c,reached,prose_label
0x01F07C00,sprite_01F07C00,../im/sprite.c,reached,generated
0x01F07CF8,sprite_01F07CF8,../im/sprite.c,reached,generated
0x01F07F00,Central_Dogma_found,../im/sprite.c,reached,prose_label
0x01F07F50,sprite_01F07F50,../im/sprite.c,reached,generated
0x01F08078,Mind_Labyrinth_branches_to_TV_ED,../im/sprite.c,reached,prose_label
0x01F080D0,sprite_01F080D0,../im/sprite.c,reached,generated
0x01F08190,sprite_01F08190,../im/sprite.c,reached,generated
0x01F08230,Kyoto_2D_1N_Trip,../im/sprite.c,reached,menu_label
0x01F08268,Trip_to_USA,../im/sprite.c,reached,menu_label
0x01F082A0,Aurora_Tour,../im/sprite.c,reached,menu_label
0x01F082D8,Ogasawara_Trip,../im/sprite.c,reached,menu_label
0x01F08310,Wanna_go_Germany,../im/sprite.c,reached,menu_label
0x01F083D0,sprite_01F083D0,../im/sprite.c,reached,generated
0x01F08548,faceswap,../im/sprite.c,reached,menu_label
0x01F08648,sprite_01F08648,../im/sprite.c,reached,generated
0x01F086A8,sprite_01F086A8,../im/sprite.c,reached,generated
0x01F08738,sprite_01F08738,../im/sprite.c,unreferenced,generated
0x01F08770,sprite_01F08770,../im/sprite.c,reached,generated
0x01F08868,sprite_01F08868,../im/sprite.c,reached,generated
0x01F08880,sprite_01F08880,../im/sprite.c,reached,generated
0x01F088A0,sprite_01F088A0,../im/sprite.c,reached,generated
0x01F088B8,sprite_01F088B8,../im/sprite.c,reached,generated
0x01F088D0,sprite_01F088D0,../im/sprite.c,reached,generated
0x01F088E8,sprite_01F088E8,../im/sprite.c,reached,generated
0x01F08998,sprite_01F08998,../im/sprite.c,reached,generated
0x01F08A28,sprite_01F08A28,../im/sprite.c,reached,generated
0x01F08A48,sprite_01F08A48,../im/sprite.c,reached,generated
0x01F08AB0,sprite_01F08AB0,../im/sprite.c,reached,generated
0x01F08B78,sprite_01F08B78,../im/sprite.c,reached,generated
0x01F08C00,sprite_01F08C00,../im/sprite.c,reached,generated
0x01F08C50,sprite_01F08C50,../im/sprite.c,reached,generated
0x01F08D18,sprite_01F08D18,../im/sprite.c,reached,generated
0x01F08D30,sprite_01F08D30,../im/sprite.c,reached,generated
0x01F08F10,sprite_01F08F10,../im/sprite.c,reached,generated
0x01F09020,sprite_01F09020,../im/sprite.c,reached,generated
0x01F09090,sprite_01F09090,../im/sprite.c,reached,generated
0x01F09118,sprite_01F09118,../im/sprite.c,reached,generated
0x01F091E8,sprite_01F091E8,../im/sprite.c,reached,generated
0x01F09230,sprite_01F09230,../im/sprite.c,reached,generated
0x01F09290,sprite_01F09290,../im/sprite.c,reached,generated
0x01F09358,sprite_01F09358,../im/sprite.c,reached,generated
0x01F09398,sprite_01F09398,../im/sprite.c,reached,generated
0x01F093F8,sprite_01F093F8,../im/sprite.c,reached,generated
0x01F09458,sprite_01F09458,../im/sprite.c,reached,generated
0x01F09498,sprite_01F09498,../im/sprite.c,reached,generated
0x01F094E8,sprite_01F094E8,../im/sprite.c,reached,generated
0x01F09538,sprite_01F09538,../im/sprite.c,reached,generated
0x01F095E0,sprite_01F095E0,../im/sprite.c,reached,generated
0x01F09680,LabyrinthOfHeart,../im/sprite.c,reached,prose_label
0x01F09A98,sprite_01F09A98,../im/sprite.c,reached,generated
0x01F09AB0,LabyrinthOfHeartText,../im/sprite.c,reached,prose_label
0x01F09E70,sprite_01F09E70,../im/sprite.c,reached,generated
0x01F09EA0,sprite_01F09EA0,../im/sprite.c,reached,generated
0x01F09EB8,sprite_01F09EB8,../im/sprite.c,reached,generated
0x01F09F28,sprite_01F09F28,../im/sprite.c,reached,generated
0x01F09FC0,sprite_01F09FC0,../im/sprite.c,reached,generated
0x01F0A008,sprite_01F0A008,../im/sprite.c,reached,generated
0x01F0A040,sprite_01F0A040,../im/sprite.c,reached,generated
0x01F0A050,sprite_01F0A050,../im/sprite.c,reached,generated
0x01F0A060,sprite_01F0A060,../im/sprite.c,reached,generated
0x01F0A070,sprite_01F0A070,../im/sprite.c,reached,generated
0x01F0A080,sprite_01F0A080,../im/sprite.c,reached,generated
0x01F0A090,sprite_01F0A090,../im/sprite.c,reached,generated
0x01F0A0B8,sprite_01F0A0B8,../im/sprite.c,reached,generated
0x01F0A1A8,sprite_01F0A1A8,../im/sprite.c,reached,generated
0x01F0A1D0,sprite_01F0A1D0,../im/sprite.c,reached,generated
0x01F0A238,sprite_01F0A238,../im/sprite.c,reached,generated
0x01F0A300,func_01F0A300,,reached,generated
0x01F0A350,im0044_01F0A350,../im/im0044.c,reached,generated
0x01F0A568,im0044_01F0A568,../im/im0044.c,reached,generated
0x01F0A588,im0044_01F0A588,../im/im0044.c,reached,generated
0x01F0A6A0,im0044_01F0A6A0,../im/im0044.c,reached,generated
0x01F0A6D0,im0044_01F0A6D0,../im/im0044.c,reached,generated
0x01F0A760,im0044_01F0A760,../im/im0044.c,reached,generated
0x01F0A7E0,im0044_01F0A7E0,../im/im0044.c,reached,generated
0x01F0A7F8,im0044_01F0A7F8,../im/im0044.c,reached,generated
0x01F0A810,im0044_01F0A810,../im/im0044.c,reached,generated
0x01F0A858,im0044_01F0A858,../im/im0044.c,reached,generated
0x01F0A898,im0044_01F0A898,../im/im0044.c,reached,generated
0x01F0A8F0,im0044_01F0A8F0,../im/im0044.c,reached,generated
0x01F0A928,im0044_01F0A928,../im/im0044.c,reached,generated
0x01F0A980,im0044_01F0A980,../im/im0044.c,reached,generated
0x01F0A998,im0044_01F0A998,../im/im0044.c,reached,generated
0x01F0AA28,im0044_01F0AA28,../im/im0044.c,reached,generated
0x01F0AA48,im0044_01F0AA48,../im/im0044.c,reached,generated
0x01F0AAE0,im0044_01F0AAE0,../im/im0044.c,unreferenced,generated
0x01F0AB58,im0044_01F0AB58,../im/im0044.c,reached,generated
0x01F0AD40,im0044_01F0AD40,../im/im0044.c,reached,generated
0x01F0AD70,im0044_01F0AD70,../im/im0044.c,reached,generated
0x01F0AD78,im0044_01F0AD78,../im/im0044.c,reached,generated
0x01F0AD80,im0044_01F0AD80,../im/im0044.c,reached,generated
0x01F0AE58,im0044_01F0AE58,../im/im0044.c,reached,generated
0x01F0B0B0,im0044_01F0B0B0,../im/im0044.c,reached,generated
0x01F0B1B0,im0044_01F0B1B0,../im/im0044.c,reached,generated
0x01F0B1D0,im0044_01F0B1D0,../im/im0044.c,reached,generated
0x01F0B238,im0044_01F0B238,../im/im0044.c,reached,generated
0x01F0B2A0,im0044_01F0B2A0,../im/im0044.c,reached,generated
0x01F0B2C0,im0044_01F0B2C0,../im/im0044.c,reached,generated
0x01F0B310,im0044_01F0B310,../im/im0044.c,reached,generated
0x01F0B368,im0044_01F0B368,../im/im0044.c,reached,generated
0x01F0B3F8,im0044_01F0B3F8,../im/im0044.c,reached,generated
0x01F0B5B0,im0050_01F0B5B0,../im/im0050.c,reached,generated
0x01F0B5E8,func_01F0B5E8,,reached,generated
0x01F0B688,im0054_01F0B688,../im/im0054.c,reached,generated
0x01F0B798,im0054_01F0B798,../im/im0054.c,reached,generated
0x01F0B7D8,im0065_01F0B7D8,../im/im0065.c,reached,generated
0x01F0B820,im0065_01F0B820,../im/im0065.c,reached,generated
0x01F0B9E0,im0065_01F0B9E0,../im/im0065.c,reached,generated
0x01F0BA30,im0065_01F0BA30,../im/im0065.c,reached,generated
0x01F0BB38,im0065_01F0BB38,../im/im0065.c,reached,generated
0x01F0BB58,im0065_01F0BB58,../im/im0065.c,reached,generated
0x01F0BB78,im0096_01F0BB78,../im/im0096.c,reached,generated
0x01F0BC90,im0096_01F0BC90,../im/im0096.c,reached,generated
0x01F0BD30,im0096_01F0BD30,../im/im0096.c,reached,generated
0x01F0BE48,im0096_01F0BE48,../im/im0096.c,reached,generated
0x01F0BEC8,im0096_01F0BEC8,../im/im0096.c,unreferenced,generated
0x01F0BEE0,im0096_01F0BEE0,../im/im0096.c,unreferenced,generated
0x01F0BFC0,im0096_01F0BFC0,../im/im0096.c,reached,generated
0x01F0C110,im0096_01F0C110,../im/im0096.c,reached,generated
0x01F0C140,im0096_01F0C140,../im/im0096.c,reached,generated
0x01F0C190,im0096_01F0C190,../im/im0096.c,reached,generated
0x01F0C1A8,im0096_01F0C1A8,../im/im0096.c,reached,generated
0x01F0C1C0,im0096_01F0C1C0,../im/im0096.c,reached,generated
0x01F0C208,im0096_01F0C208,../im/im0096.c,reached,generated
0x01F0C248,im0096_01F0C248,../im/im0096.c,reached,generated
0x01F0C280,im0096_01F0C280,../im/im0096.c,reached,generated
0x01F0C2C0,im0096_01F0C2C0,../im/im0096.c,reached,generated
0x01F0C368,im0096_01F0C368,../im/im0096.c,reached,generated
0x01F0C558,im0096_01F0C558,../im/im0096.c,reached,generated
0x01F0C620,im0215_wait_zone_clear,../im/im0096.c,reached,solo_string
0x01F0C840,im0096_01F0C840,../im/im0096.c,reached,generated
0x01F0C8A8,im0216,../im/im0096.c,reached,solo_string
0x01F0C948,im0096_01F0C948,../im/im0096.c,reached,generated
0x01F0CB28,im0096_01F0CB28,../im/im0096.c,reached,generated
0x01F0CB40,im0096_01F0CB40,../im/im0096.c,reached,generated
0x01F0CC30,im0096_01F0CC30,../im/im0096.c,reached,generated
0x01F0CD80,im0096_01F0CD80,../im/im0096.c,reached,generated
0x01F0CE10,im0096_01F0CE10,../im/im0096.c,reached,generated
0x01F0CED8,im0096_01F0CED8,../im/im0096.c,reached,generated
0x01F0CF08,im0096_01F0CF08,../im/im0096.c,reached,generated
0x01F0CF70,im0096_01F0CF70,../im/im0096.c,reached,generated
0x01F0CF88,im0096_01F0CF88,../im/im0096.c,reached,generated
0x01F0CFF8,im0096_01F0CFF8,../im/im0096.c,reached,generated
0x01F0D088,im0096_01F0D088,../im/im0096.c,reached,generated
0x01F0D100,im0096_01F0D100,../im/im0096.c,reached,generated
0x01F0D158,imSchoolPosAuto,../im/im0096.c,reached,trace_string
0x01F0D200,im0096_01F0D200,../im/im0096.c,reached,generated
0x01F0D238,im0096_01F0D238,../im/im0096.c,reached,generated
0x01F0D248,im0096_01F0D248,../im/im0096.c,reached,generated
0x01F0D258,im0096_01F0D258,../im/im0096.c,reached,generated
0x01F0D268,im0096_01F0D268,../im/im0096.c,reached,generated
0x01F0D278,im0096_01F0D278,../im/im0096.c,reached,generated
0x01F0D288,im0096_01F0D288,../im/im0096.c,reached,generated
0x01F0D298,im0096_01F0D298,../im/im0096.c,reached,generated
0x01F0D2A0,im0223,../im/im0096.c,reached,solo_string
0x01F0D460,im0096_01F0D460,../im/im0096.c,reached,generated
0x01F0D4C0,im0096_01F0D4C0,../im/im0096.c,reached,generated
0x01F0D528,im0096_01F0D528,../im/im0096.c,reached,generated
0x01F0D5A8,im0096_01F0D5A8,../im/im0096.c,reached,generated
0x01F0D5C0,im0096_01F0D5C0,../im/im0096.c,reached,generated
0x01F0D640,im0096_01F0D640,../im/im0096.c,reached,generated
0x01F0D678,im0096_01F0D678,../im/im0096.c,reached,generated
0x01F0D798,im0096_01F0D798,../im/im0096.c,reached,generated
0x01F0D848,im0096_01F0D848,../im/im0096.c,reached,generated
0x01F0D860,im0096_01F0D860,../im/im0096.c,reached,generated
0x01F0D9C8,im0096_01F0D9C8,../im/im0096.c,reached,generated
0x01F0DB50,im0096_01F0DB50,../im/im0096.c,reached,generated
0x01F0DC28,Check_Location,../im/im0096.c,reached,prose_label
0x01F0DD48,Hospitalized_at_Central,../im/im0096.c,reached,prose_label
0x01F0DE68,im0096_01F0DE68,../im/im0096.c,reached,generated
0x01F0DF38,func_01F0DF38,,reached,generated
0x01F0DF60,func_01F0DF60,,reached,generated
0x01F0DFB8,func_01F0DFB8,,reached,generated
0x01F0E020,func_01F0E020,,reached,generated
0x01F0E088,func_01F0E088,,reached,generated
0x01F0E0F0,func_01F0E0F0,,reached,generated
0x01F0E158,im0239_01F0E158,../im/im0239.c,reached,generated
0x01F0E278,im0239_01F0E278,../im/im0239.c,reached,generated
0x01F0E290,im0239_01F0E290,../im/im0239.c,reached,generated
0x01F0E2E8,im0239_01F0E2E8,../im/im0239.c,reached,generated
0x01F0E3E0,im0239_01F0E3E0,../im/im0239.c,reached,generated
0x01F0E448,im0239_01F0E448,../im/im0239.c,reached,generated
0x01F0E6A0,im0239_01F0E6A0,../im/im0239.c,reached,generated
0x01F0E6C8,im0239_01F0E6C8,../im/im0239.c,reached,generated
0x01F0E6E0,im0239_01F0E6E0,../im/im0239.c,reached,generated
0x01F0E6F8,im0239_01F0E6F8,../im/im0239.c,reached,generated
0x01F0E710,im0239_01F0E710,../im/im0239.c,reached,generated
0x01F0E7B8,im0239_01F0E7B8,../im/im0239.c,reached,generated
0x01F0E8C8,im0239_01F0E8C8,../im/im0239.c,reached,generated
0x01F0E940,im0239_01F0E940,../im/im0239.c,reached,generated
0x01F0E9B0,im0239_01F0E9B0,../im/im0239.c,reached,generated
0x01F0E9C8,im0260,../im/im0239.c,reached,solo_string
0x01F0EA28,im0239_01F0EA28,../im/im0239.c,reached,generated
0x01F0EA70,im0239_01F0EA70,../im/im0239.c,reached,generated
0x01F0EB10,im0239_01F0EB10,../im/im0239.c,reached,generated
0x01F0EB50,im0239_01F0EB50,../im/im0239.c,reached,generated
0x01F0EB90,im0239_01F0EB90,../im/im0239.c,reached,generated
0x01F0EBE0,im0239_01F0EBE0,../im/im0239.c,reached,generated
0x01F0EC38,im0239_01F0EC38,../im/im0239.c,reached,generated
0x01F0ECC8,im0239_01F0ECC8,../im/im0239.c,reached,generated
0x01F0EFD0,No_target_to_evaluate,../im/im0239.c,reached,prose_label
0x01F0F028,im0239_01F0F028,../im/im0239.c,reached,generated
0x01F0F068,im0239_01F0F068,../im/im0239.c,reached,generated
0x01F0F108,im0239_01F0F108,../im/im0239.c,reached,generated
0x01F0F170,im0239_01F0F170,../im/im0239.c,reached,generated
0x01F0F1B8,im0239_01F0F1B8,../im/im0239.c,reached,generated
0x01F0F208,im0239_01F0F208,../im/im0239.c,reached,generated
0x01F0F230,im0239_01F0F230,../im/im0239.c,reached,generated
0x01F0F248,im0239_01F0F248,../im/im0239.c,reached,generated
0x01F0F260,im0239_01F0F260,../im/im0239.c,reached,generated
0x01F0F290,im0239_01F0F290,../im/im0239.c,reached,generated
0x01F0F2A8,im0239_01F0F2A8,../im/im0239.c,reached,generated
0x01F0F2C0,im0239_01F0F2C0,../im/im0239.c,reached,generated
0x01F0F2E0,im0239_01F0F2E0,../im/im0239.c,reached,generated
0x01F0F3C0,func_01F0F3C0,,reached,generated
0x01F0F450,func_01F0F450,,reached,generated
0x01F0F468,func_01F0F468,,reached,generated
0x01F0F4E8,im0331_01F0F4E8,../im/im0331.c,reached,generated
0x01F0F800,im0331_01F0F800,../im/im0331.c,reached,generated
0x01F0F888,im0331_01F0F888,../im/im0331.c,reached,generated
0x01F0F920,im0330,../im/im0331.c,reached,solo_string
0x01F0FB60,func_01F0FB60,,reached,generated
0x01F0FBB0,im0341_01F0FBB0,../im/im0341.c,reached,generated
0x01F0FC00,im0341_01F0FC00,../im/im0341.c,reached,generated
0x01F0FC60,im0341_01F0FC60,../im/im0341.c,reached,generated
0x01F0FCD0,im0341_01F0FCD0,../im/im0341.c,reached,generated
0x01F0FDB0,im0341_01F0FDB0,../im/im0341.c,reached,generated
0x01F0FF58,imLocateMoveNervDining,../im/im0341.c,reached,prose_label
0x01F10028,im0341_01F10028,../im/im0341.c,reached,generated
0x01F10068,im0341_01F10068,../im/im0341.c,reached,generated
0x01F10088,im0341_01F10088,../im/im0341.c,reached,generated
0x01F10150,im0341_01F10150,../im/im0341.c,reached,generated
0x01F101A8,im0341_01F101A8,../im/im0341.c,reached,generated
0x01F10280,im0341_01F10280,../im/im0341.c,reached,generated
0x01F102D0,im0341_01F102D0,../im/im0341.c,reached,generated
0x01F10358,im0341_01F10358,../im/im0341.c,reached,generated
0x01F10388,im0341_01F10388,../im/im0341.c,reached,generated
0x01F10500,im0341_01F10500,../im/im0341.c,reached,generated
0x01F10550,im0341_01F10550,../im/im0341.c,reached,generated
0x01F10580,im0341_01F10580,../im/im0341.c,reached,generated
0x01F105B0,im0341_01F105B0,../im/im0341.c,reached,generated
0x01F105E0,im0341_01F105E0,../im/im0341.c,reached,generated
0x01F10680,im0341_01F10680,../im/im0341.c,reached,generated
0x01F10700,imGoAwayEffect,../im/im0341.c,reached,prose_label
0x01F10880,im0341_01F10880,../im/im0341.c,reached,generated
0x01F108E0,imGoAway,../im/im0341.c,reached,solo_string
0x01F10960,func_01F10960,,reached,generated
0x01F10978,func_01F10978,,reached,generated
0x01F10990,func_01F10990,,reached,generated
0x01F109A8,func_01F109A8,,reached,generated
0x01F109C0,func_01F109C0,,reached,generated
0x01F109D8,func_01F109D8,,reached,generated
0x01F109F0,func_01F109F0,,reached,generated
0x01F10A10,im0400_01F10A10,../im/im0400.c,reached,generated
0x01F10AB0,im0400_01F10AB0,../im/im0400.c,reached,generated
0x01F10B00,func_01F10B00,,reached,generated
0x01F10B48,func_01F10B48,,reached,generated
0x01F10B68,func_01F10B68,,reached,generated
0x01F10B80,func_01F10B80,,reached,generated
0x01F10BC8,func_01F10BC8,,reached,generated
0x01F10BE8,im0423_01F10BE8,../im/im0423.c,reached,generated
0x01F10CA8,func_01F10CA8,,reached,generated
0x01F10CC0,func_01F10CC0,,reached,generated
0x01F10CD8,func_01F10CD8,,reached,generated
0x01F10CF0,func_01F10CF0,,reached,generated
0x01F10D08,func_01F10D08,,reached,generated
0x01F10D20,func_01F10D20,,reached,generated
0x01F10D38,func_01F10D38,,reached,generated
0x01F10D50,func_01F10D50,,reached,generated
0x01F10D68,im0447_01F10D68,../im/im0447.c,reached,generated
0x01F10E28,im0447_01F10E28,../im/im0447.c,reached,generated
0x01F10E40,im0447_01F10E40,../im/im0447.c,reached,generated
0x01F10E58,im0447_01F10E58,../im/im0447.c,reached,generated
0x01F10E70,im0447_01F10E70,../im/im0447.c,reached,generated
0x01F10E88,im0447_01F10E88,../im/im0447.c,reached,generated
0x01F10EA0,im0447_01F10EA0,../im/im0447.c,reached,generated
0x01F10EB8,im0447_01F10EB8,../im/im0447.c,reached,generated
0x01F10ED0,im0447_01F10ED0,../im/im0447.c,reached,generated
0x01F10EE8,im0447_01F10EE8,../im/im0447.c,reached,generated
0x01F10F08,im0447_01F10F08,../im/im0447.c,reached,generated
0x01F10F48,im0447_01F10F48,../im/im0447.c,reached,generated
0x01F10F88,im0447_01F10F88,../im/im0447.c,reached,generated
0x01F10FF0,im0447_01F10FF0,../im/im0447.c,reached,generated
0x01F110A8,im0447_01F110A8,../im/im0447.c,reached,generated
0x01F11138,im0447_01F11138,../im/im0447.c,reached,generated
0x01F11150,im0447_01F11150,../im/im0447.c,reached,generated
0x01F112A8,func_01F112A8,,reached,generated
0x01F112E0,func_01F112E0,,reached,generated
0x01F11320,func_01F11320,,reached,generated
0x01F11338,func_01F11338,,reached,generated
0x01F11350,im0492_01F11350,../im/im0492.c,reached,generated
0x01F113C0,im0492_01F113C0,../im/im0492.c,reached,generated
0x01F115C8,func_01F115C8,,reached,generated
0x01F11600,im0501_01F11600,../im/im0501.c,reached,generated
0x01F117B0,func_01F117B0,../im/im0501.c,reached,generated
0x01F11818,func_01F11818,../im/im0501.c,reached,generated
0x01F11840,func_01F11840,../im/im0501.c,reached,generated
0x01F11868,func_01F11868,../im/im0501.c,reached,generated
0x01F11890,func_01F11890,../im/im0501.c,reached,generated
0x01F118C8,func_01F118C8,../im/im0501.c,reached,generated
0x01F11940,func_01F11940,../im/im0501.c,reached,generated
0x01F11988,func_01F11988,../im/im0501.c,reached,generated
0x01F119F8,im0501_01F119F8,../im/im0501.c,reached,generated
0x01F11A90,im0501_01F11A90,../im/im0501.c,reached,generated
0x01F11C78,im0501_01F11C78,../im/im0501.c,reached,generated
0x01F11E18,im0501_01F11E18,../im/im0501.c,reached,generated
0x01F11E60,im0501_01F11E60,../im/im0501.c,reached,generated
0x01F11EE0,im0501_01F11EE0,../im/im0501.c,reached,generated
0x01F11FE8,im0501_01F11FE8,../im/im0501.c,reached,generated
0x01F12228,im0501_01F12228,../im/im0501.c,reached,generated
0x01F12258,im0501_01F12258,../im/im0501.c,reached,generated
0x01F12280,im0501_01F12280,../im/im0501.c,reached,generated
0x01F122E8,im0501_01F122E8,../im/im0501.c,reached,generated
0x01F12490,im0501_01F12490,../im/im0501.c,reached,generated
0x01F12718,im0501_01F12718,../im/im0501.c,reached,generated
0x01F12740,im0501_01F12740,../im/im0501.c,reached,generated
0x01F127C8,im0501_01F127C8,../im/im0501.c,reached,generated
0x01F12828,im0501_01F12828,../im/im0501.c,reached,generated
0x01F12898,im0501_01F12898,../im/im0501.c,reached,generated
0x01F128C8,im0501_01F128C8,../im/im0501.c,reached,generated
0x01F12908,im0501_01F12908,../im/im0501.c,reached,generated
0x01F12950,im0501_01F12950,../im/im0501.c,reached,generated
0x01F12970,im0501_01F12970,../im/im0501.c,reached,generated
0x01F129C0,im0501_01F129C0,../im/im0501.c,reached,generated
0x01F12A38,im0501_01F12A38,../im/im0501.c,reached,generated
0x01F12A58,im0501_01F12A58,../im/im0501.c,reached,generated
0x01F12A80,Do_Not_Enter,../im/im0501.c,reached,prose_label
0x01F12BC0,im0501_01F12BC0,../im/im0501.c,reached,generated
0x01F12C28,im0501_01F12C28,../im/im0501.c,reached,generated
0x01F12CB0,im0501_01F12CB0,../im/im0501.c,reached,generated
0x01F12CD0,im0501_01F12CD0,../im/im0501.c,reached,generated
0x01F12DF8,im0501_01F12DF8,../im/im0501.c,reached,generated
0x01F12E10,im0501_01F12E10,../im/im0501.c,reached,generated
0x01F12E50,im0501_01F12E50,../im/im0501.c,reached,generated
0x01F12F70,im0501_01F12F70,../im/im0501.c,reached,generated
0x01F12FA0,im0501_01F12FA0,../im/im0501.c,reached,generated
0x01F12FD8,im0501_01F12FD8,../im/im0501.c,reached,generated
0x01F13078,im0501_01F13078,../im/im0501.c,reached,generated
0x01F130F0,im0501_01F130F0,../im/im0501.c,reached,generated
0x01F13130,im0501_01F13130,../im/im0501.c,reached,generated
0x01F13300,im0501_01F13300,../im/im0501.c,reached,generated
0x01F13348,im0501_01F13348,../im/im0501.c,reached,generated
0x01F133B0,im0501_01F133B0,../im/im0501.c,reached,generated
0x01F13418,im0501_01F13418,../im/im0501.c,reached,generated
0x01F13440,im0501_01F13440,../im/im0501.c,reached,generated
0x01F13460,im0501_01F13460,../im/im0501.c,reached,generated
0x01F13510,im0501_01F13510,../im/im0501.c,reached,generated
0x01F13588,im0501_01F13588,../im/im0501.c,reached,generated
0x01F136D0,im0501_01F136D0,../im/im0501.c,reached,generated
0x01F13810,FoodGimick,../im/im0501.c,reached,trace_string
0x01F13A68,im0501_01F13A68,../im/im0501.c,reached,generated
0x01F13AF0,im0501_01F13AF0,../im/im0501.c,reached,generated
0x01F13B60,im0501_01F13B60,../im/im0501.c,reached,generated
0x01F13BC0,im0501_01F13BC0,../im/im0501.c,reached,generated
0x01F13CC0,im0501_01F13CC0,../im/im0501.c,reached,generated
0x01F13D10,im0501_01F13D10,../im/im0501.c,reached,generated
0x01F13D70,im0501_01F13D70,../im/im0501.c,reached,generated
0x01F13DC0,im0501_01F13DC0,../im/im0501.c,reached,generated
0x01F13DE8,im0501_01F13DE8,../im/im0501.c,reached,generated
0x01F13E00,im0501_01F13E00,../im/im0501.c,reached,generated
0x01F13E18,im0593,../im/im0501.c,reached,solo_string
0x01F13F30,im0501_01F13F30,../im/im0501.c,reached,generated
0x01F140B8,im0501_01F140B8,../im/im0501.c,reached,generated
0x01F14198,im0501_01F14198,../im/im0501.c,reached,generated
0x01F141C8,RoomOut,../im/im0501.c,reached,prose_label
0x01F14210,im0501_01F14210,../im/im0501.c,reached,generated
0x01F142B8,im0501_01F142B8,../im/im0501.c,reached,generated
0x01F14398,im0501_01F14398,../im/im0501.c,reached,generated
0x01F145F8,im0501_01F145F8,../im/im0501.c,reached,generated
0x01F14648,im0501_01F14648,../im/im0501.c,reached,generated
0x01F146E8,im0501_01F146E8,../im/im0501.c,reached,generated
0x01F14730,im0501_01F14730,../im/im0501.c,reached,generated
0x01F14770,im0501_01F14770,../im/im0501.c,reached,generated
0x01F147D8,im0501_01F147D8,../im/im0501.c,reached,generated
0x01F14B08,im0501_01F14B08,../im/im0501.c,reached,generated
0x01F14BA0,im0501_01F14BA0,../im/im0501.c,reached,generated
0x01F14BF0,im0501_01F14BF0,../im/im0501.c,reached,generated
0x01F14C00,im0501_01F14C00,../im/im0501.c,reached,generated
0x01F14D98,im0501_01F14D98,../im/im0501.c,reached,generated
0x01F14E48,im0501_01F14E48,../im/im0501.c,reached,generated
0x01F14F70,im0501_01F14F70,../im/im0501.c,reached,generated
0x01F14FD0,im0501_01F14FD0,../im/im0501.c,reached,generated
0x01F15080,im0599_pc,../im/im0501.c,reached,solo_string
0x01F15150,im0501_01F15150,../im/im0501.c,reached,generated
0x01F151B0,im0501_01F151B0,../im/im0501.c,reached,generated
0x01F151D0,im0501_01F151D0,../im/im0501.c,reached,generated
0x01F15268,im0501_01F15268,../im/im0501.c,reached,generated
0x01F152C8,im0501_01F152C8,../im/im0501.c,reached,generated
0x01F152D8,im0501_01F152D8,../im/im0501.c,reached,generated
0x01F15458,im0501_01F15458,../im/im0501.c,reached,generated
0x01F155B0,im0501_01F155B0,../im/im0501.c,reached,generated
0x01F15668,target_memory_make,../im/im0501.c,reached,prose_label
0x01F157E8,im0501_01F157E8,../im/im0501.c,reached,generated
0x01F158F0,im0501_01F158F0,../im/im0501.c,unreferenced,generated
0x01F15920,im0501_01F15920,../im/im0501.c,reached,generated
0x01F15988,im0501_01F15988,../im/im0501.c,reached,generated
0x01F159D0,im0501_01F159D0,../im/im0501.c,unreferenced,generated
0x01F15A58,im0501_01F15A58,../im/im0501.c,reached,generated
0x01F15B38,im0501_01F15B38,../im/im0501.c,unreferenced,generated
0x01F15CB0,im0501_01F15CB0,../im/im0501.c,reached,generated
0x01F15CF0,im0501_01F15CF0,../im/im0501.c,reached,generated
0x01F15DE0,im0601_npc,../im/im0501.c,reached,solo_string
0x01F16288,im0501_01F16288,../im/im0501.c,reached,generated
0x01F162D8,im0501_01F162D8,../im/im0501.c,reached,generated
0x01F16338,im0501_01F16338,../im/im0501.c,reached,generated
0x01F163B0,im0501_01F163B0,../im/im0501.c,reached,generated
0x01F16400,im0501_01F16400,../im/im0501.c,reached,generated
0x01F164C0,PlayerRoomOut,../im/im0501.c,reached,prose_label
0x01F16508,im0501_01F16508,../im/im0501.c,reached,generated
0x01F16538,im0501_01F16538,../im/im0501.c,reached,generated
0x01F16650,im0501_01F16650,../im/im0501.c,reached,generated
0x01F16728,im0501_01F16728,../im/im0501.c,reached,generated
0x01F167E8,im0501_01F167E8,../im/im0501.c,reached,generated
0x01F16808,im0501_01F16808,../im/im0501.c,reached,generated
0x01F16830,im0501_01F16830,../im/im0501.c,reached,generated
0x01F16858,im0501_01F16858,../im/im0501.c,reached,generated
0x01F168A8,im0501_01F168A8,../im/im0501.c,reached,generated
0x01F168D0,im0501_01F168D0,../im/im0501.c,reached,generated
0x01F16920,im0501_01F16920,../im/im0501.c,reached,generated
0x01F16988,im0501_01F16988,../im/im0501.c,reached,generated
0x01F16A10,im0501_01F16A10,../im/im0501.c,reached,generated
0x01F16A30,im0501_01F16A30,../im/im0501.c,reached,generated
0x01F16B88,im0501_01F16B88,../im/im0501.c,reached,generated
0x01F16BE8,im0501_01F16BE8,../im/im0501.c,reached,generated
0x01F16D20,im0605_free,../im/im0501.c,reached,solo_string
0x01F16DB8,im0501_01F16DB8,../im/im0501.c,reached,generated
0x01F16E48,im0501_01F16E48,../im/im0501.c,reached,generated
0x01F16E60,im0501_01F16E60,../im/im0501.c,reached,generated
0x01F16E78,im0501_01F16E78,../im/im0501.c,reached,generated
0x01F16E90,im0501_01F16E90,../im/im0501.c,reached,generated
0x01F16EA8,im0501_01F16EA8,../im/im0501.c,reached,generated
0x01F17078,im0501_01F17078,../im/im0501.c,reached,generated
0x01F17110,im0501_01F17110,../im/im0501.c,reached,generated
0x01F17188,im0501_01F17188,../im/im0501.c,reached,generated
0x01F17260,im0501_01F17260,../im/im0501.c,reached,generated
0x01F17320,im0501_01F17320,../im/im0501.c,reached,generated
0x01F17370,im0501_01F17370,../im/im0501.c,reached,generated
0x01F17460,im0501_01F17460,../im/im0501.c,reached,generated
0x01F17498,im0501_01F17498,../im/im0501.c,reached,generated
0x01F17550,im0501_01F17550,../im/im0501.c,reached,generated
0x01F17600,im0501_01F17600,../im/im0501.c,reached,generated
0x01F17688,im0501_01F17688,../im/im0501.c,reached,generated
0x01F178B8,im0501_01F178B8,../im/im0501.c,reached,generated
0x01F17908,im0501_01F17908,../im/im0501.c,reached,generated
0x01F17988,im0501_01F17988,../im/im0501.c,reached,generated
0x01F179E8,im0501_01F179E8,../im/im0501.c,reached,generated
0x01F17A40,im0501_01F17A40,../im/im0501.c,reached,generated
0x01F17A58,im0501_01F17A58,../im/im0501.c,reached,generated
0x01F17A70,im0501_01F17A70,../im/im0501.c,reached,generated
0x01F17A88,im0501_01F17A88,../im/im0501.c,reached,generated
0x01F17AA8,im0501_01F17AA8,../im/im0501.c,reached,generated
0x01F17B78,im0501_01F17B78,../im/im0501.c,reached,generated
0x01F17B90,im0501_01F17B90,../im/im0501.c,reached,generated
0x01F17C78,Shinji_kun,../im/im0501.c,reached,prose_label
0x01F17CC8,im0501_01F17CC8,../im/im0501.c,reached,generated
0x01F17DB0,im0501_01F17DB0,../im/im0501.c,reached,generated
0x01F17FF0,im0687_01F17FF0,../im/im0687.c,reached,generated
0x01F18080,im0687_01F18080,../im/im0687.c,reached,generated
0x01F18208,im0687_01F18208,../im/im0687.c,reached,generated
0x01F182D0,im0687_01F182D0,../im/im0687.c,reached,generated
0x01F18378,im0687_01F18378,../im/im0687.c,reached,generated
0x01F183F0,im0687_01F183F0,../im/im0687.c,reached,generated
0x01F18438,im0738,../im/im0687.c,reached,solo_string
0x01F18490,im0687_01F18490,../im/im0687.c,reached,generated
0x01F184E0,im0687_01F184E0,../im/im0687.c,reached,generated
0x01F18540,im0687_01F18540,../im/im0687.c,reached,generated
0x01F185C0,im0687_01F185C0,../im/im0687.c,reached,generated
0x01F18688,im0687_01F18688,../im/im0687.c,reached,generated
0x01F18758,im0687_01F18758,../im/im0687.c,reached,generated
0x01F18798,im0687_01F18798,../im/im0687.c,reached,generated
0x01F18848,im0687_01F18848,../im/im0687.c,reached,generated
0x01F18878,im0687_01F18878,../im/im0687.c,reached,generated
0x01F18880,im0687_01F18880,../im/im0687.c,reached,generated
0x01F18888,im0687_01F18888,../im/im0687.c,reached,generated
0x01F18890,im0687_01F18890,../im/im0687.c,reached,generated
0x01F18898,im0687_01F18898,../im/im0687.c,reached,generated
0x01F188A0,im0687_01F188A0,../im/im0687.c,reached,generated
0x01F188A8,im0687_01F188A8,../im/im0687.c,reached,generated
0x01F188B0,im0687_01F188B0,../im/im0687.c,reached,generated
0x01F188B8,im0687_01F188B8,../im/im0687.c,reached,generated
0x01F188C0,im0687_01F188C0,../im/im0687.c,reached,generated
0x01F188C8,im0687_01F188C8,../im/im0687.c,reached,generated
0x01F188D0,im0687_01F188D0,../im/im0687.c,reached,generated
0x01F188D8,im0687_01F188D8,../im/im0687.c,reached,generated
0x01F18920,im0687_01F18920,../im/im0687.c,reached,generated
0x01F18980,im0687_01F18980,../im/im0687.c,reached,generated
0x01F18A20,im0687_01F18A20,../im/im0687.c,reached,generated
0x01F18AF0,im0687_01F18AF0,../im/im0687.c,reached,generated
0x01F18B30,im0687_01F18B30,../im/im0687.c,reached,generated
0x01F18B78,im0687_01F18B78,../im/im0687.c,reached,generated
0x01F18DE0,im0687_01F18DE0,../im/im0687.c,reached,generated
0x01F18E20,im0687_01F18E20,../im/im0687.c,reached,generated
0x01F18FE0,im0687_01F18FE0,../im/im0687.c,reached,generated
0x01F19030,im0687_01F19030,../im/im0687.c,reached,generated
0x01F19050,im0687_01F19050,../im/im0687.c,reached,generated
0x01F19288,im0687_01F19288,../im/im0687.c,reached,generated
0x01F192C8,im0687_01F192C8,../im/im0687.c,reached,generated
0x01F19398,im0687_01F19398,../im/im0687.c,reached,generated
0x01F194A0,im0687_01F194A0,../im/im0687.c,reached,generated
0x01F194D8,im0687_01F194D8,../im/im0687.c,reached,generated
0x01F19520,im0687_01F19520,../im/im0687.c,reached,generated
0x01F195C8,im0687_01F195C8,../im/im0687.c,reached,generated
0x01F19728,im0687_01F19728,../im/im0687.c,reached,generated
0x01F19740,im0687_01F19740,../im/im0687.c,reached,generated
0x01F19758,im0687_01F19758,../im/im0687.c,reached,generated
0x01F19870,im0687_01F19870,../im/im0687.c,reached,generated
0x01F19988,im0687_01F19988,../im/im0687.c,reached,generated
0x01F19A68,im0687_01F19A68,../im/im0687.c,reached,generated
0x01F19A98,im0687_01F19A98,../im/im0687.c,reached,generated
0x01F19B28,im0687_01F19B28,../im/im0687.c,reached,generated
0x01F19C58,im0687_01F19C58,../im/im0687.c,reached,generated
0x01F19C78,im0687_01F19C78,../im/im0687.c,reached,generated
0x01F19CA8,im0687_01F19CA8,../im/im0687.c,reached,generated
0x01F19CC8,im0687_01F19CC8,../im/im0687.c,reached,generated
0x01F19CF8,im0687_01F19CF8,../im/im0687.c,reached,generated
0x01F19D18,im0687_01F19D18,../im/im0687.c,reached,generated
0x01F19D48,im0687_01F19D48,../im/im0687.c,reached,generated
0x01F19D68,im0687_01F19D68,../im/im0687.c,reached,generated
0x01F19D88,im0687_01F19D88,../im/im0687.c,reached,generated
0x01F19E40,im0687_01F19E40,../im/im0687.c,reached,generated
0x01F19E60,im0687_01F19E60,../im/im0687.c,reached,generated
0x01F19E78,im0687_01F19E78,../im/im0687.c,reached,generated
0x01F19EC0,im0687_01F19EC0,../im/im0687.c,reached,generated
0x01F19F08,im0687_01F19F08,../im/im0687.c,reached,generated
0x01F19FE8,im0687_01F19FE8,../im/im0687.c,reached,generated
0x01F1A010,im0687_01F1A010,../im/im0687.c,reached,generated
0x01F1A188,im0687_01F1A188,../im/im0687.c,reached,generated
0x01F1A1A8,im0687_01F1A1A8,../im/im0687.c,reached,generated
0x01F1A2A0,No_documents_or_IDs_currently_forgeable,../im/im0687.c,reached,prose_label
0x01F1A548,im0687_01F1A548,../im/im0687.c,reached,generated
0x01F1A658,im0687_01F1A658,../im/im0687.c,reached,generated
0x01F1A6B8,im0687_01F1A6B8,../im/im0687.c,reached,generated
0x01F1A7A8,im0687_01F1A7A8,../im/im0687.c,reached,generated
0x01F1A9C0,im0687_01F1A9C0,../im/im0687.c,reached,generated
0x01F1AB28,im0687_01F1AB28,../im/im0687.c,reached,generated
0x01F1AB68,im0687_01F1AB68,../im/im0687.c,reached,generated
0x01F1AB80,im0687_01F1AB80,../im/im0687.c,reached,generated
0x01F1ABE0,im0687_01F1ABE0,../im/im0687.c,reached,generated
0x01F1AC08,im0687_01F1AC08,../im/im0687.c,reached,generated
0x01F1AC38,Inventory_is_full,../im/im0687.c,reached,prose_label
0x01F1AD38,im0687_01F1AD38,../im/im0687.c,reached,generated
0x01F1AD58,im0687_01F1AD58,../im/im0687.c,unreferenced,generated
0x01F1ADA8,im0687_01F1ADA8,../im/im0687.c,reached,generated
0x01F1ADC8,im0687_01F1ADC8,../im/im0687.c,reached,generated
0x01F1AE20,im0687_01F1AE20,../im/im0687.c,reached,generated
0x01F1AE40,im0687_01F1AE40,../im/im0687.c,reached,generated
0x01F1AE58,im0687_01F1AE58,../im/im0687.c,reached,generated
0x01F1AE80,im0687_01F1AE80,../im/im0687.c,reached,generated
0x01F1AED8,im0687_01F1AED8,../im/im0687.c,reached,generated
0x01F1AF30,im0687_01F1AF30,../im/im0687.c,reached,generated
0x01F1AFD0,gmCharaItemSize_cid,../im/im0809.c,reached,prose_label
0x01F1B0A0,imTeachMysteryGet,../im/im0809.c,reached,trace_string
0x01F1B1A8,im0811_01F1B1A8,../im/im0811.c,reached,generated
0x01F1B2E0,im0811_01F1B2E0,../im/im0811.c,reached,generated
0x01F1B418,im0811_01F1B418,../im/im0811.c,reached,generated
0x01F1B438,im0811_01F1B438,../im/im0811.c,reached,generated
0x01F1B518,im0811_01F1B518,../im/im0811.c,reached,generated
0x01F1B538,im0811_01F1B538,../im/im0811.c,reached,generated
0x01F1B5C0,im0811_01F1B5C0,../im/im0811.c,reached,generated
0x01F1B6C8,im0811_01F1B6C8,../im/im0811.c,reached,generated
0x01F1B6E0,im0811_01F1B6E0,../im/im0811.c,reached,generated
0x01F1B700,im0811_01F1B700,../im/im0811.c,reached,generated
0x01F1B758,im0811_01F1B758,../im/im0811.c,reached,generated
0x01F1B7C8,im0811_01F1B7C8,../im/im0811.c,reached,generated
0x01F1B920,im0811_01F1B920,../im/im0811.c,reached,generated
0x01F1B938,im0811_01F1B938,../im/im0811.c,reached,generated
0x01F1B950,im0811_01F1B950,../im/im0811.c,reached,generated
0x01F1BB00,im0811_01F1BB00,../im/im0811.c,reached,generated
0x01F1BC10,im0811_01F1BC10,../im/im0811.c,reached,generated
0x01F1BC60,im0811_01F1BC60,../im/im0811.c,reached,generated
0x01F1BCA8,im0811_01F1BCA8,../im/im0811.c,reached,generated
0x01F1BE60,im0811_01F1BE60,../im/im0811.c,reached,generated
0x01F1BE80,im0811_01F1BE80,../im/im0811.c,reached,generated
0x01F1BEC8,im0811_01F1BEC8,../im/im0811.c,reached,generated
0x01F1C010,im0811_01F1C010,../im/im0811.c,reached,generated
0x01F1C068,im0811_01F1C068,../im/im0811.c,reached,generated
0x01F1C090,im0811_01F1C090,../im/im0811.c,reached,generated
0x01F1C0E0,im0811_01F1C0E0,../im/im0811.c,reached,generated
0x01F1C150,im0811_01F1C150,../im/im0811.c,reached,generated
0x01F1C168,im0811_01F1C168,../im/im0811.c,reached,generated
0x01F1C180,im0811_01F1C180,../im/im0811.c,reached,generated
0x01F1C198,im0811_01F1C198,../im/im0811.c,reached,generated
0x01F1C1B0,im0811_01F1C1B0,../im/im0811.c,reached,generated
0x01F1C1C8,im0811_01F1C1C8,../im/im0811.c,reached,generated
0x01F1C1E0,im0811_01F1C1E0,../im/im0811.c,reached,generated
0x01F1C2B0,im0811_01F1C2B0,../im/im0811.c,reached,generated
0x01F1C2D0,im0811_01F1C2D0,../im/im0811.c,reached,generated
0x01F1C2F8,im0811_01F1C2F8,../im/im0811.c,reached,generated
0x01F1C320,im0811_01F1C320,../im/im0811.c,reached,generated
0x01F1C370,im0811_01F1C370,../im/im0811.c,reached,generated
0x01F1C7B0,im0811_01F1C7B0,../im/im0811.c,reached,generated
0x01F1C820,im0811_01F1C820,../im/im0811.c,reached,generated
0x01F1C990,im0811_01F1C990,../im/im0811.c,reached,generated
0x01F1CBF0,im0811_01F1CBF0,../im/im0811.c,reached,generated
0x01F1CC60,im0811_01F1CC60,../im/im0811.c,reached,generated
0x01F1CD88,im0811_01F1CD88,../im/im0811.c,reached,generated
0x01F1D028,im0811_01F1D028,../im/im0811.c,reached,generated
0x01F1D0B8,im0811_01F1D0B8,../im/im0811.c,reached,generated
0x01F1D2A8,im0811_01F1D2A8,../im/im0811.c,reached,generated
0x01F1D548,im0811_01F1D548,../im/im0811.c,reached,generated
0x01F1D5D8,im0811_01F1D5D8,../im/im0811.c,reached,generated
0x01F1D7C8,im0811_01F1D7C8,../im/im0811.c,reached,generated
0x01F1DA68,im0915_01F1DA68,../im/im0915.c,reached,generated
0x01F1DAD8,im0915_01F1DAD8,../im/im0915.c,reached,generated
0x01F1DBF8,im0915_01F1DBF8,../im/im0915.c,reached,generated
0x01F1DC60,im0915_01F1DC60,../im/im0915.c,reached,generated
0x01F1DD70,im0915_01F1DD70,../im/im0915.c,reached,generated
0x01F1DDD8,im0915_01F1DDD8,../im/im0915.c,reached,generated
0x01F1DEE8,im0915_01F1DEE8,../im/im0915.c,reached,generated
0x01F1DF18,im0915_01F1DF18,../im/im0915.c,reached,generated
0x01F1DF68,im0915_01F1DF68,../im/im0915.c,reached,generated
0x01F1DFA0,im0915_01F1DFA0,../im/im0915.c,reached,generated
0x01F1E070,im0915_01F1E070,../im/im0915.c,reached,generated
0x01F1E0B0,im0915_01F1E0B0,../im/im0915.c,reached,generated
0x01F1E0C8,im0915_01F1E0C8,../im/im0915.c,reached,generated
0x01F1E100,im0915_01F1E100,../im/im0915.c,reached,generated
0x01F1E118,im0915_01F1E118,../im/im0915.c,reached,generated
0x01F1E130,im0915_01F1E130,../im/im0915.c,reached,generated
0x01F1E148,im0915_01F1E148,../im/im0915.c,reached,generated
0x01F1E160,im0915_01F1E160,../im/im0915.c,reached,generated
0x01F1E1C0,bgm_Music,../im/im0915.c,reached,menu_label
0x01F1E430,im0915_01F1E430,../im/im0915.c,reached,generated
0x01F1E438,im0915_01F1E438,../im/im0915.c,reached,generated
0x01F1E570,im0915_01F1E570,../im/im0915.c,reached,generated
0x01F1E580,AnnoHideakiFreeAbort,../im/im0915.c,reached,prose_label
0x01F1E5B0,im0915_01F1E5B0,../im/im0915.c,reached,generated
0x01F1E5C0,im0915_01F1E5C0,../im/im0915.c,reached,generated
0x01F1E5D8,im0915_01F1E5D8,../im/im0915.c,reached,generated
0x01F1E5F0,im0915_01F1E5F0,../im/im0915.c,reached,generated
0x01F1E6A8,im0915_01F1E6A8,../im/im0915.c,reached,generated
0x01F1E6D0,im0915_01F1E6D0,../im/im0915.c,reached,generated
0x01F1E6F8,im0915_01F1E6F8,../im/im0915.c,reached,generated
0x01F1E708,im0915_01F1E708,../im/im0915.c,unreferenced,generated
0x01F1E788,usb_recv_confirm,../im/im0915.c,reached,prose_label
0x01F1E8B8,Invalid_data,../im/im0915.c,reached,prose_label
0x01F1E928,usb_recv_map,../im/im0915.c,reached,prose_label
0x01F1EAA8,im0915_01F1EAA8,../im/im0915.c,reached,generated
0x01F1EC48,im0915_01F1EC48,../im/im0915.c,reached,generated
0x01F1ED10,im0915_01F1ED10,../im/im0915.c,reached,generated
0x01F1EDE0,im0915_01F1EDE0,../im/im0915.c,reached,generated
0x01F1EE00,im0915_01F1EE00,../im/im0915.c,reached,generated
0x01F1EE20,return,../im/im0915.c,reached,menu_label
0x01F1EE88,talk,../im/im0915.c,reached,menu_label
0x01F1EEB0,face,../im/im0915.c,reached,menu_label
0x01F1EEF0,faceoff,../im/im0915.c,reached,menu_label
0x01F1EF30,look,../im/im0915.c,reached,menu_label
0x01F1EFA8,move,../im/im0915.c,reached,menu_label
0x01F1F040,motion,../im/im0915.c,reached,menu_label
0x01F1F080,effect,../im/im0915.c,reached,menu_label
0x01F1F0C8,charlook,../im/im0915.c,reached,menu_label
0x01F1F118,charmove,../im/im0915.c,reached,menu_label
0x01F1F190,fadeout,../im/im0915.c,reached,menu_label
0x01F1F1E8,getimprev,../im/im0915.c,reached,menu_label
0x01F1F238,time,../im/im0915.c,reached,menu_label
0x01F1F290,wait,../im/im0915.c,reached,menu_label
0x01F1F2D0,hold,../im/im0915.c,reached,menu_label
0x01F1F310,func,../im/im0915.c,reached,menu_label
0x01F1F328,fadein,../im/im0915.c,reached,menu_label
0x01F1F340,ifgoto,../im/im0915.c,reached,menu_label
0x01F1F358,body,../im/im0915.c,reached,menu_label
0x01F1F370,head,../im/im0915.c,reached,menu_label
0x01F1F388,headoff,../im/im0915.c,reached,menu_label
0x01F1F3E0,im0915_01F1F3E0,../im/im0915.c,reached,generated
0x01F1F460,im0915_01F1F460,../im/im0915.c,reached,generated
0x01F1F470,im0915_01F1F470,../im/im0915.c,reached,generated
0x01F1F4A8,im0915_01F1F4A8,../im/im0915.c,reached,generated
0x01F1F4D0,im0915_01F1F4D0,../im/im0915.c,reached,generated
0x01F1F4F8,im0915_01F1F4F8,../im/im0915.c,reached,generated
0x01F1F5B0,im0915_01F1F5B0,../im/im0915.c,reached,generated
0x01F1F660,im0915_01F1F660,../im/im0915.c,reached,generated
0x01F1F890,im0915_01F1F890,../im/im0915.c,reached,generated
0x01F1F990,im0915_01F1F990,../im/im0915.c,reached,generated
0x01F1F9B8,im0915_01F1F9B8,../im/im0915.c,reached,generated
0x01F1FA18,im0915_01F1FA18,../im/im0915.c,reached,generated
0x01F1FBE0,im0915_01F1FBE0,../im/im0915.c,reached,generated
0x01F1FBF0,im0915_01F1FBF0,../im/im0915.c,reached,generated
0x01F1FC80,im0915_01F1FC80,../im/im0915.c,reached,generated
0x01F1FDE8,im0915_01F1FDE8,../im/im0915.c,reached,generated
0x01F1FE28,im0915_01F1FE28,../im/im0915.c,reached,generated
0x01F1FE98,im0915_01F1FE98,../im/im0915.c,reached,generated
0x01F1FEF0,freeinit_event_launch,../im/im0915.c,reached,prose_label
0x01F1FF88,im0915_01F1FF88,../im/im0915.c,reached,generated
0x01F200E8,im0915_01F200E8,../im/im0915.c,reached,generated
0x01F20170,im0915_01F20170,../im/im0915.c,reached,generated
0x01F20178,sys_Dir_Anno,../im/im0915.c,reached,menu_label
0x01F20200,im0915_01F20200,../im/im0915.c,reached,generated
0x01F202B0,im0915_01F202B0,../im/im0915.c,reached,generated
0x01F20440,im0915_01F20440,../im/im0915.c,unreferenced,generated
0x01F20480,im0915_01F20480,../im/im0915.c,reached,generated
0x01F204C0,im0915_01F204C0,../im/im0915.c,reached,generated
0x01F20500,im0915_01F20500,../im/im0915.c,reached,generated
0x01F20540,im0915_01F20540,../im/im0915.c,reached,generated
0x01F20580,im0915_01F20580,../im/im0915.c,reached,generated
0x01F205C0,im0915_01F205C0,../im/im0915.c,reached,generated
0x01F20600,im0915_01F20600,../im/im0915.c,reached,generated
0x01F20640,im0915_01F20640,../im/im0915.c,reached,generated
0x01F20680,im0915_01F20680,../im/im0915.c,reached,generated
0x01F206C0,im0915_01F206C0,../im/im0915.c,reached,generated
0x01F20750,im0915_01F20750,../im/im0915.c,reached,generated
0x01F20770,im0915_01F20770,../im/im0915.c,reached,generated
0x01F20C48,im0915_01F20C48,../im/im0915.c,reached,generated
0x01F20C60,im0915_01F20C60,../im/im0915.c,reached,generated
0x01F20CA8,im0915_01F20CA8,../im/im0915.c,unreferenced,generated
0x01F20CD8,im0915_01F20CD8,../im/im0915.c,reached,generated
0x01F20D00,im0915_01F20D00,../im/im0915.c,reached,generated
0x01F20D40,im0915_01F20D40,../im/im0915.c,reached,generated
0x01F20E10,im0915_01F20E10,../im/im0915.c,reached,generated
0x01F20F20,im0915_01F20F20,../im/im0915.c,reached,generated
0x01F20F40,Please_Specify_Next_Mode,../im/im0915.c,reached,prose_label
0x01F20FF8,im0915_01F20FF8,../im/im0915.c,unreferenced,generated
0x01F21020,im0915_01F21020,../im/im0915.c,reached,generated
0x01F211D8,im0915_01F211D8,../im/im0915.c,reached,generated
0x01F21378,im0915_01F21378,../im/im0915.c,reached,generated
0x01F215B0,im0915_01F215B0,../im/im0915.c,reached,generated
0x01F215B8,im0915_01F215B8,../im/im0915.c,reached,generated
0x01F215D8,im0915_01F215D8,../im/im0915.c,reached,generated
0x01F216C0,im0915_01F216C0,../im/im0915.c,reached,generated
0x01F216D8,im0915_01F216D8,../im/im0915.c,reached,generated
0x01F216F0,im0915_01F216F0,../im/im0915.c,reached,generated
0x01F217F0,im0915_01F217F0,../im/im0915.c,reached,generated
0x01F21818,im0915_01F21818,../im/im0915.c,reached,generated
0x01F21A38,im0915_01F21A38,../im/im0915.c,reached,generated
0x01F21B80,If_You_Could_Advance_Time,../im/im0915.c,reached,menu_label
0x01F21C30,Walk_speed,../im/im0915.c,reached,prose_label
0x01F21C68,Dent_Walk_Speed,../im/im0915.c,reached,prose_label
0x01F21CA0,Run_Speed,../im/im0915.c,reached,prose_label
0x01F21CD8,Backward_Speed,../im/im0915.c,reached,prose_label
0x01F21D10,SideSpd,../im/im0915.c,reached,prose_label
0x01F21D48,Motion_Speed,../im/im0915.c,reached,prose_label
0x01F21D78,im0915_01F21D78,../im/im0915.c,reached,generated
0x01F21F58,How_Much_To_Modify,../im/im0915.c,reached,prose_label
0x01F220A8,im0915_01F220A8,../im/im0915.c,reached,generated
0x01F22118,im0915_01F22118,../im/im0915.c,reached,generated
0x01F22310,im0915_01F22310,../im/im0915.c,reached,generated
0x01F22338,im0915_01F22338,../im/im0915.c,reached,generated
0x01F22360,im0915_01F22360,../im/im0915.c,reached,generated
0x01F223C0,im0915_01F223C0,../im/im0915.c,reached,generated
0x01F22488,im0915_01F22488,../im/im0915.c,reached,generated
0x01F224C0,Change_AT,../im/im0915.c,reached,prose_label
0x01F22568,Look_At_Other_System,../im/im0915.c,reached,prose_label
0x01F225E0,Chara_Rim_Light,../im/im0915.c,reached,prose_label
0x01F22610,Whose_Model_To_Use,../im/im0915.c,reached,prose_label
0x01F226C0,im0915_01F226C0,../im/im0915.c,reached,generated
0x01F227E8,im0915_01F227E8,../im/im0915.c,reached,generated
0x01F22A20,View_IM_Parameters,../im/im0915.c,reached,prose_label
0x01F22B08,im0915_01F22B08,../im/im0915.c,reached,generated
0x01F22C20,freedbg_01F22C20,freedbg.c,reached,generated
0x01F22FF0,View_start_point_params,freedbg.c,reached,prose_label
0x01F230D8,Who_To_Make_High_Tension,freedbg.c,reached,prose_label
0x01F23178,Who_To_Make_Depressed,freedbg.c,reached,prose_label
0x01F23210,Disable_Player_Interrupts,freedbg.c,reached,prose_label
0x01F232D0,Disable_Camera_Near_Transparency,freedbg.c,reached,prose_label
0x01F23348,Whose_Memory_To_Dump,freedbg.c,reached,prose_label
0x01F233C0,freedbg_01F233C0,freedbg.c,reached,generated
0x01F23598,freedbg_01F23598,freedbg.c,reached,generated
0x01F23720,freedbg_01F23720,freedbg.c,reached,generated
0x01F238D0,Cannot_Go_To_That_Map,freedbg.c,reached,prose_label
0x01F23A48,freedbg_01F23A48,freedbg.c,reached,generated
0x01F23C50,freedbg_01F23C50,freedbg.c,reached,generated
0x01F23D18,freedbg_01F23D18,freedbg.c,reached,generated
0x01F23D70,freedbg_01F23D70,freedbg.c,reached,generated
0x01F23EA8,freedbg_01F23EA8,freedbg.c,reached,generated
0x01F23F20,freedbg_01F23F20,freedbg.c,reached,generated
0x01F23FF0,freedbg_01F23FF0,freedbg.c,reached,generated
0x01F24108,Make_NPCs_Only_Able_To_Move,freedbg.c,reached,prose_label
0x01F24180,Enable_Auto_Play_Mode,freedbg.c,reached,prose_label
0x01F24208,Free_Experiment,freedbg.c,reached,menu_label
0x01F24240,free_debug_actionbooking,freedbg.c,reached,recovered
0x01F24640,freedbg_01F24640,freedbg.c,reached,generated
0x01F24A80,freedbg_01F24A80,freedbg.c,reached,generated
0x01F24B40,freedbg_01F24B40,freedbg.c,reached,generated
0x01F24D18,freedbg_01F24D18,freedbg.c,reached,generated
0x01F24D30,freedbg_01F24D30,freedbg.c,reached,generated
0x01F24E10,freedbg_01F24E10,freedbg.c,reached,generated
0x01F24E28,freedbg_01F24E28,freedbg.c,reached,generated
0x01F24E88,freedbg_01F24E88,freedbg.c,reached,generated
0x01F252A8,freedbg_01F252A8,freedbg.c,reached,generated
0x01F252D0,freedbg_01F252D0,freedbg.c,reached,generated
0x01F253B0,freedbg_01F253B0,freedbg.c,reached,generated
0x01F25488,Can_t_undo,freedbg.c,reached,prose_label
0x01F256F8,Start_Event_Peek,freedbg.c,reached,menu_label
0x01F257D8,Battle_Event,freedbg.c,reached,menu_label
0x01F25850,Non_Play_Battle,freedbg.c,reached,menu_label
0x01F258C8,freedbg_01F258C8,freedbg.c,reached,generated
0x01F25940,Free_Event_Peek,freedbg.c,reached,menu_label
0x01F259B8,Ending_Peek,freedbg.c,reached,menu_label
0x01F25A30,freedbg_01F25A30,freedbg.c,reached,generated
0x01F25AA8,freedbg_01F25AA8,freedbg.c,reached,generated
0x01F25BB0,freedbg_01F25BB0,freedbg.c,reached,generated
0x01F25C88,freedbg_01F25C88,freedbg.c,reached,generated
0x01F25D28,freedbg_01F25D28,freedbg.c,reached,generated
0x01F25E48,freedbg_01F25E48,freedbg.c,reached,generated
0x01F260E0,freedbg_01F260E0,freedbg.c,reached,generated
0x01F26258,freedbg_01F26258,freedbg.c,reached,generated
0x01F264C8,Enable_Auto_Camera_Switching,freedbg.c,reached,prose_label
0x01F26550,freedbg_01F26550,freedbg.c,reached,generated
0x01F265D0,Whose_Lights_To_Modify,freedbg.c,reached,prose_label
0x01F26680,Baseline_Settings,freedbg.c,reached,prose_label
0x01F269B0,freedbg_01F269B0,freedbg.c,reached,generated
0x01F26A30,freedbg_01F26A30,freedbg.c,reached,generated
0x01F26AB0,freedbg_01F26AB0,freedbg.c,unreferenced,generated
0x01F26AC0,freedbg_01F26AC0,freedbg.c,reached,generated
0x01F26AD0,free_debug_extmove,freedbg.c,unreferenced,recovered
0x01F26B00,Restore_Satiation,freedbg.c,reached,prose_label
0x01F26BA0,freedbg_01F26BA0,freedbg.c,reached,generated
0x01F26C98,freedbg_01F26C98,freedbg.c,unreferenced,generated
0x01F26CE8,freedbg_01F26CE8,freedbg.c,reached,generated
0x01F26D98,free_debug_timeslipshoppingdance,freedbg.c,reached,recovered
0x01F26DE0,freedbg_01F26DE0,freedbg.c,reached,generated
0x01F26E58,freedbg_01F26E58,freedbg.c,reached,generated
0x01F26E98,freedbg_01F26E98,freedbg.c,reached,generated
0x01F26EC0,freedbg_01F26EC0,freedbg.c,reached,generated
0x01F26F88,freedbg_01F26F88,freedbg.c,reached,generated
0x01F26FB0,freedbg_01F26FB0,freedbg.c,reached,generated
0x01F27088,freedbg_01F27088,freedbg.c,reached,generated
0x01F270E0,freedbg_01F270E0,freedbg.c,reached,generated
0x01F273C8,freedbg_01F273C8,freedbg.c,reached,generated
0x01F27490,free_debug_motion_play,freedbg.c,reached,recovered
0x01F27538,freedbg_01F27538,freedbg.c,reached,generated
0x01F27568,freedbg_01F27568,freedbg.c,reached,generated
0x01F27608,free_debug_kokoro_labyrinth_test,freedbg.c,reached,recovered
0x01F27810,freedbg_01F27810,freedbg.c,reached,generated
0x01F278A0,Thoughts_Restarted,freedbg.c,reached,prose_label
0x01F278C8,freedbg_01F278C8,freedbg.c,reached,generated
0x01F27A50,freedbg_01F27A50,freedbg.c,reached,generated
0x01F27AB8,freedbg_01F27AB8,freedbg.c,unreferenced,generated
0x01F27AD0,freedbg_01F27AD0,freedbg.c,reached,generated
0x01F27CC8,freedbg_01F27CC8,freedbg.c,reached,generated
0x01F27E88,freedbg_01F27E88,freedbg.c,reached,generated
0x01F27EA0,freedbg_01F27EA0,freedbg.c,reached,generated
0x01F281B8,freedbg_01F281B8,freedbg.c,reached,generated
0x01F28200,freedbg_01F28200,freedbg.c,reached,generated
0x01F282E0,freedbg_01F282E0,freedbg.c,reached,generated
0x01F28320,freedbg_01F28320,freedbg.c,reached,generated
0x01F283D8,freedbg_01F283D8,freedbg.c,reached,generated
0x01F28490,Pending_evt,freedbg.c,reached,prose_label
0x01F28688,freedbg_01F28688,freedbg.c,reached,generated
0x01F286F8,freedbg_01F286F8,freedbg.c,reached,generated
0x01F28788,free_debug_chara_param,freedbg.c,reached,recovered
0x01F28FB0,freedbg_01F28FB0,freedbg.c,reached,generated
0x01F290A8,freedbg_01F290A8,freedbg.c,reached,generated
0x01F29218,freedbg_01F29218,freedbg.c,reached,generated
0x01F293C0,freedbg_01F293C0,freedbg.c,reached,generated
0x01F29468,freedbg_01F29468,freedbg.c,reached,generated
0x01F294D8,freedbg_01F294D8,freedbg.c,reached,generated
0x01F296C8,freedbg_01F296C8,freedbg.c,reached,generated
0x01F29808,free_debug_keitaidenwa,freedbg.c,reached,recovered
0x01F298C0,freedbg_01F298C0,freedbg.c,reached,generated
0x01F29908,freedbg_01F29908,freedbg.c,reached,generated
0x01F29968,freedbg_01F29968,freedbg.c,reached,generated
0x01F299B8,freedbg_01F299B8,freedbg.c,reached,generated
0x01F29A08,freedbg_01F29A08,freedbg.c,reached,generated
0x01F29A58,freedbg_01F29A58,freedbg.c,reached,generated
0x01F29BA0,freedbg_01F29BA0,freedbg.c,reached,generated
0x01F29CC0,freedbg_01F29CC0,freedbg.c,reached,generated
0x01F29F38,freedbg_01F29F38,freedbg.c,reached,generated
0x01F29F60,freedbg_01F29F60,freedbg.c,reached,generated
0x01F29F88,freedbg_01F29F88,freedbg.c,unreferenced,generated
0x01F29FB0,freedbg_01F29FB0,freedbg.c,reached,generated
0x01F2A008,freedbg_01F2A008,freedbg.c,reached,generated
0x01F2A050,Free_Mode_Count_Change,freedbg.c,reached,menu_label
0x01F2A0E8,freedbg_01F2A0E8,freedbg.c,reached,generated
0x01F2A350,freedbg_01F2A350,freedbg.c,reached,generated
0x01F2A398,freedbg_01F2A398,freedbg.c,reached,generated
0x01F2A3A0,freedbg_01F2A3A0,freedbg.c,reached,generated
0x01F2A4B8,freedbg_01F2A4B8,freedbg.c,reached,generated
0x01F2A6C8,freedbg_01F2A6C8,freedbg.c,reached,generated
0x01F2A710,freedbg_01F2A710,freedbg.c,reached,generated
0x01F2A7C0,freedbg_01F2A7C0,freedbg.c,reached,generated
0x01F2A808,freedbg_01F2A808,freedbg.c,reached,generated
0x01F2AD10,freedbg_01F2AD10,freedbg.c,reached,generated
0x01F2AD38,freedbg_01F2AD38,freedbg.c,reached,generated
0x01F2AF20,freedbg_01F2AF20,freedbg.c,reached,generated
0x01F2B020,freedbg_01F2B020,freedbg.c,reached,generated
0x01F2B098,freedbg_01F2B098,freedbg.c,reached,generated
0x01F2B0E0,freedbg_01F2B0E0,freedbg.c,reached,generated
0x01F2B460,freedbg_01F2B460,freedbg.c,reached,generated
0x01F2B538,freedbg_01F2B538,freedbg.c,reached,generated
0x01F2B5B0,freedbg_01F2B5B0,freedbg.c,reached,generated
0x01F2B5E8,School,freedbg.c,reached,prose_label
0x01F2B5F8,freedbg_01F2B5F8,freedbg.c,reached,generated
0x01F2B608,freedbg_01F2B608,freedbg.c,reached,generated
0x01F2B618,freedbg_01F2B618,freedbg.c,reached,generated
0x01F2B628,freedbg_01F2B628,freedbg.c,reached,generated
0x01F2B638,freedbg_01F2B638,freedbg.c,reached,generated
0x01F2B648,freedbg_01F2B648,freedbg.c,reached,generated
0x01F2B658,freedbg_01F2B658,freedbg.c,reached,generated
0x01F2B668,freedbg_01F2B668,freedbg.c,unreferenced,generated
0x01F2B670,freedbg_01F2B670,freedbg.c,reached,generated
0x01F2B6A0,freedbg_01F2B6A0,freedbg.c,reached,generated
0x01F2B6D0,freedbg_01F2B6D0,freedbg.c,reached,generated
0x01F2B7F8,freedbg_01F2B7F8,freedbg.c,reached,generated
0x01F2B8B8,freedbg_01F2B8B8,freedbg.c,reached,generated
0x01F2B9E0,freedbg_01F2B9E0,freedbg.c,reached,generated
0x01F2BE80,freedbg_01F2BE80,freedbg.c,reached,generated
0x01F2BF98,freedbg_01F2BF98,freedbg.c,reached,generated
0x01F2C068,freedbg_01F2C068,freedbg.c,reached,generated
0x01F2C148,freedbg_01F2C148,freedbg.c,unreferenced,generated
0x01F2C160,freedbg_01F2C160,freedbg.c,reached,generated
0x01F2C310,freedbg_01F2C310,freedbg.c,reached,generated
0x01F2C440,Battle_debug_switch,freedbg.c,reached,menu_label
0x01F2C4A0,freedbg_01F2C4A0,freedbg.c,reached,generated
0x01F2C500,free_debug_fvchara,freedbg.c,reached,recovered
0x01F2C7B0,Memory_State,freedbg.c,reached,menu_label
0x01F2C878,freedbg_01F2C878,freedbg.c,reached,generated
0x01F2C900,freedbg_01F2C900,freedbg.c,reached,generated
0x01F2C950,freedbg_01F2C950,freedbg.c,reached,generated
0x01F2CA00,freedbg_01F2CA00,freedbg.c,reached,generated
0x01F2CAF8,Inventory_Is_Full,freedbg.c,reached,prose_label
0x01F2CC08,freedbg_01F2CC08,freedbg.c,reached,generated
0x01F2CD00,freedbg_01F2CD00,freedbg.c,reached,generated
0x01F2CD68,freedbg_01F2CD68,freedbg.c,reached,generated
0x01F2CDC0,freedbg_01F2CDC0,freedbg.c,reached,generated
0x01F2CF00,freedbg_01F2CF00,freedbg.c,reached,generated
0x01F2CFB0,freedbg_01F2CFB0,freedbg.c,reached,generated
0x01F2D010,freedbg_01F2D010,freedbg.c,reached,generated
0x01F2D0A0,System_Heap_Check,freedbg.c,reached,menu_label
0x01F2D438,freedbg_01F2D438,freedbg.c,unreferenced,generated
0x01F2D498,freedbg_01F2D498,freedbg.c,reached,generated
0x01F2D560,freedbg_01F2D560,freedbg.c,reached,generated
0x01F2D858,free_debug_freestatusjob_geom,freedbg.c,reached,recovered
0x01F2D9E8,free_debug_freestatusjob_ai,freedbg.c,reached,recovered
0x01F2DB40,freedbg_01F2DB40,freedbg.c,unreferenced,generated
0x01F2DC90,freedbg_01F2DC90,freedbg.c,reached,generated
0x01F2DDF0,freedbg_01F2DDF0,freedbg.c,reached,generated
0x01F2DFA8,freedbg_01F2DFA8,freedbg.c,reached,generated
0x01F2E048,freedbg_01F2E048,freedbg.c,reached,generated
0x01F2E0F8,print0,freedbg.c,reached,prose_label
0x01F2E290,freedbg_01F2E290,freedbg.c,reached,generated
0x01F2E470,freedbg_01F2E470,freedbg.c,reached,generated
0x01F2E7A8,freedbg_01F2E7A8,freedbg.c,reached,generated
0x01F2E898,freedbg_01F2E898,freedbg.c,reached,generated
0x01F2EA38,free_debug_freestatusjob_task,freedbg.c,reached,recovered
0x01F2EB80,freedbg_01F2EB80,freedbg.c,reached,generated
0x01F2ED38,freedbg_01F2ED38,freedbg.c,reached,generated
0x01F2EE48,freedbg_01F2EE48,freedbg.c,reached,generated
0x01F2F068,freedbg_01F2F068,freedbg.c,reached,generated
0x01F2F148,freedbg_01F2F148,freedbg.c,reached,generated
0x01F2F268,freedbg_01F2F268,freedbg.c,reached,generated
0x01F2F330,freedbg_01F2F330,freedbg.c,reached,generated
0x01F2F450,free_debug_freestatusjob_dispstate,freedbg.c,reached,recovered
0x01F2F530,freedbg_01F2F530,freedbg.c,reached,generated
0x01F2F630,func_01F2F630,,reached,generated
0x01F2F6A8,func_01F2F6A8,,reached,generated
0x01F2F718,func_01F2F718,,reached,generated
0x01F2F7A8,freedbgc_01F2F7A8,freedbgc.c,reached,generated
0x01F2F7D0,freedbgc_01F2F7D0,freedbgc.c,reached,generated
0x01F2F9D8,freedbgc_01F2F9D8,freedbgc.c,reached,generated
0x01F2FA80,freedbgc_01F2FA80,freedbgc.c,unreferenced,generated
0x01F2FB20,free_debug_print_entry,freedbgc.c,reached,recovered
0x01F2FC20,freedbgc_01F2FC20,freedbgc.c,reached,generated
0x01F2FC40,freedbgc_01F2FC40,freedbgc.c,reached,generated
0x01F2FC88,freedbgc_01F2FC88,freedbgc.c,reached,generated
0x01F2FCA0,freedbgc_01F2FCA0,freedbgc.c,reached,generated
0x01F2FD00,freedbgm_01F2FD00,freedbgm.c,unreferenced,generated
0x01F2FD98,freedbgm_01F2FD98,freedbgm.c,unreferenced,generated
0x01F2FE38,freedbgm_01F2FE38,freedbgm.c,reached,generated
0x01F2FE90,freedbgm_01F2FE90,freedbgm.c,reached,generated
0x01F2FEE8,freedbgm_01F2FEE8,freedbgm.c,reached,generated
0x01F2FF40,func_01F2FF40,,reached,generated
0x01F2FF90,debug_Debug_System,,reached,menu_label
0x01F301E8,freedb_01F301E8,freedb.c,reached,generated
0x01F30240,freedb_01F30240,freedb.c,reached,generated
0x01F30298,frShellGeomPathenvGet,freedb.c,reached,prose_label
0x01F302C0,func_01F302C0,,reached,generated
0x01F302C8,Ctrl_Panic_Warning,fcyroul.c,reached,menu_label
0x01F302F8,fcyroul_01F302F8,fcyroul.c,reached,generated
0x01F30438,fcyroul_01F30438,fcyroul.c,reached,generated
0x01F30440,fcyroul_01F30440,fcyroul.c,reached,generated
0x01F30540,func_01F30540,fcyroul.c,reached,generated
0x01F30560,func_01F30560,fcyroul.c,reached,generated
0x01F30578,func_01F30578,fcyroul.c,reached,generated
0x01F30598,func_01F30598,fcyroul.c,reached,generated
0x01F305B0,func_01F305B0,fcyroul.c,reached,generated
0x01F305D0,func_01F305D0,fcyroul.c,reached,generated
0x01F305E8,func_01F305E8,fcyroul.c,reached,generated
0x01F30608,func_01F30608,fcyroul.c,reached,generated
0x01F30620,func_01F30620,fcyroul.c,reached,generated
0x01F30640,func_01F30640,fcyroul.c,reached,generated
0x01F30700,fcyroul_01F30700,fcyroul.c,reached,generated
0x01F30720,fcAIStateInit,fcstate.c,reached,solo_string
0x01F30898,fc_ai_state_task_start,fcstate.c,reached,solo_string
0x01F309E8,fcAIStateExit,fcstate.c,reached,solo_string
0x01F30AA8,fcAIStateTrap,fcstate.c,reached,solo_string
0x01F30CB8,fcAIStateTrapIgnore,fcstate.c,reached,prose_label
0x01F30CF8,fcAIStateTrapIgnoreGet,fcstate.c,reached,prose_label
0x01F30D30,fcAIStateTrapIgnoreCheck,fcstate.c,reached,prose_label
0x01F30D70,fcAIStateTrapWaitEnableSet,fcstate.c,reached,prose_label
0x01F30DA0,fcAIStateTrapWaitEnableGet,fcstate.c,reached,prose_label
0x01F30DC8,fc_ai_state_trapwait_system_lock_set,fcstate.c,reached,solo_string
0x01F30DF8,fcAIStateTrapWaitUsedCheck,fcstate.c,reached,prose_label
0x01F30E20,fcAIStateInterrupt,fcstate.c,reached,prose_label
0x01F30E88,fcAIStateInterruptAccept,fcstate.c,reached,prose_label
0x01F30F58,fcAIStateRelease,fcstate.c,reached,prose_label
0x01F30FE8,fcAIStateSuspend,fcstate.c,reached,prose_label
0x01F31058,fcstate_01F31058,fcstate.c,reached,generated
0x01F310A0,fcAIStateResume,fcstate.c,reached,solo_string
0x01F31100,fcstate_01F31100,fcstate.c,reached,generated
0x01F31148,fcAIStateSuspendStatusGet,fcstate.c,reached,prose_label
0x01F31188,fcAIStateNextReserve,fcstate.c,reached,prose_label
0x01F311B8,fcAIStateNextReserveGet,fcstate.c,reached,prose_label
0x01F311E0,fcAIStateNPCPauseStart,fcstate.c,reached,prose_label
0x01F31218,fcstate_01F31218,fcstate.c,reached,generated
0x01F31240,fcAIStateActionGet,fcstate.c,reached,prose_label
0x01F31278,fcAIStateLastIMGet,fcstate.c,reached,prose_label
0x01F312A0,fcAIStateLastTargetGet,fcstate.c,reached,prose_label
0x01F312C8,fcstate_01F312C8,fcstate.c,reached,generated
0x01F312F8,fcAIStateTrapped,fcstate.c,reached,prose_label
0x01F31348,fcAIStateIMArgGet,fcstate.c,reached,prose_label
0x01F313B0,fcAIStateAbort,fcstate.c,reached,solo_string
0x01F31538,fcAIStateAbortAll,fcstate.c,reached,prose_label
0x01F31600,fcAIStateModeGet,fcstate.c,reached,prose_label
0x01F31628,fcAIStateModeSet,fcstate.c,reached,prose_label
0x01F31658,fcstate_01F31658,fcstate.c,reached,generated
0x01F31668,fcstate_01F31668,fcstate.c,reached,generated
0x01F31678,fcstate_01F31678,fcstate.c,reached,generated
0x01F31688,fcstate_01F31688,fcstate.c,reached,generated
0x01F31698,fcAIStateDebugTaskAlive,fcstate.c,reached,prose_label
0x01F316C0,fcAIStateDebugPauseStart,fcstate.c,reached,prose_label
0x01F316F0,fcstate_01F316F0,fcstate.c,reached,generated
0x01F31720,fcAIStateSufUpdateIntervalSet,fcstate.c,reached,prose_label
0x01F31778,fcstate_01F31778,fcstate.c,reached,generated
0x01F31798,fcAIStatePrevInitalIMGet,fcstate.c,reached,prose_label
0x01F317C0,fcAIStatePrevInitalIMSet,fcstate.c,unreferenced,prose_label
0x01F317F0,fcAIStatePrevActselMap,fcstate.c,reached,prose_label
0x01F31818,fcAIStatePrevActselMapSet,fcstate.c,reached,prose_label
0x01F31848,fcAIStateDebugTaskRestart,fcstate.c,reached,prose_label
0x01F318B8,fcstate_01F318B8,fcstate.c,reached,generated
0x01F318C8,fcAIStateNearmissStateGet,fcstate.c,reached,prose_label
0x01F318F0,fcAIStateNearmissStateSet,fcstate.c,reached,prose_label
0x01F31920,fcAIStateNearmissFlagGet,fcstate.c,reached,prose_label
0x01F31948,fcAIStateNearmissFlagSet,fcstate.c,reached,prose_label
0x01F31978,fcAIStateReentryforbiddenStateGet,fcstate.c,reached,prose_label
0x01F319A0,fcAIStateReentryforbiddenStateSet,fcstate.c,reached,prose_label
0x01F319D0,fcAIStateIM0776IntervalSet,fcstate.c,reached,solo_string
0x01F31A00,fcAIStateIM0776IntervalGet,fcstate.c,reached,solo_string
0x01F31A28,fcAIStateIM0777IntervalSet,fcstate.c,reached,solo_string
0x01F31A58,fcAIStateIM0777IntervalGet,fcstate.c,reached,solo_string
0x01F31A80,fcstate_01F31A80,fcstate.c,reached,generated
0x01F31AB0,fcAIStateTrapIgnoreOnRestartGet,fcstate.c,reached,prose_label
0x01F31AE8,fcAIStateTrapIgnoreOnRestartSet,fcstate.c,reached,prose_label
0x01F31B28,fcsp_01F31B28,fcsp.c,reached,generated
0x01F31E50,fcsp_01F31E50,fcsp.c,reached,generated
0x01F31E58,fcsp_01F31E58,fcsp.c,reached,generated
0x01F31E68,fcsp_01F31E68,fcsp.c,reached,generated
0x01F31E78,fcsp_01F31E78,fcsp.c,reached,generated
0x01F31E88,fcsp_01F31E88,fcsp.c,reached,generated
0x01F31EE0,fcsp_01F31EE0,fcsp.c,reached,generated
0x01F32010,fcsp_01F32010,fcsp.c,unreferenced,generated
0x01F32060,fcsp_01F32060,fcsp.c,unreferenced,generated
0x01F320B8,fcsp_01F320B8,fcsp.c,reached,generated
0x01F321A0,fcsp_01F321A0,fcsp.c,reached,generated
0x01F32330,fcsp_01F32330,fcsp.c,reached,generated
0x01F32428,fcsp_01F32428,fcsp.c,reached,generated
0x01F32490,fc_sp_judgement_intercept,fcsp.c,reached,solo_string
0x01F32628,fcsp_01F32628,fcsp.c,reached,generated
0x01F32670,fcsp_01F32670,fcsp.c,reached,generated
0x01F326D8,fcsp_01F326D8,fcsp.c,reached,generated
0x01F32710,fcsp_01F32710,fcsp.c,reached,generated
0x01F327B0,fcsp_01F327B0,fcsp.c,reached,generated
0x01F32820,fcsp_01F32820,fcsp.c,reached,generated
0x01F32888,fcsp_01F32888,fcsp.c,reached,generated
0x01F32950,fcsp_01F32950,fcsp.c,reached,generated
0x01F32A08,fcsp_01F32A08,fcsp.c,reached,generated
0x01F32A80,fcsp_01F32A80,fcsp.c,reached,generated
0x01F32AE8,fcsp_01F32AE8,fcsp.c,reached,generated
0x01F32B50,fcsp_01F32B50,fcsp.c,reached,generated
0x01F32BE0,fcsp_01F32BE0,fcsp.c,reached,generated
0x01F32C98,fcsp_01F32C98,fcsp.c,reached,generated
0x01F32D58,fcsp_01F32D58,fcsp.c,reached,generated
0x01F32D98,fcsp_01F32D98,fcsp.c,reached,generated
0x01F32E08,fcsp_01F32E08,fcsp.c,reached,generated
0x01F32E70,fcsp_01F32E70,fcsp.c,reached,generated
0x01F32EC8,fcsp_01F32EC8,fcsp.c,reached,generated
0x01F32F38,fcsp_01F32F38,fcsp.c,reached,generated
0x01F32FD0,fcsp_01F32FD0,fcsp.c,reached,generated
0x01F33120,fcsp_01F33120,fcsp.c,reached,generated
0x01F33160,fcsp_01F33160,fcsp.c,reached,generated
0x01F33190,fcsp_01F33190,fcsp.c,reached,generated
0x01F331F0,fcsp_01F331F0,fcsp.c,reached,generated
0x01F331F8,fcsp_01F331F8,fcsp.c,reached,generated
0x01F33200,fcsp_01F33200,fcsp.c,reached,generated
0x01F33248,fcsp_01F33248,fcsp.c,reached,generated
0x01F33278,fcsp_01F33278,fcsp.c,reached,generated
0x01F332A8,fcsp_01F332A8,fcsp.c,reached,generated
0x01F332F0,fcsp_01F332F0,fcsp.c,reached,generated
0x01F33320,fcsp_01F33320,fcsp.c,reached,generated
0x01F33350,fcsp_01F33350,fcsp.c,reached,generated
0x01F33380,fcsp_01F33380,fcsp.c,reached,generated
0x01F333B0,fcsp_01F333B0,fcsp.c,reached,generated
0x01F333E0,fcsp_01F333E0,fcsp.c,reached,generated
0x01F33410,fcsp_01F33410,fcsp.c,reached,generated
0x01F33430,fcsp_01F33430,fcsp.c,reached,generated
0x01F33478,fcsp_01F33478,fcsp.c,reached,generated
0x01F335D8,fcsp_01F335D8,fcsp.c,reached,generated
0x01F33608,fcsp_01F33608,fcsp.c,reached,generated
0x01F33638,fcsp_01F33638,fcsp.c,reached,generated
0x01F336D0,fcsp_01F336D0,fcsp.c,reached,generated
0x01F336F0,fcsp_01F336F0,fcsp.c,reached,generated
0x01F33718,fcsp_01F33718,fcsp.c,reached,generated
0x01F33720,fcsp_01F33720,fcsp.c,reached,generated
0x01F337C0,fcsp_01F337C0,fcsp.c,reached,generated
0x01F337C8,fcsp_01F337C8,fcsp.c,reached,generated
0x01F33868,fcsp_01F33868,fcsp.c,reached,generated
0x01F33888,fcsp_01F33888,fcsp.c,reached,generated
0x01F33950,fc_sp_judge_param_teach_mystery,fcsp.c,reached,trace_string
0x01F339A8,fcsp_01F339A8,fcsp.c,reached,generated
0x01F339D8,fcsp_01F339D8,fcsp.c,reached,generated
0x01F33A00,fcsp_01F33A00,fcsp.c,reached,generated
0x01F33A58,fcsp_01F33A58,fcsp.c,reached,generated
0x01F33A70,fcsp_01F33A70,fcsp.c,reached,generated
0x01F33B40,fcsp_01F33B40,fcsp.c,reached,generated
0x01F33B60,fcsp_01F33B60,fcsp.c,reached,generated
0x01F33B80,fcsp_01F33B80,fcsp.c,reached,generated
0x01F33BA0,fcsp_01F33BA0,fcsp.c,reached,generated
0x01F33BC0,fcsp_01F33BC0,fcsp.c,reached,generated
0x01F33BE0,fcsp_01F33BE0,fcsp.c,reached,generated
0x01F33C18,fcsp_01F33C18,fcsp.c,reached,generated
0x01F33C48,fc_sp_judge_param_target_at_clear_keep,fcsp.c,reached,solo_string
0x01F33C78,fcsp_01F33C78,fcsp.c,reached,generated
0x01F33CB0,fcsp_01F33CB0,fcsp.c,reached,generated
0x01F33CD0,fcsp_01F33CD0,fcsp.c,reached,generated
0x01F33D68,func_01F33D68,fcsp.c,reached,generated
0x01F33D80,fcsp_01F33D80,fcsp.c,reached,generated
0x01F33DA0,fcsp_01F33DA0,fcsp.c,reached,generated
0x01F33DC0,fcsp_01F33DC0,fcsp.c,reached,generated
0x01F33DC8,fcsp_01F33DC8,fcsp.c,reached,generated
0x01F33E20,fcsp_01F33E20,fcsp.c,reached,generated
0x01F33E78,fcsp_01F33E78,fcsp.c,reached,generated
0x01F33ED0,fcsp_01F33ED0,fcsp.c,reached,generated
0x01F33F28,fcsp_01F33F28,fcsp.c,reached,generated
0x01F33FA0,fcsp_01F33FA0,fcsp.c,reached,generated
0x01F34010,fcsp_01F34010,fcsp.c,reached,generated
0x01F34038,func_01F34038,,reached,generated
0x01F34040,func_01F34040,,reached,generated
0x01F34060,func_01F34060,,reached,generated
0x01F34088,func_01F34088,,reached,generated
0x01F340A8,func_01F340A8,,reached,generated
0x01F340C8,func_01F340C8,,reached,generated
0x01F340E8,func_01F340E8,,reached,generated
0x01F34188,func_01F34188,,reached,generated
0x01F341A0,func_01F341A0,,reached,generated
0x01F341E0,func_01F341E0,,reached,generated
0x01F34230,func_01F34230,,reached,generated
0x01F34280,func_01F34280,,reached,generated
0x01F342D0,func_01F342D0,,reached,generated
0x01F34320,func_01F34320,,reached,generated
0x01F34338,func_01F34338,,reached,generated
0x01F34368,func_01F34368,,reached,generated
0x01F34388,func_01F34388,,reached,generated
0x01F343A0,func_01F343A0,,reached,generated
0x01F343B8,func_01F343B8,,reached,generated
0x01F343F8,func_01F343F8,,reached,generated
0x01F345F0,func_01F345F0,,unreferenced,generated
0x01F345F8,func_01F345F8,,unreferenced,generated
0x01F34600,func_01F34600,,unreferenced,generated
0x01F34608,func_01F34608,,reached,generated
0x01F34610,func_01F34610,,reached,generated
0x01F34678,func_01F34678,,reached,generated
0x01F346C8,func_01F346C8,,reached,generated
0x01F346D0,func_01F346D0,,reached,generated
0x01F346F8,func_01F346F8,,reached,generated
0x01F34710,func_01F34710,,reached,generated
0x01F34728,func_01F34728,,reached,generated
0x01F34788,func_01F34788,,reached,generated
0x01F347A8,func_01F347A8,,reached,generated
0x01F347C8,func_01F347C8,,reached,generated
0x01F347E8,func_01F347E8,,reached,generated
0x01F34808,func_01F34808,,reached,generated
0x01F34880,func_01F34880,,reached,generated
0x01F34898,func_01F34898,,reached,generated
0x01F348C0,func_01F348C0,,reached,generated
0x01F34908,func_01F34908,,reached,generated
0x01F34930,func_01F34930,,reached,generated
0x01F34938,func_01F34938,,reached,generated
0x01F349F0,func_01F349F0,,reached,generated
0x01F349F8,func_01F349F8,,reached,generated
0x01F34B28,func_01F34B28,,reached,generated
0x01F34B30,fc_ai_npc_actsel_drive,fcnpc.c,reached,solo_string
0x01F34C60,fc_ai_npc_actsel_by_desire,fcnpc.c,reached,solo_string
0x01F35030,fc_ai_npc_actsel_by_virtualhomemap,fcnpc.c,reached,solo_string
0x01F351E0,fcnpc_01F351E0,fcnpc.c,reached,generated
0x01F35240,fc_ai_npc_actsel_logging,fcnpc.c,reached,solo_string
0x01F352D8,fc_ai_npc_actsel,fcnpc.c,reached,solo_string
0x01F355D0,fc_ai_npc_actsel_desire_satisfy,fcnpc.c,reached,solo_string
0x01F35628,fcAINPCActselDesireSatisfy,fcnpc.c,reached,prose_label
0x01F35660,fcnpc_01F35660,fcnpc.c,reached,generated
0x01F35698,fcnpc_01F35698,fcnpc.c,reached,generated
0x01F356A8,fcnpc_01F356A8,fcnpc.c,reached,generated
0x01F356E0,fc_ai_npc_actsel_rewrite_by_leave_on_guest,fcnpc.c,reached,solo_string
0x01F35818,fc_ai_npc_actsel_rewrite_by_im0353,fcnpc.c,reached,solo_string
0x01F35898,fc_ai_npc_actsel_rewrite_by_im0354,fcnpc.c,reached,solo_string
0x01F35918,fcnpc_01F35918,fcnpc.c,reached,generated
0x01F359A0,fcnpc_01F359A0,fcnpc.c,reached,generated
0x01F359D8,fcnpc_01F359D8,fcnpc.c,reached,generated
0x01F35A80,fcnpc_01F35A80,fcnpc.c,reached,generated
0x01F35AE8,fcnpc_01F35AE8,fcnpc.c,reached,generated
0x01F35B58,fcnpc_01F35B58,fcnpc.c,reached,generated
0x01F35B88,fcnpc_01F35B88,fcnpc.c,reached,generated
0x01F35BB0,fcnpc_01F35BB0,fcnpc.c,reached,generated
0x01F35BC8,fcnpc_01F35BC8,fcnpc.c,reached,generated
0x01F35BE0,fcnpc_01F35BE0,fcnpc.c,reached,generated
0x01F35BF8,fcnpc_01F35BF8,fcnpc.c,reached,generated
0x01F35C10,fcnpc_01F35C10,fcnpc.c,reached,generated
0x01F35C28,fcnpc_01F35C28,fcnpc.c,reached,generated
0x01F35C40,fcnpc_01F35C40,fcnpc.c,reached,generated
0x01F35C58,fcnpc_01F35C58,fcnpc.c,reached,generated
0x01F35C70,fcnpc_01F35C70,fcnpc.c,reached,generated
0x01F35C88,fcnpc_01F35C88,fcnpc.c,reached,generated
0x01F35CA0,fcnpc_01F35CA0,fcnpc.c,reached,generated
0x01F35CB8,fcnpc_01F35CB8,fcnpc.c,reached,generated
0x01F35CD0,fcnpc_01F35CD0,fcnpc.c,reached,generated
0x01F35CE8,fcnpc_01F35CE8,fcnpc.c,reached,generated
0x01F35D00,fcnpc_01F35D00,fcnpc.c,reached,generated
0x01F35D18,fcnpc_01F35D18,fcnpc.c,reached,generated
0x01F35D30,fcnpc_01F35D30,fcnpc.c,reached,generated
0x01F35D48,fcnpc_01F35D48,fcnpc.c,reached,generated
0x01F35D78,fcnpc_01F35D78,fcnpc.c,reached,generated
0x01F35D90,fc_ai_npc_script_pid_active,fcnpc.c,reached,solo_string
0x01F35DF8,fc_ai_npc_script_pid_passive,fcnpc.c,reached,solo_string
0x01F35E60,fcnpc_01F35E60,fcnpc.c,reached,generated
0x01F35E80,fc_ai_npc_script_pid_talking,fcnpc.c,reached,solo_string
0x01F35EF8,fcnpc_01F35EF8,fcnpc.c,reached,generated
0x01F35F10,fcnpc_01F35F10,fcnpc.c,reached,generated
0x01F35F28,fcnpc_01F35F28,fcnpc.c,reached,generated
0x01F35F40,fcnpc_01F35F40,fcnpc.c,reached,generated
0x01F36060,fcnpc_01F36060,fcnpc.c,reached,generated
0x01F36068,fcnpc_01F36068,fcnpc.c,reached,generated
0x01F36070,fcnpc_01F36070,fcnpc.c,reached,generated
0x01F36078,fcnpc_01F36078,fcnpc.c,reached,generated
0x01F36098,fcnpc_01F36098,fcnpc.c,reached,generated
0x01F36220,fcnpc_01F36220,fcnpc.c,reached,generated
0x01F36360,fcnpc_01F36360,fcnpc.c,reached,generated
0x01F363D8,fcnpc_01F363D8,fcnpc.c,reached,generated
0x01F36410,fcnpc_01F36410,fcnpc.c,reached,generated
0x01F36448,fcnpc_01F36448,fcnpc.c,reached,generated
0x01F364D0,fcnpc_01F364D0,fcnpc.c,reached,generated
0x01F36520,fcnpc_01F36520,fcnpc.c,reached,generated
0x01F36560,func_01F36560,,reached,generated
0x01F365A8,func_01F365A8,,reached,generated
0x01F365D8,func_01F365D8,,reached,generated
0x01F36608,func_01F36608,,reached,generated
0x01F366B0,func_01F366B0,,reached,generated
0x01F36788,func_01F36788,,reached,generated
0x01F368B8,func_01F368B8,,reached,generated
0x01F36948,func_01F36948,,reached,generated
0x01F36A00,func_01F36A00,,reached,generated
0x01F36A40,func_01F36A40,,reached,generated
0x01F36A78,func_01F36A78,,reached,generated
0x01F36A98,func_01F36A98,,reached,generated
0x01F36AB8,func_01F36AB8,,reached,generated
0x01F36AF0,func_01F36AF0,,reached,generated
0x01F36B28,func_01F36B28,,reached,generated
0x01F36B38,func_01F36B38,,reached,generated
0x01F36B90,func_01F36B90,,reached,generated
0x01F36BB8,func_01F36BB8,,reached,generated
0x01F36BF8,func_01F36BF8,,reached,generated
0x01F36C38,func_01F36C38,,reached,generated
0x01F36D20,func_01F36D20,,reached,generated
0x01F36D40,func_01F36D40,,reached,generated
0x01F36D68,func_01F36D68,,reached,generated
0x01F36D98,func_01F36D98,,reached,generated
0x01F36E28,func_01F36E28,,reached,generated
0x01F36E40,func_01F36E40,,reached,generated
0x01F36E70,func_01F36E70,,reached,generated
0x01F36E90,func_01F36E90,,reached,generated
0x01F36EB0,func_01F36EB0,,reached,generated
0x01F36ED0,func_01F36ED0,,reached,generated
0x01F36EF0,func_01F36EF0,,reached,generated
0x01F36F10,func_01F36F10,,reached,generated
0x01F36F30,func_01F36F30,,reached,generated
0x01F36F50,func_01F36F50,,reached,generated
0x01F36F70,func_01F36F70,,reached,generated
0x01F37028,fcnpcrm_01F37028,fcnpcrm.c,reached,generated
0x01F37110,fcnpcrm_01F37110,fcnpcrm.c,reached,generated
0x01F371A8,fcnpcrm_01F371A8,fcnpcrm.c,reached,generated
0x01F37270,fcnpcrm_01F37270,fcnpcrm.c,reached,generated
0x01F372C8,fcnpcrm_01F372C8,fcnpcrm.c,reached,generated
0x01F373C0,fcnpcrm_01F373C0,fcnpcrm.c,reached,generated
0x01F373F0,fcnpcrm_01F373F0,fcnpcrm.c,reached,generated
0x01F37568,fcnpcrm_01F37568,fcnpcrm.c,reached,generated
0x01F37630,fcAIPlayerActsel,fcnpcrm.c,reached,prose_label
0x01F37728,fcnpcrm_01F37728,fcnpcrm.c,reached,generated
0x01F377A0,fcnpcrm_01F377A0,fcnpcrm.c,reached,generated
0x01F37880,fcnpcrm_01F37880,fcnpcrm.c,reached,generated
0x01F37A00,fcnpcrm_01F37A00,fcnpcrm.c,reached,generated
0x01F37A20,fcnpcrm_01F37A20,fcnpcrm.c,reached,generated
0x01F37AB0,fcnpcrm_01F37AB0,fcnpcrm.c,reached,generated
0x01F37B68,fcnpcrm_01F37B68,fcnpcrm.c,reached,generated
0x01F37BA0,Exit_Commander_Office,fcnpcrm.c,reached,prose_label
0x01F37D10,fcnpcrm_01F37D10,fcnpcrm.c,reached,generated
0x01F37E80,fcnpcrm_01F37E80,fcnpcrm.c,reached,generated
0x01F380F8,fcnpcrm_01F380F8,fcnpcrm.c,reached,generated
0x01F38130,fcnpcrm_01F38130,fcnpcrm.c,reached,generated
0x01F38288,fc_cron_on_init_hospital_leave,fcnpcrm.c,reached,solo_string
0x01F38368,fc_cron_oneminute_update,fcnpcrm.c,reached,solo_string
0x01F38500,fcnpcrm_01F38500,fcnpcrm.c,reached,generated
0x01F38550,fcnpcrm_01F38550,fcnpcrm.c,reached,generated
0x01F385A0,fc_cron_satis_update,fcnpcrm.c,reached,solo_string
0x01F38668,fcnpcrm_01F38668,fcnpcrm.c,reached,generated
0x01F38680,fcnpcrm_01F38680,fcnpcrm.c,reached,generated
0x01F386C8,fcnpcrm_01F386C8,fcnpcrm.c,reached,generated
0x01F38728,fcnpcrm_01F38728,fcnpcrm.c,reached,generated
0x01F387B0,fcnpcrm_01F387B0,fcnpcrm.c,reached,generated
0x01F38820,fcnpcrm_01F38820,fcnpcrm.c,reached,generated
0x01F388C8,fcnpcrm_01F388C8,fcnpcrm.c,reached,generated
0x01F38948,fcnpcrm_01F38948,fcnpcrm.c,reached,generated
0x01F38988,fcnpcrm_01F38988,fcnpcrm.c,reached,generated
0x01F389C8,fcnpcrm_01F389C8,fcnpcrm.c,reached,generated
0x01F38A18,fcnpcrm_01F38A18,fcnpcrm.c,reached,generated
0x01F38B90,fcnpcrm_01F38B90,fcnpcrm.c,unreferenced,generated
0x01F38BA0,fcnpcrm_01F38BA0,fcnpcrm.c,unreferenced,generated
0x01F38BB0,fcnpcrm_01F38BB0,fcnpcrm.c,reached,generated
0x01F38BC0,fcnpcrm_01F38BC0,fcnpcrm.c,reached,generated
0x01F38BF0,fcnpcrm_01F38BF0,fcnpcrm.c,reached,generated
0x01F38C18,fc_cron_school_delay,fcnpcrm.c,reached,solo_string
0x01F38CA0,fcnpcrm_01F38CA0,fcnpcrm.c,reached,generated
0x01F38D60,fcnpcrm_01F38D60,fcnpcrm.c,reached,generated
0x01F38D70,fcnpcrm_01F38D70,fcnpcrm.c,reached,generated
0x01F38DA0,fcnpcrm_01F38DA0,fcnpcrm.c,reached,generated
0x01F38E38,fcnpcrm_01F38E38,fcnpcrm.c,reached,generated
0x01F38E40,fcIMFlow,fcnpcrm.c,reached,solo_string
0x01F38F08,fcIMFlowExecWithScriptBackup,fcim.c,reached,recovered
0x01F39090,fcIMFlowExec,fcim.c,reached,recovered
0x01F39390,fc_im_pre,fcim.c,reached,solo_string
0x01F39408,fcim_01F39408,fcim.c,reached,generated
0x01F395B8,fcim_01F395B8,fcim.c,reached,generated
0x01F395D0,fcim_01F395D0,fcim.c,reached,generated
0x01F395E8,fcim_01F395E8,fcim.c,reached,generated
0x01F39600,fcim_01F39600,fcim.c,reached,generated
0x01F39738,fcim_01F39738,fcim.c,reached,generated
0x01F39770,fcim_01F39770,fcim.c,reached,generated
0x01F39800,fcim_01F39800,fcim.c,reached,generated
0x01F398A8,fc_im_itemsel_npc,fcim.c,reached,solo_string
0x01F39968,fcim_01F39968,fcim.c,reached,generated
0x01F39A30,fcim_01F39A30,fcim.c,reached,generated
0x01F39A58,fcim_01F39A58,fcim.c,reached,generated
0x01F39A80,fcim_01F39A80,fcim.c,reached,generated
0x01F39AA8,fcim_01F39AA8,fcim.c,reached,generated
0x01F39AB8,fcim_01F39AB8,fcim.c,reached,generated
0x01F39AC8,fcim_01F39AC8,fcim.c,reached,generated
0x01F39AF0,fcDebugChoose,fcim.c,reached,prose_label
0x01F39C80,fcim_01F39C80,fcim.c,reached,generated
0x01F39CB8,fcim_01F39CB8,fcim.c,reached,generated
0x01F39D88,fcIMFlowExec,fcim.c,reached,trace_string
0x01F39F30,fcim_01F39F30,fcim.c,reached,generated
0x01F39F78,fcimfunc_01F39F78,fcimfunc.c,reached,generated
0x01F3A0B8,fcimfunc_01F3A0B8,fcimfunc.c,reached,generated
0x01F3A118,fcimfunc_01F3A118,fcimfunc.c,reached,generated
0x01F3A168,fcimfunc_01F3A168,fcimfunc.c,reached,generated
0x01F3A1B0,fc_im_normal_move_mode_npc_plan,fcimfunc.c,reached,solo_string
0x01F3A318,fcimfunc_01F3A318,fcimfunc.c,reached,generated
0x01F3A388,fcimfunc_01F3A388,fcimfunc.c,reached,generated
0x01F3A3E0,fcimfunc_01F3A3E0,fcimfunc.c,reached,generated
0x01F3A788,fcimfunc_01F3A788,fcimfunc.c,reached,generated
0x01F3A810,fcimfunc_01F3A810,fcimfunc.c,reached,generated
0x01F3A8B0,fcimfunc_01F3A8B0,fcimfunc.c,reached,generated
0x01F3A928,fcimfunc_01F3A928,fcimfunc.c,reached,generated
0x01F3A940,fcimfunc_01F3A940,fcimfunc.c,reached,generated
0x01F3AAC8,fcimfunc_01F3AAC8,fcimfunc.c,reached,generated
0x01F3AAF0,fcimfunc_01F3AAF0,fcimfunc.c,reached,generated
0x01F3AB68,fcimfunc_01F3AB68,fcimfunc.c,reached,generated
0x01F3AB88,fcimfunc_01F3AB88,fcimfunc.c,reached,generated
0x01F3AC18,fcimfunc_01F3AC18,fcimfunc.c,reached,generated
0x01F3AC30,fcimfunc_01F3AC30,fcimfunc.c,reached,generated
0x01F3AC78,fcimfunc_01F3AC78,fcimfunc.c,reached,generated
0x01F3AD98,fcimfunc_01F3AD98,fcimfunc.c,unreferenced,generated
0x01F3AE30,fcimfunc_01F3AE30,fcimfunc.c,reached,generated
0x01F3AEC8,fcimfunc_01F3AEC8,fcimfunc.c,reached,generated
0x01F3AF18,fcimfunc_01F3AF18,fcimfunc.c,reached,generated
0x01F3B080,fcimfunc_01F3B080,fcimfunc.c,reached,generated
0x01F3B150,fcimfunc_01F3B150,fcimfunc.c,reached,generated
0x01F3B170,fcimfunc_01F3B170,fcimfunc.c,reached,generated
0x01F3B190,fcTimeForwardEx,fcimfunc.c,reached,solo_string
0x01F3B300,func_01F3B300,,reached,generated
0x01F3B318,func_01F3B318,,reached,generated
0x01F3B338,Ctrl_Event_Entry,,reached,menu_label
0x01F3B340,func_01F3B340,,unreferenced,generated
0x01F3B348,func_01F3B348,,reached,generated
0x01F3B428,func_01F3B428,,reached,generated
0x01F3B508,func_01F3B508,,reached,generated
0x01F3B530,func_01F3B530,,reached,generated
0x01F3B560,func_01F3B560,,reached,generated
0x01F3B598,func_01F3B598,,reached,generated
0x01F3B5C0,func_01F3B5C0,,reached,generated
0x01F3B600,func_01F3B600,,reached,generated
0x01F3B6A8,func_01F3B6A8,,reached,generated
0x01F3B6D0,func_01F3B6D0,,reached,generated
0x01F3B708,func_01F3B708,,reached,generated
0x01F3B7E0,func_01F3B7E0,,reached,generated
0x01F3B808,func_01F3B808,,reached,generated
0x01F3B848,func_01F3B848,,reached,generated
0x01F3B940,func_01F3B940,,reached,generated
0x01F3B968,func_01F3B968,,reached,generated
0x01F3B998,func_01F3B998,,reached,generated
0x01F3BA88,fclocate_01F3BA88,fclocate.c,reached,generated
0x01F3BB80,func_01F3BB80,fclocate.c,reached,generated
0x01F3BCA8,LocateKeep,fclocate.c,reached,trace_string
0x01F3BEB0,fclocate_01F3BEB0,fclocate.c,reached,generated
0x01F3BED8,fclocate_01F3BED8,fclocate.c,reached,generated
0x01F3BF00,fclocate_01F3BF00,fclocate.c,reached,generated
0x01F3BF18,fclocate_01F3BF18,fclocate.c,reached,generated
0x01F3BFE8,fcLocateKeep,fclocate.c,reached,trace_string
0x01F3C190,fclocate_01F3C190,fclocate.c,reached,generated
0x01F3C218,fcLocateFree,fclocate.c,reached,recovered
0x01F3C3D0,fclocate_01F3C3D0,fclocate.c,reached,generated
0x01F3C5F8,fclocate_01F3C5F8,fclocate.c,reached,generated
0x01F3C630,fclocate_01F3C630,fclocate.c,reached,generated
0x01F3C690,fclocate_01F3C690,fclocate.c,reached,generated
0x01F3C6B8,fclocate_01F3C6B8,fclocate.c,reached,generated
0x01F3C788,fclocate_01F3C788,fclocate.c,reached,generated
0x01F3C7E0,fclocate_01F3C7E0,fclocate.c,reached,generated
0x01F3C850,fclocate_01F3C850,fclocate.c,reached,generated
0x01F3C898,fclocate_01F3C898,fclocate.c,unreferenced,generated
0x01F3C8E8,fclocate_01F3C8E8,fclocate.c,reached,generated
0x01F3C9E0,fclocate_01F3C9E0,fclocate.c,reached,generated
0x01F3CA50,fclocate_01F3CA50,fclocate.c,reached,generated
0x01F3CAB8,fclocate_01F3CAB8,fclocate.c,reached,generated
0x01F3CAE0,fclocate_01F3CAE0,fclocate.c,reached,generated
0x01F3CB98,fclocate_01F3CB98,fclocate.c,reached,generated
0x01F3CC40,fclocate_01F3CC40,fclocate.c,reached,generated
0x01F3CCF0,fclocate_01F3CCF0,fclocate.c,reached,generated
0x01F3CD18,fclocate_01F3CD18,fclocate.c,reached,generated
0x01F3CD40,fclocate_01F3CD40,fclocate.c,reached,generated
0x01F3CD80,fclocate_01F3CD80,fclocate.c,reached,generated
0x01F3CD98,fclocate_01F3CD98,fclocate.c,reached,generated
0x01F3CDB0,fclocate_01F3CDB0,fclocate.c,reached,generated
0x01F3CDE0,fclocate_01F3CDE0,fclocate.c,reached,generated
0x01F3CEE8,fclocate_01F3CEE8,fclocate.c,reached,generated
0x01F3D058,fclocate_01F3D058,fclocate.c,reached,generated
0x01F3D078,fclocate_01F3D078,fclocate.c,reached,generated
0x01F3D118,fclocate_01F3D118,fclocate.c,reached,generated
0x01F3D188,fclocate_01F3D188,fclocate.c,reached,generated
0x01F3D1A0,fclocate_01F3D1A0,fclocate.c,reached,generated
0x01F3D1E8,fclocate_01F3D1E8,fclocate.c,reached,generated
0x01F3D238,fclocate_01F3D238,fclocate.c,reached,generated
0x01F3D318,fclocate_01F3D318,fclocate.c,reached,generated
0x01F3D4C0,fclocate_01F3D4C0,fclocate.c,reached,generated
0x01F3D528,fclocate_01F3D528,fclocate.c,reached,generated
0x01F3D610,fclocate_01F3D610,fclocate.c,reached,generated
0x01F3D6A8,fclocate_01F3D6A8,fclocate.c,reached,generated
0x01F3D6E8,fclocate_01F3D6E8,fclocate.c,reached,generated
0x01F3D788,fclocate_01F3D788,fclocate.c,reached,generated
0x01F3D7A0,fclocate_01F3D7A0,fclocate.c,reached,generated
0x01F3D7F0,fclocate_01F3D7F0,fclocate.c,reached,generated
0x01F3D808,fclocate_01F3D808,fclocate.c,reached,generated
0x01F3D818,fclocate_01F3D818,fclocate.c,reached,generated
0x01F3D828,fclocate_01F3D828,fclocate.c,unreferenced,generated
0x01F3D830,fclocate_01F3D830,fclocate.c,reached,generated
0x01F3D870,fclocate_01F3D870,fclocate.c,reached,generated
0x01F3D878,fclocate_01F3D878,fclocate.c,reached,generated
0x01F3D888,fclocate_01F3D888,fclocate.c,reached,generated
0x01F3D898,fclocate_01F3D898,fclocate.c,reached,generated
0x01F3D910,fclocate_01F3D910,fclocate.c,reached,generated
0x01F3D988,fclocate_01F3D988,fclocate.c,reached,generated
0x01F3D9A0,fclocate_01F3D9A0,fclocate.c,reached,generated
0x01F3DA08,fclocate_01F3DA08,fclocate.c,reached,generated
0x01F3DA10,fclocate_01F3DA10,fclocate.c,reached,generated
0x01F3DA50,fclocate_01F3DA50,fclocate.c,reached,generated
0x01F3DAA0,fclocate_01F3DAA0,fclocate.c,reached,generated
0x01F3DBC0,fclocate_01F3DBC0,fclocate.c,reached,generated
0x01F3DC18,fclocate_01F3DC18,fclocate.c,reached,generated
0x01F3DE10,fclocate_01F3DE10,fclocate.c,reached,generated
0x01F3DE18,fclocate_01F3DE18,fclocate.c,reached,generated
0x01F3DEA0,fclocate_01F3DEA0,fclocate.c,reached,generated
0x01F3DF40,fclocate_01F3DF40,fclocate.c,reached,generated
0x01F3DF60,fclocate_01F3DF60,fclocate.c,reached,generated
0x01F3DF80,fclocate_01F3DF80,fclocate.c,reached,generated
0x01F3E010,fclocate_01F3E010,fclocate.c,unreferenced,generated
0x01F3E038,fclocate_01F3E038,fclocate.c,reached,generated
0x01F3E098,fclocate_01F3E098,fclocate.c,reached,generated
0x01F3E110,fclocate_01F3E110,fclocate.c,reached,generated
0x01F3E248,fclocate_01F3E248,fclocate.c,reached,generated
0x01F3E370,fclocate_01F3E370,fclocate.c,reached,generated
0x01F3E398,fclocate_01F3E398,fclocate.c,reached,generated
0x01F3E5F8,fclocate_01F3E5F8,fclocate.c,reached,generated
0x01F3E608,fclocate_01F3E608,fclocate.c,reached,generated
0x01F3E630,fclocate_01F3E630,fclocate.c,reached,generated
0x01F3E680,fclocate_01F3E680,fclocate.c,reached,generated
0x01F3E708,fclocate_01F3E708,fclocate.c,reached,generated
0x01F3E768,fclocate_01F3E768,fclocate.c,reached,generated
0x01F3E7B0,fcEventCharaMapChange,fclocate.c,reached,trace_string
0x01F3E948,func_01F3E948,,reached,generated
0x01F3E9E8,fcangel_01F3E9E8,fcangel.c,reached,generated
0x01F3EA48,func_01F3EA48,fcangel.c,reached,generated
0x01F3EA50,fcangel_01F3EA50,fcangel.c,reached,generated
0x01F3EB48,fcangel_01F3EB48,fcangel.c,reached,generated
0x01F3EB58,fcangel_01F3EB58,fcangel.c,reached,generated
0x01F3EB68,fcangel_01F3EB68,fcangel.c,reached,generated
0x01F3EBF0,fcangel_01F3EBF0,fcangel.c,reached,generated
0x01F3ED18,fcangel_01F3ED18,fcangel.c,reached,generated
0x01F3EDB8,fcangel_01F3EDB8,fcangel.c,reached,generated
0x01F3EDC0,fcangel_01F3EDC0,fcangel.c,reached,generated
0x01F3EE08,fcangel_01F3EE08,fcangel.c,reached,generated
0x01F3EE58,fcangel_01F3EE58,fcangel.c,reached,generated
0x01F3EEC0,fcangel_01F3EEC0,fcangel.c,reached,generated
0x01F3EF10,Daily_Debug,fcangel.c,reached,menu_label
0x01F3EFD0,fcangel_01F3EFD0,fcangel.c,reached,generated
0x01F3F0E8,fcangel_01F3F0E8,fcangel.c,reached,generated
0x01F3F1E8,fcangel_01F3F1E8,fcangel.c,reached,generated
0x01F3F238,Character_Info,fcangel.c,reached,menu_label
0x01F3F3B8,fcangel_01F3F3B8,fcangel.c,reached,generated
0x01F3F430,fcangel_01F3F430,fcangel.c,reached,generated
0x01F3F448,fcangel_01F3F448,fcangel.c,reached,generated
0x01F3F570,fcangel_01F3F570,fcangel.c,reached,generated
0x01F3F6E8,fcangel_01F3F6E8,fcangel.c,reached,generated
0x01F3F700,fcangel_01F3F700,fcangel.c,reached,generated
0x01F3F848,fcdebug_01F3F848,fcdebug.c,reached,generated
0x01F3F970,Narration_Test,fcdebug.c,reached,menu_label
0x01F3F9F0,fcdebug_01F3F9F0,fcdebug.c,reached,generated
0x01F3FA18,fcdebug_01F3FA18,fcdebug.c,reached,generated
0x01F3FAA8,fcdebug_01F3FAA8,fcdebug.c,reached,generated
0x01F3FB28,fcdebug_01F3FB28,fcdebug.c,reached,generated
0x01F3FBA0,fcdebug_01F3FBA0,fcdebug.c,reached,generated
0x01F3FBD0,fcdebug_01F3FBD0,fcdebug.c,reached,generated
0x01F3FD70,fcdebug_01F3FD70,fcdebug.c,reached,generated
0x01F3FF10,Unlimited_Hugging_Available,fcdebug.c,reached,prose_label
0x01F3FF48,func_01F3FF48,,reached,generated
0x01F3FF70,Paris_s_Lab,,reached,menu_label
0x01F40038,func_01F40038,,reached,generated
0x01F40158,func_01F40158,,reached,generated
0x01F40180,Ctrl_AI_Controller,,reached,menu_label
0x01F401B0,func_01F401B0,,reached,generated
0x01F401C0,func_01F401C0,,reached,generated
0x01F401D8,func_01F401D8,,reached,generated
0x01F401F8,func_01F401F8,,reached,generated
0x01F40230,func_01F40230,,reached,generated
0x01F403C0,func_01F403C0,,reached,generated
0x01F404C0,func_01F404C0,,reached,generated
0x01F40530,func_01F40530,,reached,generated
0x01F40580,func_01F40580,,reached,generated
0x01F405D0,func_01F405D0,,reached,generated
0x01F406A8,func_01F406A8,,reached,generated
0x01F40860,func_01F40860,,reached,generated
0x01F408D0,func_01F408D0,,reached,generated
0x01F40940,fcdelay_01F40940,fcdelay.c,reached,generated
0x01F40988,fcdelay_01F40988,fcdelay.c,reached,generated
0x01F409D8,fcdelay_01F409D8,fcdelay.c,reached,generated
0x01F40A18,fcdelay_01F40A18,fcdelay.c,reached,generated
0x01F40A40,fcdelay_01F40A40,fcdelay.c,reached,generated
0x01F40AF8,fcdelay_01F40AF8,fcdelay.c,reached,generated
0x01F40BC0,fcdelay_01F40BC0,fcdelay.c,reached,generated
0x01F40BD8,fcdelay_01F40BD8,fcdelay.c,reached,generated
0x01F40BE8,fcdelay_01F40BE8,fcdelay.c,reached,generated
0x01F40C28,fcdelay_01F40C28,fcdelay.c,reached,generated
0x01F40C50,fcdelay_01F40C50,fcdelay.c,unreferenced,generated
0x01F40D00,fcdelay_01F40D00,fcdelay.c,reached,generated
0x01F40DA0,fcdelay_01F40DA0,fcdelay.c,reached,generated
0x01F40DF8,fcdelay_01F40DF8,fcdelay.c,reached,generated
0x01F40E30,fcdelay_01F40E30,fcdelay.c,reached,generated
0x01F40E98,fcdelay_01F40E98,fcdelay.c,reached,generated
0x01F40F18,fcdelay_01F40F18,fcdelay.c,reached,generated
0x01F40F80,fcdelay_01F40F80,fcdelay.c,reached,generated
0x01F40FD8,fcdelay_01F40FD8,fcdelay.c,reached,generated
0x01F41018,fcdelay_01F41018,fcdelay.c,reached,generated
0x01F41030,fcdelay_01F41030,fcdelay.c,reached,generated
0x01F41048,fcdelay_01F41048,fcdelay.c,reached,generated
0x01F410A8,fcdelay_01F410A8,fcdelay.c,reached,generated
0x01F410F8,fcdelay_01F410F8,fcdelay.c,reached,generated
0x01F41150,fcdelay_01F41150,fcdelay.c,reached,generated
0x01F411B0,fcdelay_01F411B0,fcdelay.c,reached,generated
0x01F41248,fcdelay_01F41248,fcdelay.c,reached,generated
0x01F41380,fcdelay_01F41380,fcdelay.c,reached,generated
0x01F41388,fcdelay_01F41388,fcdelay.c,reached,generated
0x01F413A8,fcdelay_01F413A8,fcdelay.c,reached,generated
0x01F413F0,fcdelay_01F413F0,fcdelay.c,reached,generated
0x01F41410,fcdelay_01F41410,fcdelay.c,reached,generated
0x01F41428,fcdelay_01F41428,fcdelay.c,reached,generated
0x01F41450,fcdelay_01F41450,fcdelay.c,reached,generated
0x01F41470,fcdelay_01F41470,fcdelay.c,reached,generated
0x01F415B0,fcdelay_01F415B0,fcdelay.c,reached,generated
0x01F415C8,fcdelay_01F415C8,fcdelay.c,reached,generated
0x01F415E8,fcdelay_01F415E8,fcdelay.c,reached,generated
0x01F41708,fcdelay_01F41708,fcdelay.c,reached,generated
0x01F418A0,fcdelay_01F418A0,fcdelay.c,reached,generated
0x01F419F0,fcdelay_01F419F0,fcdelay.c,reached,generated
0x01F41AF8,fcdelay_01F41AF8,fcdelay.c,reached,generated
0x01F41B40,fcdelay_01F41B40,fcdelay.c,reached,generated
0x01F41DC0,fcdelay_01F41DC0,fcdelay.c,reached,generated
0x01F41DF8,fcdelay_01F41DF8,fcdelay.c,reached,generated
0x01F41E00,fcdelay_01F41E00,fcdelay.c,reached,generated
0x01F41E10,fcdelay_01F41E10,fcdelay.c,reached,generated
0x01F41E20,fcdelay_01F41E20,fcdelay.c,reached,generated
0x01F41E40,fcdelay_01F41E40,fcdelay.c,unreferenced,generated
0x01F41E50,fcdelay_01F41E50,fcdelay.c,unreferenced,generated
0x01F41E60,fcdelay_01F41E60,fcdelay.c,reached,generated
0x01F41FF8,fcdelay_01F41FF8,fcdelay.c,reached,generated
0x01F42178,fcdelay_01F42178,fcdelay.c,reached,generated
0x01F427A8,func_01F427A8,,reached,generated
0x01F42888,func_01F42888,,reached,generated
0x01F42908,func_01F42908,,reached,generated
0x01F42988,func_01F42988,,reached,generated
0x01F42B48,func_01F42B48,,reached,generated
0x01F42B60,func_01F42B60,,reached,generated
0x01F42B80,func_01F42B80,,reached,generated
0x01F42C10,func_01F42C10,,reached,generated
0x01F42C30,func_01F42C30,,reached,generated
0x01F42C98,func_01F42C98,,reached,generated
0x01F42CC0,fmmapdb_01F42CC0,fmmapdb.c,reached,generated
0x01F42E00,fmmapdb_01F42E00,fmmapdb.c,reached,generated
0x01F42E88,fmmapdb_01F42E88,fmmapdb.c,reached,generated
0x01F42E90,fmmapdb_01F42E90,fmmapdb.c,reached,generated
0x01F42E98,fmmapdb_01F42E98,fmmapdb.c,reached,generated
0x01F42EA0,fmmapdb_01F42EA0,fmmapdb.c,reached,generated
0x01F42F18,fmmapdb_01F42F18,fmmapdb.c,reached,generated
0x01F42F90,fmmapdb_01F42F90,fmmapdb.c,reached,generated
0x01F42FB0,fmmapdb_01F42FB0,fmmapdb.c,reached,generated
0x01F42FB8,fmmapdb_01F42FB8,fmmapdb.c,reached,generated
0x01F42FF0,fmmapdb_01F42FF0,fmmapdb.c,reached,generated
0x01F43028,fmmapdb_01F43028,fmmapdb.c,reached,generated
0x01F43080,func_01F43080,,reached,generated
0x01F43148,func_01F43148,,reached,generated
0x01F43188,func_01F43188,,reached,generated
0x01F431F0,func_01F431F0,,reached,generated
0x01F43258,func_01F43258,,reached,generated
0x01F43270,func_01F43270,,reached,generated
0x01F432B0,func_01F432B0,,reached,generated
0x01F432C8,func_01F432C8,,reached,generated
0x01F43330,func_01F43330,,reached,generated
0x01F43360,func_01F43360,,reached,generated
0x01F43388,func_01F43388,,reached,generated
0x01F433A8,func_01F433A8,,reached,generated
0x01F43420,func_01F43420,,reached,generated
0x01F43570,func_01F43570,,reached,generated
0x01F43590,func_01F43590,,reached,generated
0x01F43598,func_01F43598,,reached,generated
0x01F435B8,func_01F435B8,,reached,generated
0x01F435D8,func_01F435D8,,reached,generated
0x01F436E0,func_01F436E0,,unreferenced,generated
0x01F43738,func_01F43738,,reached,generated
0x01F43838,func_01F43838,,reached,generated
0x01F43868,func_01F43868,,reached,generated
0x01F438F8,func_01F438F8,,reached,generated
0x01F43930,func_01F43930,,reached,generated
0x01F43958,func_01F43958,,reached,generated
0x01F43970,func_01F43970,,reached,generated
0x01F43990,func_01F43990,,reached,generated
0x01F43998,func_01F43998,,reached,generated
0x01F439A8,func_01F439A8,,unreferenced,generated
0x01F439B8,func_01F439B8,,unreferenced,generated
0x01F439C8,func_01F439C8,,reached,generated
0x01F439F8,fmrouter_01F439F8,fmrouter.c,reached,generated
0x01F43B98,fmrouter_01F43B98,fmrouter.c,reached,generated
0x01F43C18,fmrouter_01F43C18,fmrouter.c,reached,generated
0x01F43CC0,fmrouter_01F43CC0,fmrouter.c,reached,generated
0x01F43D28,fmrouter_01F43D28,fmrouter.c,unreferenced,generated
0x01F43D80,fmrouter_01F43D80,fmrouter.c,reached,generated
0x01F43DD0,fmrouter_01F43DD0,fmrouter.c,reached,generated
0x01F43E30,func_01F43E30,,reached,generated
0x01F43E50,fm_chara_mapchange_forced,,reached,prose_label
0x01F44010,fmchange_01F44010,fmchange.c,reached,generated
0x01F44038,fmchange_01F44038,fmchange.c,reached,generated
0x01F440F0,fmchange_01F440F0,fmchange.c,reached,generated
0x01F441C0,fmchange_01F441C0,fmchange.c,reached,generated
0x01F441C8,fmchange_01F441C8,fmchange.c,reached,generated
0x01F441D0,fmchange_01F441D0,fmchange.c,reached,generated
0x01F44208,fmchange_01F44208,fmchange.c,reached,generated
0x01F44230,fmchange_01F44230,fmchange.c,reached,generated
0x01F44258,fmchange_01F44258,fmchange.c,reached,generated
0x01F44280,fmchange_01F44280,fmchange.c,reached,generated
0x01F442A0,fmchange_01F442A0,fmchange.c,reached,generated
0x01F442C0,fm_change_map02_on_enter,fmchange.c,reached,solo_string
0x01F44360,fmchange_01F44360,fmchange.c,reached,generated
0x01F443C8,fm_change_map19_on_enter,fmchange.c,reached,solo_string
0x01F44468,fmchange_01F44468,fmchange.c,reached,generated
0x01F44470,fmcatgor_01F44470,fmcatgor.c,reached,generated
0x01F44568,fmCategoryAutomoveAuto,fmcatgor.c,reached,recovered
0x01F445F0,fmCategoryAutomoveUpdate,fmcatgor.c,reached,recovered
0x01F446A0,fmcatgor_01F446A0,fmcatgor.c,reached,generated
0x01F446F8,fmcatgor_01F446F8,fmcatgor.c,reached,generated
0x01F44750,fmcatgor_01F44750,fmcatgor.c,reached,generated
0x01F447C8,fmcatgor_01F447C8,fmcatgor.c,unreferenced,generated
0x01F447D0,fmCategoryTimeForward,fmcatgor.c,reached,recovered
0x01F44810,fmcatgor_01F44810,fmcatgor.c,reached,generated
0x01F44908,fmcatgor_01F44908,fmcatgor.c,reached,generated
0x01F44B40,fmcatgor_01F44B40,fmcatgor.c,reached,generated
0x01F44B90,fmcatgor_01F44B90,fmcatgor.c,reached,generated
0x01F44BC0,fmcatgor_01F44BC0,fmcatgor.c,reached,generated
0x01F44BD8,fmcatgor_01F44BD8,fmcatgor.c,reached,generated
0x01F44D30,fmcatgor_01F44D30,fmcatgor.c,reached,generated
0x01F44F70,fmcatgor_01F44F70,fmcatgor.c,reached,generated
0x01F45000,fmcatgor_01F45000,fmcatgor.c,reached,generated
0x01F45040,fmcatgor_01F45040,fmcatgor.c,reached,generated
0x01F45120,fmcatgor_01F45120,fmcatgor.c,reached,generated
0x01F451A0,fmcatgor_01F451A0,fmcatgor.c,reached,generated
0x01F45318,fmcatgor_01F45318,fmcatgor.c,reached,generated
0x01F453F8,fmcatgor_01F453F8,fmcatgor.c,reached,generated
0x01F45570,keepout,fmcatgor.c,reached,prose_label
0x01F45690,fmcatgor_01F45690,fmcatgor.c,reached,generated
0x01F457A8,fmcatgor_01F457A8,fmcatgor.c,reached,generated
0x01F457E8,fmcatgor_01F457E8,fmcatgor.c,reached,generated
0x01F45828,fmcatgor_01F45828,fmcatgor.c,reached,generated
0x01F45918,fmcatgor_01F45918,fmcatgor.c,reached,generated
0x01F45AE8,fmcatgor_01F45AE8,fmcatgor.c,reached,generated
0x01F45C00,fmcatgor_01F45C00,fmcatgor.c,reached,generated
0x01F45D88,fmcatgor_01F45D88,fmcatgor.c,reached,generated
0x01F45DF8,fmcatgor_01F45DF8,fmcatgor.c,reached,generated
0x01F45E58,Can_t_Enter_Here,fmcatgor.c,reached,prose_label
0x01F45E78,fmcatgor_01F45E78,fmcatgor.c,reached,generated
0x01F45F10,fmcatgor_01F45F10,fmcatgor.c,reached,generated
0x01F45F30,fmcatgor_01F45F30,fmcatgor.c,reached,generated
0x01F45F60,fmcatgor_01F45F60,fmcatgor.c,reached,generated
0x01F45F68,fmcatgor_01F45F68,fmcatgor.c,reached,generated
0x01F45FA0,st_Jr_High,fmcatgor.c,reached,prose_label
0x01F45FD8,NERV_Facility,fmcatgor.c,reached,prose_label
0x01F45FE8,fmcatgor_01F45FE8,fmcatgor.c,reached,generated
0x01F45FF8,Misato_s_Apartment,fmcatgor.c,reached,prose_label
0x01F46008,Rei_s_Apartment,fmcatgor.c,reached,prose_label
0x01F46018,Surface_Ruins,fmcatgor.c,reached,prose_label
0x01F46028,Bridge,fmcatgor.c,reached,prose_label
0x01F46038,Cmdr_s_Office,fmcatgor.c,reached,prose_label
0x01F46048,Canteen,fmcatgor.c,reached,prose_label
0x01F46058,Ritsuko_s_Lab,fmcatgor.c,reached,prose_label
0x01F46068,Kaji_s_Room,fmcatgor.c,reached,prose_label
0x01F46078,Misato_s_Office,fmcatgor.c,reached,prose_label
0x01F46088,Vending_Corner,fmcatgor.c,reached,prose_label
0x01F46098,Kaworu_s_Dorm,fmcatgor.c,reached,prose_label
0x01F460A8,fmcatgor_01F460A8,fmcatgor.c,reached,generated
0x01F460B8,Central_Dogma,fmcatgor.c,reached,prose_label
0x01F460C8,fmcatgor_01F460C8,fmcatgor.c,reached,generated
0x01F460D8,fmcatgor_01F460D8,fmcatgor.c,reached,generated
0x01F460E8,fmcatgor_01F460E8,fmcatgor.c,reached,generated
0x01F460F8,fmcatgor_01F460F8,fmcatgor.c,reached,generated
0x01F46208,fmcatgor_01F46208,fmcatgor.c,reached,generated
0x01F46260,fmcatgor_01F46260,fmcatgor.c,reached,generated
0x01F46278,fmDogmaManualMove,fmcatgor.c,reached,prose_label
0x01F46340,fmcatgor_01F46340,fmcatgor.c,reached,generated
0x01F463A8,fmcatgor_01F463A8,fmcatgor.c,reached,generated
0x01F46428,fmcatgor_01F46428,fmcatgor.c,reached,generated
0x01F468B0,fmcatgor_01F468B0,fmcatgor.c,reached,generated
0x01F468D8,Go_Outside,fmcatgor.c,reached,prose_label
0x01F46998,fmcatgor_01F46998,fmcatgor.c,reached,generated
0x01F46AE8,fmcatgor_01F46AE8,fmcatgor.c,reached,generated
0x01F46B68,fmcatgor_01F46B68,fmcatgor.c,reached,generated
0x01F46BE0,fmcatgor_01F46BE0,fmcatgor.c,reached,generated
0x01F46C20,fmcatgor_01F46C20,fmcatgor.c,reached,generated
0x01F46C50,fmcatgor_01F46C50,fmcatgor.c,reached,generated
0x01F46C90,fmcatgor_01F46C90,fmcatgor.c,reached,generated
0x01F46CF0,fmcatgor_01F46CF0,fmcatgor.c,reached,generated
0x01F46D10,fmcatgor_01F46D10,fmcatgor.c,reached,generated
0x01F46F08,DogmaAutomoveNextmapSet,fmcatgor.c,reached,prose_label
0x01F46F70,fmDogmaAutomoveUpdate,fmcatgor.c,reached,prose_label
0x01F47020,func_01F47020,,unreferenced,generated
0x01F47028,func_01F47028,,unreferenced,generated
0x01F47030,fmCharaMotionControl,fmmotion.c,reached,prose_label
0x01F47120,fmmotion_01F47120,fmmotion.c,reached,generated
0x01F47178,fmmotion_01F47178,fmmotion.c,reached,generated
0x01F471C0,fmmotion_01F471C0,fmmotion.c,reached,generated
0x01F471F0,fm_motion_play,fmmotion.c,reached,solo_string
0x01F47308,fmmotion_01F47308,fmmotion.c,reached,generated
0x01F47330,fmmotion_01F47330,fmmotion.c,reached,generated
0x01F47458,fmmotion_01F47458,fmmotion.c,reached,generated
0x01F47460,fmmotion_01F47460,fmmotion.c,reached,generated
0x01F47480,fm_motion_ctrl_once,fmmotion.c,reached,solo_string
0x01F474C0,fm_motion_ctrl_relax,fmmotion.c,reached,solo_string
0x01F47BA0,fmmotion_01F47BA0,fmmotion.c,reached,generated
0x01F47DE8,fmmotion_01F47DE8,fmmotion.c,reached,generated
0x01F47EB8,fmmotion_01F47EB8,fmmotion.c,reached,generated
0x01F47F88,fm_motion_ctrl_once_marker,fmmotion.c,reached,solo_string
0x01F47FC8,fm_motion_ctrl_talk,fmmotion.c,reached,solo_string
0x01F48078,fm_motion_ctrl_cause1,fmmotion.c,reached,solo_string
0x01F480C8,fmmotion_01F480C8,fmmotion.c,reached,generated
0x01F480E8,fm_motion_ctrl_satis,fmmotion.c,reached,solo_string
0x01F48140,fm_motion_ctrl_relaxonly,fmmotion.c,reached,solo_string
0x01F48198,fmmotion_01F48198,fmmotion.c,reached,generated
0x01F481C8,fmmotion_01F481C8,fmmotion.c,reached,generated
0x01F48278,fmmotion_01F48278,fmmotion.c,reached,generated
0x01F482A8,fmmotion_01F482A8,fmmotion.c,reached,generated
0x01F482D8,fmmotion_01F482D8,fmmotion.c,reached,generated
0x01F48308,fmmotion_01F48308,fmmotion.c,reached,generated
0x01F48358,fmmotion_01F48358,fmmotion.c,reached,generated
0x01F48388,fmmotion_01F48388,fmmotion.c,reached,generated
0x01F483F8,fmmotion_01F483F8,fmmotion.c,reached,generated
0x01F48428,fmmotion_01F48428,fmmotion.c,reached,generated
0x01F48458,fmmotion_01F48458,fmmotion.c,reached,generated
0x01F48488,fmmotion_01F48488,fmmotion.c,reached,generated
0x01F484B8,fmmotion_01F484B8,fmmotion.c,reached,generated
0x01F484E8,fmmotion_01F484E8,fmmotion.c,reached,generated
0x01F48518,fmmotion_01F48518,fmmotion.c,reached,generated
0x01F48548,fmmotion_01F48548,fmmotion.c,reached,generated
0x01F48578,fmmotion_01F48578,fmmotion.c,reached,generated
0x01F485A8,fmmotion_01F485A8,fmmotion.c,reached,generated
0x01F485D8,fmmotion_01F485D8,fmmotion.c,reached,generated
0x01F48608,fmmotion_01F48608,fmmotion.c,reached,generated
0x01F48638,fmmotion_01F48638,fmmotion.c,reached,generated
0x01F48668,fmmotion_01F48668,fmmotion.c,reached,generated
0x01F48698,fmmotion_01F48698,fmmotion.c,reached,generated
0x01F486C8,fmmotion_01F486C8,fmmotion.c,reached,generated
0x01F48718,fm_motion_ctrl_state_transit,fmmotion.c,reached,solo_string
0x01F488D8,fmmotion_01F488D8,fmmotion.c,reached,generated
0x01F488E0,fmmotion_01F488E0,fmmotion.c,reached,generated
0x01F48958,fmmotion_01F48958,fmmotion.c,reached,generated
0x01F48978,fmmotion_01F48978,fmmotion.c,reached,generated
0x01F48A28,fmmotion_01F48A28,fmmotion.c,reached,generated
0x01F48B90,fmmotion_01F48B90,fmmotion.c,reached,generated
0x01F48D68,fmLocalDoorProc,fmmotion.c,reached,solo_string
0x01F48DD8,fmmotion_01F48DD8,fmmotion.c,reached,generated
0x01F48FB8,fmLocalDoorUpdate,fmmotion.c,reached,prose_label
0x01F49028,fmmotion_01F49028,fmmotion.c,reached,generated
0x01F49048,fm_doorproc_dooropen,fmmotion.c,reached,solo_string
0x01F49120,fm_doorproc_doormotionipwait,fmmotion.c,reached,solo_string
0x01F49168,fmmotion_01F49168,fmmotion.c,reached,generated
0x01F49198,fm_doorproc_gimmickwait,fmmotion.c,reached,solo_string
0x01F491E0,fm_doorproc_motionwait,fmmotion.c,reached,solo_string
0x01F49240,fm_doorproc_end,fmmotion.c,reached,solo_string
0x01F492A0,fmmotion_01F492A0,fmmotion.c,reached,generated
0x01F492A8,func_01F492A8,,reached,generated
0x01F492E8,func_01F492E8,,reached,generated
0x01F49300,func_01F49300,,reached,generated
0x01F49328,func_01F49328,,reached,generated
0x01F49340,func_01F49340,,reached,generated
0x01F49358,func_01F49358,,reached,generated
0x01F49360,func_01F49360,,reached,generated
0x01F493E8,func_01F493E8,,reached,generated
0x01F49480,func_01F49480,,reached,generated
0x01F494F8,func_01F494F8,,reached,generated
0x01F49598,func_01F49598,,reached,generated
0x01F49790,func_01F49790,,reached,generated
0x01F497B0,func_01F497B0,,reached,generated
0x01F49BA8,func_01F49BA8,,reached,generated
0x01F49C98,func_01F49C98,,reached,generated
0x01F49D28,func_01F49D28,,reached,generated
0x01F49D88,func_01F49D88,,reached,generated
0x01F49DF8,func_01F49DF8,,reached,generated
0x01F49E68,func_01F49E68,,reached,generated
0x01F49F48,func_01F49F48,,reached,generated
0x01F4A030,func_01F4A030,,reached,generated
0x01F4A0E0,fmgimic_01F4A0E0,fmgimic.c,reached,generated
0x01F4A198,func_01F4A198,fmgimic.c,reached,generated
0x01F4A1A0,func_01F4A1A0,fmgimic.c,reached,generated
0x01F4A238,func_01F4A238,fmgimic.c,reached,generated
0x01F4A2A8,func_01F4A2A8,fmgimic.c,reached,generated
0x01F4A370,func_01F4A370,fmgimic.c,reached,generated
0x01F4A398,func_01F4A398,fmgimic.c,reached,generated
0x01F4A3B8,func_01F4A3B8,fmgimic.c,reached,generated
0x01F4A3E0,func_01F4A3E0,fmgimic.c,reached,generated
0x01F4A438,func_01F4A438,fmgimic.c,reached,generated
0x01F4A458,func_01F4A458,fmgimic.c,reached,generated
0x01F4A4F0,func_01F4A4F0,fmgimic.c,reached,generated
0x01F4A548,func_01F4A548,fmgimic.c,reached,generated
0x01F4A5B0,func_01F4A5B0,fmgimic.c,reached,generated
0x01F4A610,func_01F4A610,fmgimic.c,reached,generated
0x01F4A6A8,fmgimic_01F4A6A8,fmgimic.c,reached,generated
0x01F4A728,fmgimic_01F4A728,fmgimic.c,reached,generated
0x01F4A7C0,fmgimic_01F4A7C0,fmgimic.c,reached,generated
0x01F4A840,fmgimic_01F4A840,fmgimic.c,reached,generated
0x01F4A8B0,fmgimic_01F4A8B0,fmgimic.c,reached,generated
0x01F4A8F8,fmgimic_01F4A8F8,fmgimic.c,reached,generated
0x01F4A948,fm_gimmick_id_rewrite_by_chara,fmgimic.c,reached,solo_string
0x01F4A9E0,fmgimic_01F4A9E0,fmgimic.c,reached,generated
0x01F4ABF0,fmgimic_01F4ABF0,fmgimic.c,reached,generated
0x01F4AC78,fmgimic_01F4AC78,fmgimic.c,reached,generated
0x01F4ACB8,fmgimic_01F4ACB8,fmgimic.c,reached,generated
0x01F4AD08,fmgimic_01F4AD08,fmgimic.c,reached,generated
0x01F4AD58,fmgimic_01F4AD58,fmgimic.c,reached,generated
0x01F4AD98,fmWarningPopup,fmgimic.c,reached,solo_string
0x01F4AE30,fmgimic_01F4AE30,fmgimic.c,reached,generated
0x01F4AEA0,fmgimic_01F4AEA0,fmgimic.c,reached,generated
0x01F4AEC0,fmgimic_01F4AEC0,fmgimic.c,reached,generated
0x01F4AEF0,fmgimic_01F4AEF0,fmgimic.c,reached,generated
0x01F4AF28,fmgimic_01F4AF28,fmgimic.c,reached,generated
0x01F4AF58,fmgimic_01F4AF58,fmgimic.c,reached,generated
0x01F4AF90,fmgimic_01F4AF90,fmgimic.c,reached,generated
0x01F4AFA8,fmgimic_01F4AFA8,fmgimic.c,reached,generated
0x01F4AFC0,fmgimic_01F4AFC0,fmgimic.c,reached,generated
0x01F4AFE0,fmgimic_01F4AFE0,fmgimic.c,reached,generated
0x01F4B020,fmgimic_01F4B020,fmgimic.c,reached,generated
0x01F4B0A0,fmgimic_01F4B0A0,fmgimic.c,reached,generated
0x01F4B0C0,fmgimic_01F4B0C0,fmgimic.c,reached,generated
0x01F4B120,fmgimic_01F4B120,fmgimic.c,reached,generated
0x01F4B170,fmCharaOnMapSwitch,fmgimic.c,reached,prose_label
0x01F4B238,fmCharaManualMove,fmgimic.c,reached,prose_label
0x01F4B320,fmgimic_01F4B320,fmgimic.c,reached,generated
0x01F4B368,fm_chara_player_map_switch,fmgimic.c,reached,solo_string
0x01F4B648,fmgimic_01F4B648,fmgimic.c,reached,generated
0x01F4B708,fmgimic_01F4B708,fmgimic.c,reached,generated
0x01F4B748,fmgimic_01F4B748,fmgimic.c,reached,generated
0x01F4B798,fmgimic_01F4B798,fmgimic.c,reached,generated
0x01F4B7B8,fmCharaMotionDelayIP,fmgimic.c,reached,prose_label
0x01F4B850,fmCharaMotionJump,fmgimic.c,reached,prose_label
0x01F4B8C0,fmgimic_01F4B8C0,fmgimic.c,unreferenced,generated
0x01F4B918,fmgimic_01F4B918,fmgimic.c,reached,generated
0x01F4B960,fmgimic_01F4B960,fmgimic.c,reached,generated
0x01F4B9A8,fmgimic_01F4B9A8,fmgimic.c,unreferenced,generated
0x01F4B9B0,fmgimic_01F4B9B0,fmgimic.c,unreferenced,generated
0x01F4B9F8,fmgimic_01F4B9F8,fmgimic.c,reached,generated
0x01F4BA40,fmgimic_01F4BA40,fmgimic.c,reached,generated
0x01F4BA88,fmgimic_01F4BA88,fmgimic.c,reached,generated
0x01F4BAE0,fmgimic_01F4BAE0,fmgimic.c,reached,generated
0x01F4BB28,fmgimic_01F4BB28,fmgimic.c,reached,generated
0x01F4BB70,fmCharaPosSet,fmgimic.c,reached,solo_string
0x01F4BBF0,fmCharaRotSet,fmgimic.c,reached,solo_string
0x01F4BC60,func_01F4BC60,,reached,generated
0x01F4BCE0,func_01F4BCE0,,reached,generated
0x01F4BD50,func_01F4BD50,,reached,generated
0x01F4BDC0,func_01F4BDC0,,reached,generated
0x01F4BE58,func_01F4BE58,,reached,generated
0x01F4BEB0,func_01F4BEB0,,reached,generated
0x01F4BF08,func_01F4BF08,,reached,generated
0x01F4BF60,fmchara_01F4BF60,fmchara.c,reached,generated
0x01F4C018,fmchara_01F4C018,fmchara.c,reached,generated
0x01F4C060,fmCharaDisp,fmchara.c,reached,recovered
0x01F4C0D8,fmCharaDispGet,fmchara.c,reached,recovered
0x01F4C130,fmCharaWarp,fmchara.c,reached,recovered
0x01F4C208,fmchara_01F4C208,fmchara.c,unreferenced,generated
0x01F4C258,fmCharaMotionRelax,fmchara.c,reached,recovered
0x01F4C2B8,fmchara_01F4C2B8,fmchara.c,reached,generated
0x01F4C308,fmchara_01F4C308,fmchara.c,reached,generated
0x01F4C340,fmchara_01F4C340,fmchara.c,reached,generated
0x01F4C378,fmCharaMoveAuto,fmchara.c,reached,recovered
0x01F4C430,fmCharaMoveLastcellClear,fmchara.c,reached,recovered
0x01F4C468,fmchara_01F4C468,fmchara.c,unreferenced,generated
0x01F4C498,fmchara_01F4C498,fmchara.c,reached,generated
0x01F4C4C8,fmchara_01F4C4C8,fmchara.c,reached,generated
0x01F4C4E8,fmchara_01F4C4E8,fmchara.c,unreferenced,generated
0x01F4C518,fmchara_01F4C518,fmchara.c,reached,generated
0x01F4C600,fmchara_01F4C600,fmchara.c,reached,generated
0x01F4C760,fmCharaMoveDestMapGet,fmchmove.c,reached,recovered
0x01F4C7C0,_fmCharaMovePause,fmchmove.c,reached,recovered
0x01F4C7F8,fmCharaMovePauseState,fmchmove.c,unreferenced,recovered
0x01F4C820,fmCharaMoveAbort,fmchmove.c,reached,recovered
0x01F4C880,fmCharaMoveSync,fmchmove.c,reached,recovered
0x01F4C990,fm_chara_automove_task_level,fmchmove.c,reached,solo_string
0x01F4C9F0,fm_chara_move_update,fmchmove.c,reached,solo_string
0x01F4CA70,fm_chara_automove_update_by_chara,fmchmove.c,reached,solo_string
0x01F4CAE0,fmchmove_01F4CAE0,fmchmove.c,reached,generated
0x01F4CB70,fm_chara_automove_inmaporder,fmchmove.c,reached,solo_string
0x01F4CC38,fm_chara_automove_inmapproc,fmchmove.c,reached,solo_string
0x01F4CC90,fm_chara_automove_endcheck,fmchmove.c,reached,solo_string
0x01F4CCF8,fm_chara_automove_mapchange,fmchmove.c,reached,solo_string
0x01F4CE10,fmchmove_01F4CE10,fmchmove.c,reached,generated
0x01F4CE18,fmCharaMoveCheck,fmchmove.c,reached,recovered
0x01F4CE50,fmCharaWalkNormalSpeedSet,fmchmove.c,reached,recovered
0x01F4CE80,fmCharaWalkNormalSpeedGet,fmchmove.c,reached,recovered
0x01F4CEA8,fmCharaWalkHekomiSpeedSet,fmchmove.c,reached,recovered
0x01F4CED8,fmCharaWalkHekomiSpeedGet,fmchmove.c,reached,recovered
0x01F4CF00,fmCharaRunspeedSet,fmchmove.c,reached,recovered
0x01F4CF30,fmCharaRunspeedGet,fmchmove.c,reached,recovered
0x01F4CF58,fmCharaBackspeedSet,fmchmove.c,reached,recovered
0x01F4CF88,fmCharaBackspeedGet,fmchmove.c,reached,recovered
0x01F4CFB0,fmCharaSidespeedSet,fmchmove.c,reached,recovered
0x01F4CFE0,fmCharaSidespeedGet,fmchmove.c,reached,recovered
0x01F4D008,fmCharaMotionSpeedSet,fmchmove.c,reached,recovered
0x01F4D060,fmCharaMotionSpeedGet,fmchmove.c,reached,recovered
0x01F4D088,fmchmove_01F4D088,fmchmove.c,reached,generated
0x01F4D0C8,fmCharaMotionPauseEnd,fmchmove.c,reached,recovered
0x01F4D128,fmchmove_01F4D128,fmchmove.c,reached,generated
0x01F4D140,fmCharaPrevMap,fmchmove.c,reached,recovered
0x01F4D168,fmchmove_01F4D168,fmchmove.c,reached,generated
0x01F4D1E8,fmCharaPosGet,fmchmove.c,reached,recovered
0x01F4D228,fmCharaRotGet,fmchmove.c,reached,recovered
0x01F4D280,fmCharaMotionGet,fmchmove.c,unreferenced,recovered
0x01F4D2A8,fmchmove_01F4D2A8,fmchmove.c,reached,generated
0x01F4D2C8,fmCharaDoorOpenIDGet,fmchmove.c,reached,recovered
0x01F4D300,fmCharaAlphaSet,fmchmove.c,reached,recovered
0x01F4D330,fmCharaAlphaGet,fmchmove.c,reached,recovered
0x01F4D358,fmCharaLookSettingDiscard,fmchmove.c,reached,recovered
0x01F4D3A0,fmCharaMotionNotetrackSEONIgnoreSet,fmchmove.c,reached,recovered
0x01F4D3D0,fmCharaMotionNotetrackSEONIgnoreGet,fmchmove.c,reached,recovered
0x01F4D3F8,fmCharaHitcheckExtentionSet,fmchmove.c,reached,recovered
0x01F4D430,fmCharaHitcheckExtentionReset,fmchmove.c,reached,recovered
0x01F4D468,fmchmove_01F4D468,fmchmove.c,reached,generated
0x01F4D478,fmchmove_01F4D478,fmchmove.c,reached,generated
0x01F4D4C0,fmchmove_01F4D4C0,fmchmove.c,reached,generated
0x01F4D590,fmchmove_01F4D590,fmchmove.c,reached,generated
0x01F4D608,fmchmove_01F4D608,fmchmove.c,reached,generated
0x01F4D620,fm_chara_reentry_lookset_setting,fmchmove.c,reached,solo_string
0x01F4D6C0,fmchmove_01F4D6C0,fmchmove.c,reached,generated
0x01F4D6C8,fm_chara_reentry_lookset_person,fmchmove.c,reached,solo_string
0x01F4D708,fm_chara_reentry_lookset_target,fmchmove.c,reached,solo_string
0x01F4D748,fm_chara_reentry_lookset_angle,fmchmove.c,reached,solo_string
0x01F4D780,fm_chara_reentry_lookset_person_node,fmchmove.c,reached,solo_string
0x01F4D7E0,fmMapForbiddenAreaCheck,fmchrent.c,reached,trace_string
0x01F4D9C8,fmchrent_01F4D9C8,fmchrent.c,reached,generated
0x01F4DAD0,fmchrent_01F4DAD0,fmchrent.c,reached,generated
0x01F4DCC0,fm_chara_pos_set,fmchrent.c,reached,solo_string
0x01F4DD50,fmCharaViewReflection,fmchrent.c,reached,recovered
0x01F4DDB0,fmCharaMotionEndWaitWithTimeout,fmchrent.c,reached,recovered
0x01F4DEF0,fmchrent_01F4DEF0,fmchrent.c,unreferenced,generated
0x01F4DF78,fmchrent_01F4DF78,fmchrent.c,reached,generated
0x01F4DFB8,fmchrent_01F4DFB8,fmchrent.c,reached,generated
0x01F4E030,fmchrent_01F4E030,fmchrent.c,reached,generated
0x01F4E0D8,fmchrent_01F4E0D8,fmchrent.c,unreferenced,generated
0x01F4E1F0,fmchrent_01F4E1F0,fmchrent.c,unreferenced,generated
0x01F4E388,fmchrent_01F4E388,fmchrent.c,reached,generated
0x01F4E408,fmCharaCurrentMotionEndWait,fmchrent.c,unreferenced,recovered
0x01F4E440,fmchrent_01F4E440,fmchrent.c,reached,generated
0x01F4E468,fmchrent_01F4E468,fmchrent.c,reached,generated
0x01F4E8C0,fmchrent_01F4E8C0,fmchrent.c,reached,generated
0x01F4EA18,fmchrent_01F4EA18,fmchrent.c,reached,generated
0x01F4EAA0,fmchrent_01F4EAA0,fmchrent.c,reached,generated
0x01F4ECE0,fmchrent_01F4ECE0,fmchrent.c,reached,generated
0x01F4ED08,fmchrent_01F4ED08,fmchrent.c,reached,generated
0x01F4ED58,fmchrent_01F4ED58,fmchrent.c,reached,generated
0x01F4ED78,fmchrent_01F4ED78,fmchrent.c,unreferenced,generated
0x01F4ED98,fmchrent_01F4ED98,fmchrent.c,unreferenced,generated
0x01F4EDD8,fmchrent_01F4EDD8,fmchrent.c,unreferenced,generated
0x01F4EDF0,fmchrent_01F4EDF0,fmchrent.c,reached,generated
0x01F4EE08,fmchrent_01F4EE08,fmchrent.c,reached,generated
0x01F4EE20,fmchrent_01F4EE20,fmchrent.c,reached,generated
0x01F4EEC8,fmchrent_01F4EEC8,fmchrent.c,reached,generated
0x01F4EF60,fmchrent_01F4EF60,fmchrent.c,reached,generated
0x01F4EFA0,fmchrent_01F4EFA0,fmchrent.c,reached,generated
0x01F4EFE8,fmchrent_01F4EFE8,fmchrent.c,reached,generated
0x01F4F070,fmchrent_01F4F070,fmchrent.c,reached,generated
0x01F4F098,fmchrent_01F4F098,fmchrent.c,reached,generated
0x01F4F130,fmCharaMapChangeDestGet,fmchrent.c,reached,recovered
0x01F4F170,fmCharaGimmickRewriteSet,fmchrent.c,reached,recovered
0x01F4F1F8,fmCharaGimmickRewriteClear,fmchrent.c,reached,recovered
0x01F4F248,fmchrent_01F4F248,fmchrent.c,reached,generated
0x01F4F2C8,fmchrent_01F4F2C8,fmchrent.c,reached,generated
0x01F4F3F0,fmchrent_01F4F3F0,fmchrent.c,reached,generated
0x01F4F488,fmchrent_01F4F488,fmchrent.c,reached,generated
0x01F4F4D0,fmchrent_01F4F4D0,fmchrent.c,unreferenced,generated
0x01F4F5D8,fm3DOnMotion,fmchrent.c,reached,solo_string
0x01F4F620,fmchrent_01F4F620,fmchrent.c,reached,generated
0x01F4F690,fmchrent_01F4F690,fmchrent.c,reached,generated
0x01F4F6A0,fmchrent_01F4F6A0,fmchrent.c,reached,generated
0x01F4F728,fmchrent_01F4F728,fmchrent.c,reached,generated
0x01F4F740,fmchrent_01F4F740,fmchrent.c,reached,generated
0x01F4F758,fmchrent_01F4F758,fmchrent.c,reached,generated
0x01F4F770,fmchrent_01F4F770,fmchrent.c,reached,generated
0x01F4F790,fmchrent_01F4F790,fmchrent.c,reached,generated
0x01F4F7B0,fmchrent_01F4F7B0,fmchrent.c,reached,generated
0x01F4F7E8,fmchrent_01F4F7E8,fmchrent.c,reached,generated
0x01F4F800,fmchrent_01F4F800,fmchrent.c,reached,generated
0x01F4F820,fmchrent_01F4F820,fmchrent.c,reached,generated
0x01F4F840,fmchrent_01F4F840,fmchrent.c,reached,generated
0x01F4F970,fmchrent_01F4F970,fmchrent.c,reached,generated
0x01F4F988,fmchrent_01F4F988,fmchrent.c,reached,generated
0x01F4FA60,fmchrent_01F4FA60,fmchrent.c,reached,generated
0x01F4FC48,fmchrent_01F4FC48,fmchrent.c,reached,generated
0x01F4FC68,fmchrent_01F4FC68,fmchrent.c,reached,generated
0x01F4FC80,fm3DOnLookSet,fmchrent.c,reached,solo_string
0x01F4FCD8,fmchrent_01F4FCD8,fmchrent.c,reached,generated
0x01F4FCF8,fmchrent_01F4FCF8,fmchrent.c,reached,generated
0x01F4FD10,fmchrent_01F4FD10,fmchrent.c,reached,generated
0x01F4FD28,fmchrent_01F4FD28,fmchrent.c,reached,generated
0x01F4FD80,fmchrent_01F4FD80,fmchrent.c,reached,generated
0x01F4FD98,fmchrent_01F4FD98,fmchrent.c,reached,generated
0x01F4FE10,fm3DOffMotionGimmickLogicSync,fmchrent.c,reached,solo_string
0x01F50418,fm3doff_01F50418,fm3doff.c,reached,generated
0x01F504E0,fm3doff_01F504E0,fm3doff.c,reached,generated
0x01F50538,fm3doff_01F50538,fm3doff.c,reached,generated
0x01F50580,fm3doff_01F50580,fm3doff.c,reached,generated
0x01F505C0,fm3doff_01F505C0,fm3doff.c,reached,generated
0x01F50640,fm3doff_01F50640,fm3doff.c,reached,generated
0x01F50798,fm3doff_01F50798,fm3doff.c,reached,generated
0x01F507E0,fm3doff_01F507E0,fm3doff.c,reached,generated
0x01F50808,fm3doff_01F50808,fm3doff.c,reached,generated
0x01F508E8,fm3doff_01F508E8,fm3doff.c,reached,generated
0x01F508F0,fm3doff_01F508F0,fm3doff.c,reached,generated
0x01F508F8,fm3doff_01F508F8,fm3doff.c,reached,generated
0x01F50900,fm3doff_01F50900,fm3doff.c,reached,generated
0x01F50908,fm3doff_01F50908,fm3doff.c,reached,generated
0x01F50910,fm3doff_01F50910,fm3doff.c,reached,generated
0x01F50918,fm3doff_01F50918,fm3doff.c,reached,generated
0x01F50938,fm3doff_01F50938,fm3doff.c,reached,generated
0x01F50940,fm3doff_01F50940,fm3doff.c,reached,generated
0x01F50948,fm3doff_01F50948,fm3doff.c,reached,generated
0x01F50950,fm3doff_01F50950,fm3doff.c,reached,generated
0x01F50958,fm3doff_01F50958,fm3doff.c,reached,generated
0x01F50960,fm3doff_01F50960,fm3doff.c,reached,generated
0x01F50968,fm3doff_01F50968,fm3doff.c,reached,generated
0x01F50970,fm3doff_01F50970,fm3doff.c,reached,generated
0x01F50978,fm3doff_01F50978,fm3doff.c,reached,generated
0x01F50980,fm3doff_01F50980,fm3doff.c,reached,generated
0x01F50998,fm3doff_01F50998,fm3doff.c,reached,generated
0x01F509B8,fm3doff_01F509B8,fm3doff.c,reached,generated
0x01F509C0,fm3dOffMotionCurrentGet,fm3doff.c,reached,solo_string
0x01F509E8,fm3doff_01F509E8,fm3doff.c,reached,generated
0x01F50A00,fm3dOffLookMotionOnEnd,fm3doff.c,reached,solo_string
0x01F50A30,fm3DOffLookPersonWithNode,fm3doff.c,reached,solo_string
0x01F50A90,fm3doff_01F50A90,fm3doff.c,reached,generated
0x01F50AC8,fm3doff_01F50AC8,fm3doff.c,reached,generated
0x01F50AD0,fm3doff_01F50AD0,fm3doff.c,reached,generated
0x01F50B40,fm3doff_01F50B40,fm3doff.c,reached,generated
0x01F50B80,fm3doff_01F50B80,fm3doff.c,reached,generated
0x01F50BC0,fm3DManualMove_impl,fm3doff.c,reached,recovered
0x01F50D88,fm_3dctrl_at_stop,fm3doff.c,reached,solo_string
0x01F50F88,fm_3dctrl_at_walk,fm3doff.c,reached,solo_string
0x01F51B28,fm3doff_01F51B28,fm3doff.c,reached,generated
0x01F51BD8,fm3doff_01F51BD8,fm3doff.c,reached,generated
0x01F51C10,fm_3dctrl_motion,fm3doff.c,reached,solo_string
0x01F51CA0,fm3doff_01F51CA0,fm3doff.c,reached,generated
0x01F51CC8,fm3doff_01F51CC8,fm3doff.c,reached,generated
0x01F51D88,fm3doff_01F51D88,fm3doff.c,reached,generated
0x01F51E70,fm3doff_01F51E70,fm3doff.c,reached,generated
0x01F51F28,fm3doff_01F51F28,fm3doff.c,reached,generated
0x01F51F30,fm3doff_01F51F30,fm3doff.c,reached,generated
0x01F51F68,fm3doff_01F51F68,fm3doff.c,reached,generated
0x01F520B8,Go_Outside,fm3doff.c,reached,prose_label
0x01F52390,fm_3dctrl_out3dmap,fm3doff.c,reached,solo_string
0x01F52448,fm3doff_01F52448,fm3doff.c,reached,generated
0x01F524C8,fm3doff_01F524C8,fm3doff.c,reached,generated
0x01F52508,fm3doff_01F52508,fm3doff.c,reached,generated
0x01F52518,fm3doff_01F52518,fm3doff.c,reached,generated
0x01F52528,fm3doff_01F52528,fm3doff.c,reached,generated
0x01F52538,fm3doff_01F52538,fm3doff.c,reached,generated
0x01F52548,fm3doff_01F52548,fm3doff.c,reached,generated
0x01F52558,fm3doff_01F52558,fm3doff.c,reached,generated
0x01F52568,fm3doff_01F52568,fm3doff.c,reached,generated
0x01F52578,fm3doff_01F52578,fm3doff.c,reached,generated
0x01F52588,fm3doff_01F52588,fm3doff.c,reached,generated
0x01F52598,fm3doff_01F52598,fm3doff.c,reached,generated
0x01F525A8,fm3doff_01F525A8,fm3doff.c,reached,generated
0x01F525B8,fm3doff_01F525B8,fm3doff.c,reached,generated
0x01F525C8,fm3doff_01F525C8,fm3doff.c,reached,generated
0x01F52820,fm3doff_01F52820,fm3doff.c,reached,generated
0x01F52A90,fm3doff_01F52A90,fm3doff.c,reached,generated
0x01F52E08,fm3doff_01F52E08,fm3doff.c,reached,generated
0x01F53130,fm3doff_01F53130,fm3doff.c,reached,generated
0x01F53208,fm3doff_01F53208,fm3doff.c,reached,generated
0x01F53378,fm3doff_01F53378,fm3doff.c,reached,generated
0x01F534F8,fm3doff_01F534F8,fm3doff.c,reached,generated
0x01F53648,fm3doff_01F53648,fm3doff.c,reached,generated
0x01F53A50,fm3doff_01F53A50,fm3doff.c,reached,generated
0x01F53AC0,fm3doff_01F53AC0,fm3doff.c,reached,generated
0x01F53BE8,fm3doff_01F53BE8,fm3doff.c,reached,generated
0x01F53CE8,fm3doff_01F53CE8,fm3doff.c,reached,generated
0x01F53E00,fm3doff_01F53E00,fm3doff.c,reached,generated
0x01F53E78,fm3doff_01F53E78,fm3doff.c,reached,generated
0x01F53F00,fm3doff_01F53F00,fm3doff.c,reached,generated
0x01F53F50,fm3doff_01F53F50,fm3doff.c,reached,generated
0x01F53F68,fm3doff_01F53F68,fm3doff.c,reached,generated
0x01F54020,fm3doff_01F54020,fm3doff.c,reached,generated
0x01F54360,fm3doff_01F54360,fm3doff.c,reached,generated
0x01F54430,fm3doff_01F54430,fm3doff.c,reached,generated
0x01F545C0,fm3doff_01F545C0,fm3doff.c,reached,generated
0x01F545D8,fmAutoMoveInit,fm3doff.c,reached,prose_label
0x01F54608,fmAutoMoveDone,fm3doff.c,reached,prose_label
0x01F54640,fm3doff_01F54640,fm3doff.c,reached,generated
0x01F54748,fm3doff_01F54748,fm3doff.c,reached,generated
0x01F54810,fm3doff_01F54810,fm3doff.c,reached,generated
0x01F54960,fm3doff_01F54960,fm3doff.c,reached,generated
0x01F54A58,fm_auto_find_init,fm3doff.c,reached,solo_string
0x01F54C48,fm3dpath_01F54C48,fm3dpath.c,reached,generated
0x01F54D70,fm3dpath_01F54D70,fm3dpath.c,reached,generated
0x01F54F30,fm3dpath_01F54F30,fm3dpath.c,reached,generated
0x01F55068,fm_auto_find_point_convert,fm3dpath.c,reached,solo_string
0x01F55208,fm3dpath_01F55208,fm3dpath.c,reached,generated
0x01F55398,fm3dpath_01F55398,fm3dpath.c,reached,generated
0x01F554B8,fm3dpath_01F554B8,fm3dpath.c,reached,generated
0x01F554D8,fm3dpath_01F554D8,fm3dpath.c,reached,generated
0x01F55640,fm3dpath_01F55640,fm3dpath.c,reached,generated
0x01F55650,fm_auto_find_path_extend,fm3dpath.c,reached,solo_string
0x01F55798,fm3dpath_01F55798,fm3dpath.c,reached,generated
0x01F557D8,fm3dpath_01F557D8,fm3dpath.c,reached,generated
0x01F55998,fm3dpath_01F55998,fm3dpath.c,reached,generated
0x01F55BD8,fm3dpath_01F55BD8,fm3dpath.c,reached,generated
0x01F55CF0,fm3dpath_01F55CF0,fm3dpath.c,reached,generated
0x01F55D40,fm3dpath_01F55D40,fm3dpath.c,unreferenced,generated
0x01F55F38,fm3dpath_01F55F38,fm3dpath.c,reached,generated
0x01F55F58,fm3dpath_01F55F58,fm3dpath.c,reached,generated
0x01F55F90,fm3dpath_01F55F90,fm3dpath.c,reached,generated
0x01F55FC0,fm3dpath_01F55FC0,fm3dpath.c,reached,generated
0x01F55FC8,Free3DUpdate_AutoMove,fm3dpath.c,reached,prose_label
0x01F56010,fm3dtrce_01F56010,fm3dtrce.c,reached,generated
0x01F56100,_fm3DPathTraceUpdateMoveAbort,fm3dtrce.c,reached,recovered
0x01F56188,fm3dtrce_01F56188,fm3dtrce.c,unreferenced,generated
0x01F561B8,fm3dtrce_01F561B8,fm3dtrce.c,reached,generated
0x01F56278,fm3DPathTraceSync,fm3dtrce.c,reached,solo_string
0x01F562C8,fm3dtrce_01F562C8,fm3dtrce.c,reached,generated
0x01F564F0,fm_auto_trace_phase_move,fm3dtrce.c,reached,solo_string
0x01F568F0,fm3dtrce_01F568F0,fm3dtrce.c,reached,generated
0x01F56D48,fm3dtrce_01F56D48,fm3dtrce.c,reached,generated
0x01F56D80,fm3dtrce_01F56D80,fm3dtrce.c,reached,generated
0x01F56D98,fm_auto_trace_normal_on_trace,fm3dtrce.c,reached,solo_string
0x01F56F60,fm3dtrce_01F56F60,fm3dtrce.c,reached,generated
0x01F56F78,fm3dtrce_01F56F78,fm3dtrce.c,reached,generated
0x01F57028,fm_auto_trace_back_on_init,fm3dtrce.c,reached,solo_string
0x01F570E0,fm_auto_trace_back_on_trace,fm3dtrce.c,reached,solo_string
0x01F57178,fm3dtrce_01F57178,fm3dtrce.c,reached,generated
0x01F57190,fm3dtrce_01F57190,fm3dtrce.c,reached,generated
0x01F571E0,fm3dtrce_01F571E0,fm3dtrce.c,reached,generated
0x01F571E8,fm_auto_trace_side_right_on_trace,fm3dtrce.c,reached,solo_string
0x01F57210,fm_auto_trace_side_left_on_trace,fm3dtrce.c,reached,solo_string
0x01F57238,fm3dtrce_01F57238,fm3dtrce.c,reached,generated
0x01F57240,fm3dtrce_01F57240,fm3dtrce.c,reached,generated
0x01F57258,fm3dtrce_01F57258,fm3dtrce.c,reached,generated
0x01F57260,fm3dtrce_01F57260,fm3dtrce.c,reached,generated
0x01F573E8,fm3dtrce_01F573E8,fm3dtrce.c,reached,generated
0x01F57490,fm3dtrce_01F57490,fm3dtrce.c,reached,generated
0x01F57498,fm3dtrce_01F57498,fm3dtrce.c,reached,generated
0x01F574A0,fm_auto_trace_init_driver,fm3dtrce.c,reached,solo_string
0x01F57528,fm3dtrce_01F57528,fm3dtrce.c,reached,generated
0x01F576A8,fm_auto_trace_init_turn,fm3dtrce.c,reached,solo_string
0x01F57788,fm3dtrce_01F57788,fm3dtrce.c,reached,generated
0x01F57800,fm3dtrce_01F57800,fm3dtrce.c,reached,generated
0x01F57850,fm_auto_trace_exit_2_start,fm3dtrce.c,reached,solo_string
0x01F57890,fm3dtrce_01F57890,fm3dtrce.c,reached,generated
0x01F578E0,fm3dtrce_01F578E0,fm3dtrce.c,reached,generated
0x01F57970,fm3dtrce_01F57970,fm3dtrce.c,reached,generated
0x01F579C8,fm3dtrce_01F579C8,fm3dtrce.c,reached,generated
0x01F57AD0,fm3dtrce_01F57AD0,fm3dtrce.c,reached,generated
0x01F57B40,fm3dtrce_01F57B40,fm3dtrce.c,reached,generated
0x01F57BE0,fm3dtrce_01F57BE0,fm3dtrce.c,reached,generated
0x01F57CF8,fm3dtrce_01F57CF8,fm3dtrce.c,reached,generated
0x01F57EC8,fm3dtrce_01F57EC8,fm3dtrce.c,reached,generated
0x01F58178,fm3dtrce_01F58178,fm3dtrce.c,reached,generated
0x01F581B0,fm3dtrce_01F581B0,fm3dtrce.c,reached,generated
0x01F58218,fm3dtrce_01F58218,fm3dtrce.c,reached,generated
0x01F58238,fm3dtrce_01F58238,fm3dtrce.c,unreferenced,generated
0x01F582A0,fm3dtrce_01F582A0,fm3dtrce.c,reached,generated
0x01F582C0,fm3dtrce_01F582C0,fm3dtrce.c,reached,generated
0x01F58320,fm3dtrce_01F58320,fm3dtrce.c,reached,generated
0x01F58340,fm3dtrce_01F58340,fm3dtrce.c,reached,generated
0x01F58388,fm3dtrce_01F58388,fm3dtrce.c,reached,generated
0x01F583E0,fvMotionPlay,fm3dtrce.c,reached,prose_label
0x01F584B0,fvMotionPlayIP,fm3dtrce.c,reached,prose_label
0x01F58590,fm3dtrce_01F58590,fm3dtrce.c,reached,generated
0x01F585B0,fm3dtrce_01F585B0,fm3dtrce.c,reached,generated
0x01F58718,func_01F58718,,reached,generated
0x01F58778,func_01F58778,,reached,generated
0x01F587F8,func_01F587F8,,unreferenced,generated
0x01F58870,func_01F58870,,reached,generated
0x01F58910,func_01F58910,,reached,generated
0x01F589B0,func_01F589B0,,reached,generated
0x01F58AB0,fvcommon_01F58AB0,fvcommon.c,reached,generated
0x01F58B68,func_01F58B68,fvcommon.c,reached,generated
0x01F58BB8,func_01F58BB8,fvcommon.c,reached,generated
0x01F58BF0,fvcommon_01F58BF0,fvcommon.c,reached,generated
0x01F58C40,func_01F58C40,fvcommon.c,reached,generated
0x01F58C98,func_01F58C98,fvcommon.c,reached,generated
0x01F58DA0,func_01F58DA0,fvcommon.c,reached,generated
0x01F58E00,fvcommon_01F58E00,fvcommon.c,reached,generated
0x01F58E58,fvcommon_01F58E58,fvcommon.c,reached,generated
0x01F58ED8,func_01F58ED8,fvcommon.c,reached,generated
0x01F58F50,func_01F58F50,fvcommon.c,reached,generated
0x01F58FC0,func_01F58FC0,fvcommon.c,reached,generated
0x01F58FD0,func_01F58FD0,fvcommon.c,reached,generated
0x01F590A0,func_01F590A0,fvcommon.c,reached,generated
0x01F590E8,fvcommon_01F590E8,fvcommon.c,reached,generated
0x01F59198,func_01F59198,,reached,generated
0x01F591B0,fvmap_01F591B0,fvmap.c,reached,generated
0x01F593E0,fvmap_01F593E0,fvmap.c,reached,generated
0x01F59618,fvmap_01F59618,fvmap.c,reached,generated
0x01F596C0,fvmap_01F596C0,fvmap.c,reached,generated
0x01F596F0,fvmap_01F596F0,fvmap.c,unreferenced,generated
0x01F59718,fvmap_01F59718,fvmap.c,reached,generated
0x01F597B0,fvmap_01F597B0,fvmap.c,reached,generated
0x01F597C0,fvmap_01F597C0,fvmap.c,reached,generated
0x01F59828,fvmap_01F59828,fvmap.c,reached,generated
0x01F59860,fvmap_01F59860,fvmap.c,reached,generated
0x01F59880,fvmap_01F59880,fvmap.c,reached,generated
0x01F59890,fvmap_01F59890,fvmap.c,unreferenced,generated
0x01F598A0,fvmap_01F598A0,fvmap.c,reached,generated
0x01F598C8,fvmap_01F598C8,fvmap.c,reached,generated
0x01F598F0,fvmap_01F598F0,fvmap.c,reached,generated
0x01F59960,fvmap_01F59960,fvmap.c,reached,generated
0x01F599A0,fvmap_01F599A0,fvmap.c,reached,generated
0x01F599C8,fvmap_01F599C8,fvmap.c,reached,generated
0x01F59A60,fvmap_01F59A60,fvmap.c,reached,generated
0x01F59B30,fvmap_01F59B30,fvmap.c,reached,generated
0x01F59BD0,fvmap_01F59BD0,fvmap.c,reached,generated
0x01F59D48,fvmap_01F59D48,fvmap.c,reached,generated
0x01F59D58,fvmap_01F59D58,fvmap.c,reached,generated
0x01F59DF8,fvmap_01F59DF8,fvmap.c,reached,generated
0x01F59E90,fvmap_01F59E90,fvmap.c,reached,generated
0x01F59EE0,fvmap_01F59EE0,fvmap.c,reached,generated
0x01F5A2A0,func_01F5A2A0,,reached,generated
0x01F5A2B0,fvmapcam_01F5A2B0,fvmapcam.c,reached,generated
0x01F5A2F8,fvmapcam_01F5A2F8,fvmapcam.c,reached,generated
0x01F5A328,fvmapcam_01F5A328,fvmapcam.c,reached,generated
0x01F5A348,func_01F5A348,fvmapcam.c,reached,generated
0x01F5A358,fvmapcam_01F5A358,fvmapcam.c,reached,generated
0x01F5A378,fvmapcam_01F5A378,fvmapcam.c,reached,generated
0x01F5A428,fvmapcam_01F5A428,fvmapcam.c,reached,generated
0x01F5A480,fvmapcam_01F5A480,fvmapcam.c,reached,generated
0x01F5A4C8,fvmapcam_01F5A4C8,fvmapcam.c,reached,generated
0x01F5A4D8,fvmapcam_01F5A4D8,fvmapcam.c,reached,generated
0x01F5A4E0,fvmapcam_01F5A4E0,fvmapcam.c,reached,generated
0x01F5A558,fvmapcam_01F5A558,fvmapcam.c,reached,generated
0x01F5A680,fvmapcam_01F5A680,fvmapcam.c,reached,generated
0x01F5A6B8,fvmapcam_01F5A6B8,fvmapcam.c,reached,generated
0x01F5A750,fvmapcam_01F5A750,fvmapcam.c,reached,generated
0x01F5A790,fvmapcam_01F5A790,fvmapcam.c,reached,generated
0x01F5A7E8,fvmapcam_01F5A7E8,fvmapcam.c,reached,generated
0x01F5A850,fvmapcam_01F5A850,fvmapcam.c,reached,generated
0x01F5AAA0,fvmapcam_01F5AAA0,fvmapcam.c,reached,generated
0x01F5AAB0,fvmapcam_01F5AAB0,fvmapcam.c,reached,generated
0x01F5AAE0,fvmapcam_01F5AAE0,fvmapcam.c,reached,generated
0x01F5AB10,fvmapcam_01F5AB10,fvmapcam.c,reached,generated
0x01F5AB78,fvmapcam_01F5AB78,fvmapcam.c,reached,generated
0x01F5ABB0,fvmapcam_01F5ABB0,fvmapcam.c,reached,generated
0x01F5AC80,fvmapcam_01F5AC80,fvmapcam.c,reached,generated
0x01F5AD68,fvmapcam_01F5AD68,fvmapcam.c,reached,generated
0x01F5ADE0,fvmapcam_01F5ADE0,fvmapcam.c,reached,generated
0x01F5AE08,fvmapcam_01F5AE08,fvmapcam.c,reached,generated
0x01F5B228,fvmapcam_01F5B228,fvmapcam.c,reached,generated
0x01F5B318,fvmapcam_01F5B318,fvmapcam.c,reached,generated
0x01F5B338,fvmapcam_01F5B338,fvmapcam.c,reached,generated
0x01F5B4B8,fvmapcam_01F5B4B8,fvmapcam.c,reached,generated
0x01F5BA50,fvmapcam_01F5BA50,fvmapcam.c,reached,generated
0x01F5BA90,fvmapcam_01F5BA90,fvmapcam.c,reached,generated
0x01F5BD30,fvmapcam_01F5BD30,fvmapcam.c,reached,generated
0x01F5BD68,fvmapcam_01F5BD68,fvmapcam.c,reached,generated
0x01F5BF48,fvmapcam_01F5BF48,fvmapcam.c,reached,generated
0x01F5C018,fvmapcam_01F5C018,fvmapcam.c,reached,generated
0x01F5C058,fvmapcam_01F5C058,fvmapcam.c,reached,generated
0x01F5C120,fvmapcam_01F5C120,fvmapcam.c,reached,generated
0x01F5C390,fvmapcam_01F5C390,fvmapcam.c,reached,generated
0x01F5C3C0,fvmapcam_01F5C3C0,fvmapcam.c,reached,generated
0x01F5C450,fvmapcam_01F5C450,fvmapcam.c,unreferenced,generated
0x01F5C4C8,fvmapcam_01F5C4C8,fvmapcam.c,reached,generated
0x01F5C528,fvmapcam_01F5C528,fvmapcam.c,reached,generated
0x01F5C540,fvmapcam_01F5C540,fvmapcam.c,reached,generated
0x01F5C578,fvmapcam_01F5C578,fvmapcam.c,reached,generated
0x01F5C588,fvmapcam_01F5C588,fvmapcam.c,unreferenced,generated
0x01F5C5B8,fvmapcam_01F5C5B8,fvmapcam.c,reached,generated
0x01F5C608,fvmapcam_01F5C608,fvmapcam.c,unreferenced,generated
0x01F5C658,fvmapcam_01F5C658,fvmapcam.c,reached,generated
0x01F5C6B0,fvmapcam_01F5C6B0,fvmapcam.c,reached,generated
0x01F5C710,fvmapcam_01F5C710,fvmapcam.c,reached,generated
0x01F5C740,fvmapcam_01F5C740,fvmapcam.c,reached,generated
0x01F5C7D8,fvmapcam_01F5C7D8,fvmapcam.c,reached,generated
0x01F5C890,fvmapcam_01F5C890,fvmapcam.c,reached,generated
0x01F5C968,fvmapcam_01F5C968,fvmapcam.c,reached,generated
0x01F5C9B8,fvmapcam_01F5C9B8,fvmapcam.c,reached,generated
0x01F5CA40,fvmapcam_01F5CA40,fvmapcam.c,reached,generated
0x01F5CBA8,fvmapcam_01F5CBA8,fvmapcam.c,reached,generated
0x01F5CE40,fvmapcam_01F5CE40,fvmapcam.c,unreferenced,generated
0x01F5CF98,fvmapcam_01F5CF98,fvmapcam.c,reached,generated
0x01F5D068,fvmapcam_01F5D068,fvmapcam.c,reached,generated
0x01F5D0C8,fvmapcam_01F5D0C8,fvmapcam.c,reached,generated
0x01F5D110,fvmapcam_01F5D110,fvmapcam.c,reached,generated
0x01F5D1D8,fvmapcam_01F5D1D8,fvmapcam.c,reached,generated
0x01F5D240,fvmapcam_01F5D240,fvmapcam.c,reached,generated
0x01F5D2A8,fvmapcam_01F5D2A8,fvmapcam.c,reached,generated
0x01F5D310,fvmapcam_01F5D310,fvmapcam.c,reached,generated
0x01F5D350,fvmapcam_01F5D350,fvmapcam.c,reached,generated
0x01F5D698,fvmapcam_01F5D698,fvmapcam.c,unreferenced,generated
0x01F5D6B0,fvmapcam_01F5D6B0,fvmapcam.c,reached,generated
0x01F5E060,fvmapcam_01F5E060,fvmapcam.c,reached,generated
0x01F5E0A8,fvmapcam_01F5E0A8,fvmapcam.c,reached,generated
0x01F5E8E0,fvmapcam_01F5E8E0,fvmapcam.c,reached,generated
0x01F5ED80,func_01F5ED80,,reached,generated
0x01F5EF60,func_01F5EF60,,reached,generated
0x01F5EF78,func_01F5EF78,,reached,generated
0x01F5EF88,func_01F5EF88,,reached,generated
0x01F5EFA8,func_01F5EFA8,,reached,generated
0x01F5F078,func_01F5F078,,reached,generated
0x01F5F148,func_01F5F148,,reached,generated
0x01F5F160,func_01F5F160,,reached,generated
0x01F5F178,func_01F5F178,,reached,generated
0x01F5F380,func_01F5F380,,reached,generated
0x01F5F470,func_01F5F470,,reached,generated
0x01F5F4B8,func_01F5F4B8,,reached,generated
0x01F5FA40,fvMapEffectMansionInit,fvmape01.c,reached,recovered
0x01F5FE10,fvmape01_01F5FE10,fvmape01.c,reached,generated
0x01F5FF10,fvmape01_01F5FF10,fvmape01.c,reached,generated
0x01F5FF50,fvmape01_01F5FF50,fvmape01.c,reached,generated
0x01F5FFE8,fvmape01_01F5FFE8,fvmape01.c,reached,generated
0x01F60088,fvmape01_01F60088,fvmape01.c,reached,generated
0x01F60100,fvmape01_01F60100,fvmape01.c,reached,generated
0x01F60378,fvmape01_01F60378,fvmape01.c,reached,generated
0x01F60380,fvmape01_01F60380,fvmape01.c,reached,generated
0x01F60450,fvmape01_01F60450,fvmape01.c,reached,generated
0x01F604D8,fvmape01_01F604D8,fvmape01.c,reached,generated
0x01F60588,fvmape01_01F60588,fvmape01.c,reached,generated
0x01F60610,fvmape01_01F60610,fvmape01.c,reached,generated
0x01F60760,fvmape01_01F60760,fvmape01.c,reached,generated
0x01F60768,fvmape01_01F60768,fvmape01.c,reached,generated
0x01F60770,fvmape01_01F60770,fvmape01.c,reached,generated
0x01F60790,fvmape01_01F60790,fvmape01.c,reached,generated
0x01F60848,fvmape01_01F60848,fvmape01.c,reached,generated
0x01F60850,fvmape01_01F60850,fvmape01.c,reached,generated
0x01F608C8,fvmape01_01F608C8,fvmape01.c,reached,generated
0x01F60988,fvmape01_01F60988,fvmape01.c,reached,generated
0x01F609A8,fvmape01_01F609A8,fvmape01.c,reached,generated
0x01F60A50,fvmape01_01F60A50,fvmape01.c,reached,generated
0x01F60C98,fvmape01_01F60C98,fvmape01.c,reached,generated
0x01F60CF8,fvmape01_01F60CF8,fvmape01.c,reached,generated
0x01F610A8,fvmape01_01F610A8,fvmape01.c,reached,generated
0x01F61120,fvmape01_01F61120,fvmape01.c,reached,generated
0x01F61160,fvmape01_01F61160,fvmape01.c,reached,generated
0x01F611B0,fvmape01_01F611B0,fvmape01.c,reached,generated
0x01F61258,fvmape01_01F61258,fvmape01.c,reached,generated
0x01F612A8,fvmape01_01F612A8,fvmape01.c,reached,generated
0x01F61318,fvmape01_01F61318,fvmape01.c,reached,generated
0x01F61338,fvmape01_01F61338,fvmape01.c,reached,generated
0x01F61550,fvmape01_01F61550,fvmape01.c,reached,generated
0x01F61560,fvmape01_01F61560,fvmape01.c,reached,generated
0x01F61588,fvmape01_01F61588,fvmape01.c,reached,generated
0x01F615B0,fvmape01_01F615B0,fvmape01.c,reached,generated
0x01F61640,fvmape01_01F61640,fvmape01.c,reached,generated
0x01F61648,fvmape01_01F61648,fvmape01.c,reached,generated
0x01F61650,fvmape01_01F61650,fvmape01.c,reached,generated
0x01F61730,fvmape01_01F61730,fvmape01.c,reached,generated
0x01F61828,fvmape01_01F61828,fvmape01.c,reached,generated
0x01F61898,fvmape01_01F61898,fvmape01.c,reached,generated
0x01F61900,fvmape01_01F61900,fvmape01.c,reached,generated
0x01F61948,fvmape01_01F61948,fvmape01.c,reached,generated
0x01F61A80,fvmape01_01F61A80,fvmape01.c,reached,generated
0x01F61B50,fvmape01_01F61B50,fvmape01.c,unreferenced,generated
0x01F61CC0,fvmape01_01F61CC0,fvmape01.c,reached,generated
0x01F61D18,func_01F61D18,,reached,generated
0x01F61D38,fvCharaSummonArchive,fvchara.c,reached,recovered
0x01F623A0,fvchara_01F623A0,fvchara.c,reached,generated
0x01F623B8,fvchara_01F623B8,fvchara.c,reached,generated
0x01F62418,fvchara_01F62418,fvchara.c,reached,generated
0x01F62420,fvchara_01F62420,fvchara.c,reached,generated
0x01F62510,fvCharaDisperse,fvchara.c,reached,recovered
0x01F62620,fvchara_01F62620,fvchara.c,reached,generated
0x01F626F0,fvchara_01F626F0,fvchara.c,reached,generated
0x01F62730,fvchara_01F62730,fvchara.c,reached,generated
0x01F62758,fvchara_01F62758,fvchara.c,unreferenced,generated
0x01F627C8,fvchara_01F627C8,fvchara.c,reached,generated
0x01F627F0,fvchara_01F627F0,fvchara.c,reached,generated
0x01F62830,fvchara_01F62830,fvchara.c,reached,generated
0x01F628C8,fvchara_01F628C8,fvchara.c,unreferenced,generated
0x01F62948,fvchara_01F62948,fvchara.c,reached,generated
0x01F62968,fvchara_01F62968,fvchara.c,reached,generated
0x01F62988,fvchara_01F62988,fvchara.c,unreferenced,generated
0x01F62A08,fvchara_01F62A08,fvchara.c,reached,generated
0x01F62A88,fvchara_01F62A88,fvchara.c,reached,generated
0x01F62AE0,fvchara_01F62AE0,fvchara.c,unreferenced,generated
0x01F62B38,fvchara_01F62B38,fvchara.c,unreferenced,generated
0x01F62B98,fvchara_01F62B98,fvchara.c,reached,generated
0x01F62BC8,fvchara_01F62BC8,fvchara.c,reached,generated
0x01F62C10,fvchara_01F62C10,fvchara.c,reached,generated
0x01F62C70,fvchara_01F62C70,fvchara.c,reached,generated
0x01F62D00,fvchara_01F62D00,fvchara.c,reached,generated
0x01F62D18,fvchara_01F62D18,fvchara.c,reached,generated
0x01F62D98,fvchara_01F62D98,fvchara.c,reached,generated
0x01F62DE0,fvchara_01F62DE0,fvchara.c,reached,generated
0x01F62DF0,fvchara_01F62DF0,fvchara.c,reached,generated
0x01F62E00,fvchara_01F62E00,fvchara.c,reached,generated
0x01F62EA0,fvchara_01F62EA0,fvchara.c,reached,generated
0x01F62EE0,fvchara_01F62EE0,fvchara.c,reached,generated
0x01F62EE8,fvchara_01F62EE8,fvchara.c,reached,generated
0x01F62F80,fvchara_01F62F80,fvchara.c,reached,generated
0x01F62FF0,fv_chara_job_look_reqbody,fvchara.c,reached,solo_string
0x01F631C0,fv_chara_job_look_chkbody,fvchara.c,reached,solo_string
0x01F63210,fv_chara_job_look_finish,fvchara.c,reached,solo_string
0x01F63270,Free3DUpdate_ChrJobDelay,fvchara.c,reached,prose_label
0x01F63340,fvchara_01F63340,fvchara.c,reached,generated
0x01F63428,fvchara_01F63428,fvchara.c,reached,generated
0x01F635C0,fvchara_01F635C0,fvchara.c,reached,generated
0x01F63620,fvchara_01F63620,fvchara.c,reached,generated
0x01F637F0,fvchara_01F637F0,fvchara.c,reached,generated
0x01F63980,fvchara_01F63980,fvchara.c,reached,generated
0x01F639D8,fvchara_01F639D8,fvchara.c,reached,generated
0x01F63A38,fvchara_01F63A38,fvchara.c,reached,generated
0x01F63E08,func_01F63E08,,reached,generated
0x01F63F90,func_01F63F90,,reached,generated
0x01F63FA0,func_01F63FA0,,reached,generated
0x01F63FB0,func_01F63FB0,,reached,generated
0x01F64008,func_01F64008,,reached,generated
0x01F64770,func_01F64770,,reached,generated
0x01F647A0,func_01F647A0,,reached,generated
0x01F648B8,func_01F648B8,,reached,generated
0x01F649A8,func_01F649A8,,reached,generated
0x01F64A48,func_01F64A48,,reached,generated
0x01F64CD8,func_01F64CD8,,reached,generated
0x01F64F00,func_01F64F00,,reached,generated
0x01F65100,func_01F65100,,reached,generated
0x01F65310,func_01F65310,,reached,generated
0x01F65448,func_01F65448,,reached,generated
0x01F65520,func_01F65520,,reached,generated
0x01F65720,func_01F65720,,reached,generated
0x01F65920,func_01F65920,,reached,generated
0x01F65B18,func_01F65B18,,reached,generated
0x01F65B70,func_01F65B70,,reached,generated
0x01F65BC8,func_01F65BC8,,reached,generated
0x01F65C58,fvchrenv_01F65C58,fvchrenv.c,reached,generated
0x01F65CD8,fvchrenv_01F65CD8,fvchrenv.c,reached,generated
0x01F65D18,fvchrenv_01F65D18,fvchrenv.c,reached,generated
0x01F65D98,fvchrenv_01F65D98,fvchrenv.c,reached,generated
0x01F65E18,fvchrenv_01F65E18,fvchrenv.c,reached,generated
0x01F65E68,fvchrenv_01F65E68,fvchrenv.c,unreferenced,generated
0x01F65EE0,fvchrenv_01F65EE0,fvchrenv.c,reached,generated
0x01F65F40,fvchrenv_01F65F40,fvchrenv.c,reached,generated
0x01F65FA0,fvchrenv_01F65FA0,fvchrenv.c,reached,generated
0x01F65FB8,fvchrenv_01F65FB8,fvchrenv.c,unreferenced,generated
0x01F66000,fvchrenv_01F66000,fvchrenv.c,reached,generated
0x01F66050,fvchrenv_01F66050,fvchrenv.c,reached,generated
0x01F660F0,fvchrenv_01F660F0,fvchrenv.c,reached,generated
0x01F66130,fvchrenv_01F66130,fvchrenv.c,unreferenced,generated
0x01F66158,fvchrenv_01F66158,fvchrenv.c,reached,generated
0x01F66218,fvchrenv_01F66218,fvchrenv.c,reached,generated
0x01F66268,fvchrenv_01F66268,fvchrenv.c,reached,generated
0x01F662C8,fvchrenv_01F662C8,fvchrenv.c,reached,generated
0x01F662F0,fvchrenv_01F662F0,fvchrenv.c,reached,generated
0x01F66318,fvchrenv_01F66318,fvchrenv.c,reached,generated
0x01F66338,fvchrenv_01F66338,fvchrenv.c,reached,generated
0x01F66358,fvchrenv_01F66358,fvchrenv.c,reached,generated
0x01F66648,fv_chara_motion_play,fvchrenv.c,reached,solo_string
0x01F666C8,fvchrenv_01F666C8,fvchrenv.c,reached,generated
0x01F666E8,fvCharaMotionStop,fvchrenv.c,unreferenced,recovered
0x01F66720,func_01F66720,,reached,generated
0x01F66740,func_01F66740,,unreferenced,generated
0x01F66778,func_01F66778,,reached,generated
0x01F667B0,func_01F667B0,,reached,generated
0x01F667F8,func_01F667F8,,unreferenced,generated
0x01F66848,func_01F66848,,reached,generated
0x01F668B8,func_01F668B8,,unreferenced,generated
0x01F668F0,func_01F668F0,,reached,generated
0x01F66900,func_01F66900,,reached,generated
0x01F66910,func_01F66910,,reached,generated
0x01F66950,func_01F66950,,reached,generated
0x01F66A58,func_01F66A58,,reached,generated
0x01F66A78,func_01F66A78,,reached,generated
0x01F66B28,func_01F66B28,,reached,generated
0x01F66B88,func_01F66B88,,reached,generated
0x01F66C38,fvchrmot_01F66C38,fvchrmot.c,reached,generated
0x01F670F8,func_01F670F8,,reached,generated
0x01F67118,fvchrjnt_01F67118,fvchrjnt.c,reached,generated
0x01F671B0,fvchrjnt_01F671B0,fvchrjnt.c,reached,generated
0x01F671D8,fvchrjnt_01F671D8,fvchrjnt.c,unreferenced,generated
0x01F67208,fvchrjnt_01F67208,fvchrjnt.c,reached,generated
0x01F67228,fvchrjnt_01F67228,fvchrjnt.c,reached,generated
0x01F67240,fvchrjnt_01F67240,fvchrjnt.c,reached,generated
0x01F67300,fvchrjnt_01F67300,fvchrjnt.c,reached,generated
0x01F67320,fvchrjnt_01F67320,fvchrjnt.c,reached,generated
0x01F67338,fvchrjnt_01F67338,fvchrjnt.c,unreferenced,generated
0x01F67358,fvchrjnt_01F67358,fvchrjnt.c,reached,generated
0x01F67370,fvchrjnt_01F67370,fvchrjnt.c,unreferenced,generated
0x01F67388,fvchrjnt_01F67388,fvchrjnt.c,reached,generated
0x01F673A0,fvchrjnt_01F673A0,fvchrjnt.c,unreferenced,generated
0x01F673C0,fvchrjnt_01F673C0,fvchrjnt.c,unreferenced,generated
0x01F67410,fvchrjnt_01F67410,fvchrjnt.c,reached,generated
0x01F67430,fvchrjnt_01F67430,fvchrjnt.c,reached,generated
0x01F67450,fvchrjnt_01F67450,fvchrjnt.c,reached,generated
0x01F67468,fvchrjnt_01F67468,fvchrjnt.c,reached,generated
0x01F67488,fvchrjnt_01F67488,fvchrjnt.c,reached,generated
0x01F674A0,fvchrjnt_01F674A0,fvchrjnt.c,unreferenced,generated
0x01F674C0,fvchrjnt_01F674C0,fvchrjnt.c,reached,generated
0x01F674D8,fvchrjnt_01F674D8,fvchrjnt.c,unreferenced,generated
0x01F674F0,fvchrjnt_01F674F0,fvchrjnt.c,unreferenced,generated
0x01F67508,fvchrjnt_01F67508,fvchrjnt.c,unreferenced,generated
0x01F67528,fvchrjnt_01F67528,fvchrjnt.c,unreferenced,generated
0x01F67578,fvchrjnt_01F67578,fvchrjnt.c,reached,generated
0x01F67598,fvchrjnt_01F67598,fvchrjnt.c,reached,generated
0x01F67628,fvchrjnt_01F67628,fvchrjnt.c,reached,generated
0x01F676B8,func_01F676B8,,reached,generated
0x01F676E8,func_01F676E8,,reached,generated
0x01F67708,func_01F67708,,reached,generated
0x01F67730,func_01F67730,,reached,generated
0x01F67750,func_01F67750,,reached,generated
0x01F67778,func_01F67778,,reached,generated
0x01F67798,func_01F67798,,reached,generated
0x01F677B8,func_01F677B8,,reached,generated
0x01F677D8,func_01F677D8,,reached,generated
0x01F67800,func_01F67800,,reached,generated
0x01F67878,func_01F67878,,reached,generated
0x01F678E8,func_01F678E8,,reached,generated
0x01F67930,func_01F67930,,reached,generated
0x01F67968,func_01F67968,,reached,generated
0x01F67998,func_01F67998,,reached,generated
0x01F67A88,func_01F67A88,,reached,generated
0x01F67AE0,func_01F67AE0,,reached,generated
0x01F67B30,func_01F67B30,,reached,generated
0x01F67B80,func_01F67B80,,reached,generated
0x01F67C78,func_01F67C78,,reached,generated
0x01F67D68,func_01F67D68,,reached,generated
0x01F67D70,func_01F67D70,,reached,generated
0x01F67DB0,func_01F67DB0,,reached,generated
0x01F67E10,func_01F67E10,,reached,generated
0x01F67EB8,func_01F67EB8,,reached,generated
0x01F67EC0,func_01F67EC0,,reached,generated
0x01F67F88,func_01F67F88,,reached,generated
0x01F67FE0,func_01F67FE0,,reached,generated
0x01F68038,func_01F68038,,reached,generated
0x01F68048,func_01F68048,,reached,generated
0x01F68058,func_01F68058,,reached,generated
0x01F68128,fvchrtex_01F68128,fvchrtex.c,reached,generated
0x01F681D8,func_01F681D8,,reached,generated
0x01F68260,func_01F68260,,reached,generated
0x01F683C0,func_01F683C0,,reached,generated
0x01F68450,func_01F68450,,reached,generated
0x01F68598,fvgimick_01F68598,fvgimick.c,reached,generated
0x01F68698,func_01F68698,fvgimick.c,reached,generated
0x01F686F8,func_01F686F8,fvgimick.c,reached,generated
0x01F68838,func_01F68838,fvgimick.c,reached,generated
0x01F688A8,fvgimick_01F688A8,fvgimick.c,reached,generated
0x01F68C78,func_01F68C78,fvgimick.c,reached,generated
0x01F68D08,fvgimick_01F68D08,fvgimick.c,reached,generated
0x01F68D78,fvgimick_01F68D78,fvgimick.c,reached,generated
0x01F68D80,fvgimick_01F68D80,fvgimick.c,reached,generated
0x01F68DA0,fvgimick_01F68DA0,fvgimick.c,reached,generated
0x01F68DB8,fvgimick_01F68DB8,fvgimick.c,reached,generated
0x01F68DE0,fvgimick_01F68DE0,fvgimick.c,reached,generated
0x01F68E08,fvgimick_01F68E08,fvgimick.c,reached,generated
0x01F68E30,fvgimick_01F68E30,fvgimick.c,reached,generated
0x01F68E78,fvgimick_01F68E78,fvgimick.c,reached,generated
0x01F69078,fvgimick_01F69078,fvgimick.c,reached,generated
0x01F69080,fvgimick_01F69080,fvgimick.c,reached,generated
0x01F690F8,fvgimick_01F690F8,fvgimick.c,reached,generated
0x01F69160,fvgimick_01F69160,fvgimick.c,reached,generated
0x01F691B8,fvgimick_01F691B8,fvgimick.c,reached,generated
0x01F691F0,fvgimick_01F691F0,fvgimick.c,reached,generated
0x01F69250,fvgimick_01F69250,fvgimick.c,reached,generated
0x01F69298,fvgimick_01F69298,fvgimick.c,reached,generated
0x01F69310,fvgimick_01F69310,fvgimick.c,reached,generated
0x01F693E8,fvgimick_01F693E8,fvgimick.c,reached,generated
0x01F69460,fvgimick_01F69460,fvgimick.c,reached,generated
0x01F69490,fvgimick_01F69490,fvgimick.c,reached,generated
0x01F694B8,fvgimick_01F694B8,fvgimick.c,reached,generated
0x01F69530,fvgimick_01F69530,fvgimick.c,reached,generated
0x01F69550,fvgimick_01F69550,fvgimick.c,reached,generated
0x01F69618,fvgimick_01F69618,fvgimick.c,reached,generated
0x01F696E8,fvgimick_01F696E8,fvgimick.c,reached,generated
0x01F69700,fvgimick_01F69700,fvgimick.c,reached,generated
0x01F69758,fvgimick_01F69758,fvgimick.c,reached,generated
0x01F697B0,fvgimick_01F697B0,fvgimick.c,reached,generated
0x01F697C8,fvgimick_01F697C8,fvgimick.c,reached,generated
0x01F69800,fvgimick_01F69800,fvgimick.c,unreferenced,generated
0x01F69808,fvgimick_01F69808,fvgimick.c,reached,generated
0x01F69858,fvgimick_01F69858,fvgimick.c,reached,generated
0x01F69898,fvgimick_01F69898,fvgimick.c,reached,generated
0x01F69C00,fvgimick_01F69C00,fvgimick.c,reached,generated
0x01F69C08,fvgimick_01F69C08,fvgimick.c,reached,generated
0x01F69CE0,fvgimick_01F69CE0,fvgimick.c,reached,generated
0x01F69D90,fvgimick_01F69D90,fvgimick.c,reached,generated
0x01F69E28,fvgimick_01F69E28,fvgimick.c,reached,generated
0x01F69E30,fvgimick_01F69E30,fvgimick.c,reached,generated
0x01F69EA8,fvgimick_01F69EA8,fvgimick.c,reached,generated
0x01F69EC0,fvgimick_01F69EC0,fvgimick.c,reached,generated
0x01F6A020,fvgimick_01F6A020,fvgimick.c,reached,generated
0x01F6A078,fvgimick_01F6A078,fvgimick.c,reached,generated
0x01F6A088,fvgimick_01F6A088,fvgimick.c,reached,generated
0x01F6A0D0,fvgimick_01F6A0D0,fvgimick.c,reached,generated
0x01F6A100,fv_gimmick_actionstart_loopplay,fvgimick.c,reached,solo_string
0x01F6A170,fv_gimmick_actionstart_revplay,fvgimick.c,reached,solo_string
0x01F6A1E0,fv_gimmick_actionstart_seqmark,fvgimick.c,reached,solo_string
0x01F6A268,fvgimick_01F6A268,fvgimick.c,reached,generated
0x01F6A2A8,fv_gimmick_actionstart_chara,fvgimick.c,reached,solo_string
0x01F6A380,fvgimick_01F6A380,fvgimick.c,reached,generated
0x01F6A3C8,fvgimick_01F6A3C8,fvgimick.c,reached,generated
0x01F6A3E0,fv_gimmick_actionstart_fadeandmotion,fvgimick.c,reached,solo_string
0x01F6A468,fvgimick_01F6A468,fvgimick.c,reached,generated
0x01F6A500,fvgimick_01F6A500,fvgimick.c,reached,generated
0x01F6A538,fvgimick_01F6A538,fvgimick.c,reached,generated
0x01F6A550,fvgimick_01F6A550,fvgimick.c,reached,generated
0x01F6A598,fvgimick_01F6A598,fvgimick.c,reached,generated
0x01F6A5C0,fvgimick_01F6A5C0,fvgimick.c,reached,generated
0x01F6A5F0,fvgimick_01F6A5F0,fvgimick.c,reached,generated
0x01F6A640,fvgimick_01F6A640,fvgimick.c,reached,generated
0x01F6A6E0,fvgimick_01F6A6E0,fvgimick.c,reached,generated
0x01F6A6E8,fvgimick_01F6A6E8,fvgimick.c,reached,generated
0x01F6A6F8,fvgimick_01F6A6F8,fvgimick.c,reached,generated
0x01F6A740,fvgimick_01F6A740,fvgimick.c,reached,generated
0x01F6A798,fv_gimmick_loopend_startupplay,fvgimick.c,reached,solo_string
0x01F6A830,fvgimick_01F6A830,fvgimick.c,reached,generated
0x01F6A858,fvgimick_01F6A858,fvgimick.c,reached,generated
0x01F6A8A8,fvgimick_01F6A8A8,fvgimick.c,reached,generated
0x01F6A8D8,fvgimick_01F6A8D8,fvgimick.c,reached,generated
0x01F6A908,fvgimick_01F6A908,fvgimick.c,reached,generated
0x01F6A938,fvgimick_01F6A938,fvgimick.c,reached,generated
0x01F6A968,fvgimick_01F6A968,fvgimick.c,reached,generated
0x01F6A998,fvgimick_01F6A998,fvgimick.c,reached,generated
0x01F6A9D8,fvgimick_01F6A9D8,fvgimick.c,reached,generated
0x01F6AA28,fvgimick_01F6AA28,fvgimick.c,reached,generated
0x01F6AA78,fvgimick_01F6AA78,fvgimick.c,reached,generated
0x01F6AB00,fvgimick_01F6AB00,fvgimick.c,reached,generated
0x01F6AB78,fvgimick_01F6AB78,fvgimick.c,reached,generated
0x01F6ABB8,fvgimick_01F6ABB8,fvgimick.c,reached,generated
0x01F6ABF0,fvgimick_01F6ABF0,fvgimick.c,reached,generated
0x01F6AE08,fvgimick_01F6AE08,fvgimick.c,reached,generated
0x01F6AE68,fvgimick_01F6AE68,fvgimick.c,reached,generated
0x01F6AE90,fvgimick_01F6AE90,fvgimick.c,reached,generated
0x01F6AEF8,fvgimick_01F6AEF8,fvgimick.c,reached,generated
0x01F6AF60,fvgimick_01F6AF60,fvgimick.c,reached,generated
0x01F6B1F8,fvgimick_01F6B1F8,fvgimick.c,reached,generated
0x01F6B3D8,fvgimick_01F6B3D8,fvgimick.c,reached,generated
0x01F6B450,fvgimick_01F6B450,fvgimick.c,reached,generated
0x01F6B570,fvgimick_01F6B570,fvgimick.c,reached,generated
0x01F6B758,fvgimick_01F6B758,fvgimick.c,reached,generated
0x01F6B8A0,fvgimick_01F6B8A0,fvgimick.c,reached,generated
0x01F6BA30,fvgimick_01F6BA30,fvgimick.c,reached,generated
0x01F6BAC8,fvgimick_01F6BAC8,fvgimick.c,reached,generated
0x01F6BB78,fvgimick_01F6BB78,fvgimick.c,reached,generated
0x01F6BBE8,fvgimick_01F6BBE8,fvgimick.c,reached,generated
0x01F6BC80,fvgimick_01F6BC80,fvgimick.c,reached,generated
0x01F6BCD0,fvgimick_01F6BCD0,fvgimick.c,reached,generated
0x01F6BD00,fvgimick_01F6BD00,fvgimick.c,reached,generated
0x01F6BD60,fvgimick_01F6BD60,fvgimick.c,reached,generated
0x01F6C278,fvgimick_01F6C278,fvgimick.c,reached,generated
0x01F6C380,fvgimick_01F6C380,fvgimick.c,reached,generated
0x01F6C388,fvgimick_01F6C388,fvgimick.c,reached,generated
0x01F6C390,fvgimick_01F6C390,fvgimick.c,reached,generated
0x01F6C618,fvattrib_01F6C618,fvattrib.c,reached,generated
0x01F6C668,fvgimick_01F6C668,fvgimick.c,reached,generated
0x01F6C708,func_01F6C708,fvgimick.c,reached,generated
0x01F6C748,func_01F6C748,fvgimick.c,reached,generated
0x01F6C798,fvgimick_01F6C798,fvgimick.c,reached,generated
0x01F6C7A8,func_01F6C7A8,,reached,generated
0x01F6C7E0,fvattrib_01F6C7E0,fvattrib.c,reached,generated
0x01F6C840,fvattrib_01F6C840,fvattrib.c,unreferenced,generated
0x01F6C878,fvattrib_01F6C878,fvattrib.c,reached,generated
0x01F6C8B0,fvattrib_01F6C8B0,fvattrib.c,reached,generated
0x01F6C900,fvattrib_01F6C900,fvattrib.c,reached,generated
0x01F6C938,fvattrib_01F6C938,fvattrib.c,reached,generated
0x01F6C988,fvattrib_01F6C988,fvattrib.c,reached,generated
0x01F6C9D8,fvattrib_01F6C9D8,fvattrib.c,unreferenced,generated
0x01F6CA48,fvattrib_01F6CA48,fvattrib.c,reached,generated
0x01F6CD60,fvattrib_01F6CD60,fvattrib.c,reached,generated
0x01F6CDF8,fvattrib_01F6CDF8,fvattrib.c,reached,generated
0x01F6CE60,fvattrib_01F6CE60,fvattrib.c,reached,generated
0x01F6CF58,fvattrib_01F6CF58,fvattrib.c,reached,generated
0x01F6D008,fvattrib_01F6D008,fvattrib.c,reached,generated
0x01F6D158,fvattrib_01F6D158,fvattrib.c,reached,generated
0x01F6D1B0,fvattrib_01F6D1B0,fvattrib.c,reached,generated
0x01F6D228,fvattrib_01F6D228,fvattrib.c,reached,generated
0x01F6D278,fvattrib_01F6D278,fvattrib.c,reached,generated
0x01F6D3C0,fvattrib_01F6D3C0,fvattrib.c,reached,generated
0x01F6D3E0,fvattrib_01F6D3E0,fvattrib.c,reached,generated
0x01F6D400,fvattrib_01F6D400,fvattrib.c,reached,generated
0x01F6D440,fvattrib_01F6D440,fvattrib.c,reached,generated
0x01F6D460,fvattrib_01F6D460,fvattrib.c,reached,generated
0x01F6D478,fvattrib_01F6D478,fvattrib.c,reached,generated
0x01F6D4C0,fvattrib_01F6D4C0,fvattrib.c,reached,generated
0x01F6D4E8,fvattrib_01F6D4E8,fvattrib.c,reached,generated
0x01F6D510,fvattrib_01F6D510,fvattrib.c,reached,generated
0x01F6D570,fvattrib_01F6D570,fvattrib.c,reached,generated
0x01F6D5C8,fvattrib_01F6D5C8,fvattrib.c,reached,generated
0x01F6D5E8,fvattrib_01F6D5E8,fvattrib.c,reached,generated
0x01F6D630,fvattrib_01F6D630,fvattrib.c,reached,generated
0x01F6D6D8,fvattrib_01F6D6D8,fvattrib.c,reached,generated
0x01F6D7E8,fvattrib_01F6D7E8,fvattrib.c,reached,generated
0x01F6D7F8,fvattrib_01F6D7F8,fvattrib.c,reached,generated
0x01F6D808,fvattrib_01F6D808,fvattrib.c,reached,generated
0x01F6D818,fvattrib_01F6D818,fvattrib.c,reached,generated
0x01F6D828,fvattrib_01F6D828,fvattrib.c,reached,generated
0x01F6D838,fvattrib_01F6D838,fvattrib.c,reached,generated
0x01F6D848,fvattrib_01F6D848,fvattrib.c,reached,generated
0x01F6D858,fvattrib_01F6D858,fvattrib.c,reached,generated
0x01F6D868,fvattrib_01F6D868,fvattrib.c,reached,generated
0x01F6D888,fvattrib_01F6D888,fvattrib.c,reached,generated
0x01F6DEC0,fvattrib_01F6DEC0,fvattrib.c,reached,generated
0x01F6E0A8,fvattrib_01F6E0A8,fvattrib.c,reached,generated
0x01F6E0B8,fvattrib_01F6E0B8,fvattrib.c,reached,generated
0x01F6E1F8,fvattrib_01F6E1F8,fvattrib.c,reached,generated
0x01F6E2F0,fvattrib_01F6E2F0,fvattrib.c,reached,generated
0x01F6E460,fvattrib_01F6E460,fvattrib.c,reached,generated
0x01F6E718,fvattrib_01F6E718,fvattrib.c,reached,generated
0x01F6E780,fvattrib_01F6E780,fvattrib.c,reached,generated
0x01F6E800,fvattrib_01F6E800,fvattrib.c,reached,generated
0x01F6E8F8,fvattrib_01F6E8F8,fvattrib.c,reached,generated
0x01F6EA28,fvattrib_01F6EA28,fvattrib.c,unreferenced,generated
0x01F6EBD8,fvattrib_01F6EBD8,fvattrib.c,reached,generated
0x01F6ECA8,fvattrib_01F6ECA8,fvattrib.c,reached,generated
0x01F6EE20,fvattrib_01F6EE20,fvattrib.c,reached,generated
0x01F6EF50,fvattrib_01F6EF50,fvattrib.c,reached,generated
0x01F6F060,fvattrib_01F6F060,fvattrib.c,reached,generated
0x01F6F1E0,fvattrib_01F6F1E0,fvattrib.c,reached,generated
0x01F6F348,fvattrib_01F6F348,fvattrib.c,reached,generated
0x01F6F390,fvattrib_01F6F390,fvattrib.c,reached,generated
0x01F6F3A8,fvattrib_01F6F3A8,fvattrib.c,reached,generated
0x01F6F3B8,fvattrib_01F6F3B8,fvattrib.c,reached,generated
0x01F6F3C8,fvattrib_01F6F3C8,fvattrib.c,reached,generated
0x01F6F5B8,fvattrib_01F6F5B8,fvattrib.c,reached,generated
0x01F6F718,fvattrib_01F6F718,fvattrib.c,reached,generated
0x01F6F7F8,fvattrib_01F6F7F8,fvattrib.c,reached,generated
0x01F6FAE8,fvattrib_01F6FAE8,fvattrib.c,reached,generated
0x01F6FB18,fvattrib_01F6FB18,fvattrib.c,reached,generated
0x01F6FCA0,fvattrib_01F6FCA0,fvattrib.c,reached,generated
0x01F6FDA0,fvattrib_01F6FDA0,fvattrib.c,reached,generated
0x01F6FEE8,fvattrib_01F6FEE8,fvattrib.c,unreferenced,generated
0x01F6FF70,fvattrib_01F6FF70,fvattrib.c,reached,generated
0x01F6FFD0,fvattrib_01F6FFD0,fvattrib.c,reached,generated
0x01F70138,fvattrib_01F70138,fvattrib.c,reached,generated
0x01F70268,fvattrib_01F70268,fvattrib.c,reached,generated
0x01F70320,fvattrib_01F70320,fvattrib.c,unreferenced,generated
0x01F703A8,fvattrib_01F703A8,fvattrib.c,reached,generated
0x01F70500,fvattrib_01F70500,fvattrib.c,reached,generated
0x01F70560,fvattrib_01F70560,fvattrib.c,reached,generated
0x01F70698,fvattrib_01F70698,fvattrib.c,reached,generated
0x01F70800,fvattrib_01F70800,fvattrib.c,reached,generated
0x01F709A8,func_01F709A8,,reached,generated
0x01F709D8,func_01F709D8,,reached,generated
0x01F70B80,func_01F70B80,,reached,generated
0x01F70DE0,func_01F70DE0,,reached,generated
0x01F70DF0,func_01F70DF0,,reached,generated
0x01F70E28,fvdemo_01F70E28,fvdemo.c,reached,generated
0x01F70E90,fvdemo_01F70E90,fvdemo.c,reached,generated
0x01F710B8,fvdemo_01F710B8,fvdemo.c,reached,generated
0x01F717E8,fvdemo_01F717E8,fvdemo.c,reached,generated
0x01F71848,fvdemo_01F71848,fvdemo.c,reached,generated
0x01F718C0,fvdemo_01F718C0,fvdemo.c,reached,generated
0x01F71920,fvdemo_01F71920,fvdemo.c,unreferenced,generated
0x01F71A30,fvdemo_01F71A30,fvdemo.c,reached,generated
0x01F71DA0,fvdemo_01F71DA0,fvdemo.c,reached,generated
0x01F72178,fvdemo_01F72178,fvdemo.c,reached,generated
0x01F72770,fvdemo_01F72770,fvdemo.c,reached,generated
0x01F72BC8,fvdemo_01F72BC8,fvdemo.c,reached,generated
0x01F72C28,fvdemo_01F72C28,fvdemo.c,reached,generated
0x01F72C70,fvdemo_01F72C70,fvdemo.c,reached,generated
0x01F72CA8,fvdemo_01F72CA8,fvdemo.c,reached,generated
0x01F72D08,fvdemo_01F72D08,fvdemo.c,reached,generated
0x01F72D50,fvdemo_01F72D50,fvdemo.c,reached,generated
0x01F72D90,PopupMessage,fvdemo.c,reached,prose_label
0x01F72DD8,fvdemo_01F72DD8,fvdemo.c,reached,generated
0x01F72E18,fvdemo_01F72E18,fvdemo.c,unreferenced,generated
0x01F72E58,fvdemo_01F72E58,fvdemo.c,reached,generated
0x01F72E60,fvdemo_01F72E60,fvdemo.c,reached,generated
0x01F72E68,fvdemo_01F72E68,fvdemo.c,reached,generated
0x01F72E80,fvdemo_01F72E80,fvdemo.c,reached,generated
0x01F72EC0,fvdemo_01F72EC0,fvdemo.c,reached,generated
0x01F72ED8,fvdemo_01F72ED8,fvdemo.c,reached,generated
0x01F72EF0,fvdemo_01F72EF0,fvdemo.c,reached,generated
0x01F72F08,fvdemo_01F72F08,fvdemo.c,unreferenced,generated
0x01F72F20,fvdemo_01F72F20,fvdemo.c,reached,generated
0x01F72FC8,fvdemo_01F72FC8,fvdemo.c,unreferenced,generated
0x01F72FE0,fvdemo_01F72FE0,fvdemo.c,reached,generated
0x01F72FF8,fvdemo_01F72FF8,fvdemo.c,reached,generated
0x01F73010,fvdemo_01F73010,fvdemo.c,unreferenced,generated
0x01F73028,fvdemo_01F73028,fvdemo.c,reached,generated
0x01F73040,fvdemo_01F73040,fvdemo.c,reached,generated
0x01F73058,fvdemo_01F73058,fvdemo.c,reached,generated
0x01F73070,fvdemo_01F73070,fvdemo.c,unreferenced,generated
0x01F73088,fvdemo_01F73088,fvdemo.c,reached,generated
0x01F730C8,fvdemo_01F730C8,fvdemo.c,reached,generated
0x01F73220,fvdemo_01F73220,fvdemo.c,reached,generated
0x01F73270,fvdemo_01F73270,fvdemo.c,reached,generated
0x01F73330,fvdemo_01F73330,fvdemo.c,reached,generated
0x01F733F8,fvdemo_01F733F8,fvdemo.c,reached,generated
0x01F73488,fvdemo_01F73488,fvdemo.c,reached,generated
0x01F73518,fvdemo_01F73518,fvdemo.c,reached,generated
0x01F73648,fvdemo_01F73648,fvdemo.c,reached,generated
0x01F737A8,fvdemo_01F737A8,fvdemo.c,reached,generated
0x01F73890,fvdemo_01F73890,fvdemo.c,reached,generated
0x01F73A08,fvdemo_01F73A08,fvdemo.c,reached,generated
0x01F73AA0,fvdemo_01F73AA0,fvdemo.c,reached,generated
0x01F73B18,fvdemo_01F73B18,fvdemo.c,reached,generated
0x01F73B60,jusokudo,fvdemo.c,reached,prose_label
0x01F73C48,fvdemo_01F73C48,fvdemo.c,reached,generated
0x01F73CD0,fvdemo_01F73CD0,fvdemo.c,reached,generated
0x01F73D28,fvdemo_01F73D28,fvdemo.c,reached,generated
0x01F73D80,fvdemo_01F73D80,fvdemo.c,unreferenced,generated
0x01F73DA0,fvdemo_01F73DA0,fvdemo.c,unreferenced,generated
0x01F73DC8,fvdemo_01F73DC8,fvdemo.c,reached,generated
0x01F73E08,fvdemo_01F73E08,fvdemo.c,reached,generated
0x01F73EA8,fvdemo_01F73EA8,fvdemo.c,reached,generated
0x01F73FD8,fvdemo_01F73FD8,fvdemo.c,reached,generated
0x01F741A0,fvdemo_01F741A0,fvdemo.c,reached,generated
0x01F74238,fvdemo_01F74238,fvdemo.c,reached,generated
0x01F74298,fvdemo_01F74298,fvdemo.c,reached,generated
0x01F743C0,fvdemo_01F743C0,fvdemo.c,reached,generated
0x01F74428,fvdemo_01F74428,fvdemo.c,reached,generated
0x01F74488,fvdemo_01F74488,fvdemo.c,reached,generated
0x01F744D8,fvdemo_01F744D8,fvdemo.c,reached,generated
0x01F74570,fvdemo_01F74570,fvdemo.c,reached,generated
0x01F74610,fvdemo_01F74610,fvdemo.c,reached,generated
0x01F74638,fvdemo_01F74638,fvdemo.c,unreferenced,generated
0x01F74660,fvdemo_01F74660,fvdemo.c,reached,generated
0x01F74698,fvdemo_01F74698,fvdemo.c,reached,generated
0x01F746C8,fvdemo_01F746C8,fvdemo.c,reached,generated
0x01F74720,fvdemo_01F74720,fvdemo.c,reached,generated
0x01F74780,fvdemo_01F74780,fvdemo.c,reached,generated
0x01F747A0,fvdemo_01F747A0,fvdemo.c,reached,generated
0x01F747C0,fvdemo_01F747C0,fvdemo.c,reached,generated
0x01F747F0,fvdemo_01F747F0,fvdemo.c,reached,generated
0x01F74830,fvdemo_01F74830,fvdemo.c,reached,generated
0x01F748D0,fvdemo_01F748D0,fvdemo.c,reached,generated
0x01F74968,fvdemo_01F74968,fvdemo.c,reached,generated
0x01F749A0,fvdemo_01F749A0,fvdemo.c,reached,generated
0x01F749E8,fvdemo_01F749E8,fvdemo.c,reached,generated
0x01F74A40,fvdemo_01F74A40,fvdemo.c,reached,generated
0x01F74AE8,fvdemo_01F74AE8,fvdemo.c,reached,generated
0x01F74AF8,fvdemo_01F74AF8,fvdemo.c,reached,generated
0x01F74B08,fvdemo_01F74B08,fvdemo.c,reached,generated
0x01F74C20,Stand_Up,fvdemo.c,reached,prose_label
0x01F74F80,fvdemo_01F74F80,fvdemo.c,reached,generated
0x01F74FD0,fvdemo_01F74FD0,fvdemo.c,reached,generated
0x01F75068,fvdemo_01F75068,fvdemo.c,reached,generated
0x01F75118,fvdemo_01F75118,fvdemo.c,reached,generated
0x01F75288,fvdemo_01F75288,fvdemo.c,reached,generated
0x01F75398,fvdemo_01F75398,fvdemo.c,reached,generated
0x01F754C8,fvdemo_01F754C8,fvdemo.c,reached,generated
0x01F75540,fvdemo_01F75540,fvdemo.c,reached,generated
0x01F755D0,fvdemo_01F755D0,fvdemo.c,reached,generated
0x01F755E0,fvdemo_01F755E0,fvdemo.c,reached,generated
0x01F755F0,fvdemo_01F755F0,fvdemo.c,reached,generated
0x01F75688,fvdemo_01F75688,fvdemo.c,reached,generated
0x01F757C0,fvdemo_01F757C0,fvdemo.c,reached,generated
0x01F75828,fvdemo_01F75828,fvdemo.c,reached,generated
0x01F75870,fvdemo_01F75870,fvdemo.c,reached,generated
0x01F758F0,fvdemo_01F758F0,fvdemo.c,reached,generated
0x01F759C8,fvdemo_01F759C8,fvdemo.c,reached,generated
0x01F75AC8,fvdemo_01F75AC8,fvdemo.c,reached,generated
0x01F75C90,fvdemo_01F75C90,fvdemo.c,reached,generated
0x01F75E28,Heading_To_Attend_To_Visitor,fvdemo.c,reached,prose_label
0x01F75EB0,fvdemo_01F75EB0,fvdemo.c,reached,generated
0x01F75EF8,fvdemo_01F75EF8,fvdemo.c,reached,generated
0x01F75FC8,fv2dTitleBack_main,fvdemo.c,reached,solo_string
0x01F762E8,SkipDaysDisplay,fvdemo.c,reached,prose_label
0x01F76380,fvdemo_01F76380,fvdemo.c,reached,generated
0x01F76400,fvdemo_01F76400,fvdemo.c,reached,generated
0x01F76480,fvdemo_01F76480,fvdemo.c,reached,generated
0x01F76570,fvdemo_01F76570,fvdemo.c,reached,generated
0x01F76628,fvdemo_01F76628,fvdemo.c,reached,generated
0x01F76698,fvdemo_01F76698,fvdemo.c,reached,generated
0x01F76728,fvdemo_01F76728,fvdemo.c,reached,generated
0x01F767E0,fvdemo_01F767E0,fvdemo.c,reached,generated
0x01F76838,fvdemo_01F76838,fvdemo.c,reached,generated
0x01F769F0,func_01F769F0,,reached,generated
0x01F76AA8,func_01F76AA8,,reached,generated
0x01F76AE0,func_01F76AE0,,reached,generated
0x01F76B00,func_01F76B00,,reached,generated
0x01F76C08,func_01F76C08,,reached,generated
0x01F76D40,func_01F76D40,,reached,generated
0x01F76E90,func_01F76E90,,reached,generated
0x01F76EF0,func_01F76EF0,,reached,generated
0x01F76F28,func_01F76F28,,reached,generated
0x01F76F80,func_01F76F80,,reached,generated
0x01F76F88,func_01F76F88,,reached,generated
0x01F77028,func_01F77028,,reached,generated
0x01F77080,func_01F77080,,reached,generated
0x01F770A0,func_01F770A0,,reached,generated
0x01F77288,func_01F77288,,reached,generated
0x01F77300,func_01F77300,,reached,generated
0x01F77398,func_01F77398,,reached,generated
0x01F77418,func_01F77418,,reached,generated
0x01F77490,func_01F77490,,reached,generated
0x01F77580,func_01F77580,,reached,generated
0x01F77690,func_01F77690,,reached,generated
0x01F776E8,func_01F776E8,,reached,generated
0x01F77748,func_01F77748,,reached,generated
0x01F77868,func_01F77868,,reached,generated
0x01F77908,func_01F77908,,reached,generated
0x01F779C0,func_01F779C0,,reached,generated
0x01F77A08,func_01F77A08,,reached,generated
0x01F77A50,Felt_Like_Something_Important,,reached,prose_label
0x01F77AD0,func_01F77AD0,,reached,generated
0x01F77B28,func_01F77B28,,reached,generated
0x01F77D20,func_01F77D20,,reached,generated
0x01F77DD8,func_01F77DD8,,reached,generated
0x01F77E80,func_01F77E80,,reached,generated
0x01F77F38,func_01F77F38,,reached,generated
0x01F77FF0,func_01F77FF0,,reached,generated
0x01F78088,func_01F78088,,reached,generated
0x01F78210,func_01F78210,,reached,generated
0x01F78320,func_01F78320,,reached,generated
0x01F78440,func_01F78440,,reached,generated
0x01F784B8,func_01F784B8,,reached,generated
0x01F78510,func_01F78510,,reached,generated
0x01F786F8,func_01F786F8,,reached,generated
0x01F78828,func_01F78828,,reached,generated
0x01F78860,func_01F78860,,reached,generated
0x01F788A8,func_01F788A8,,reached,generated
0x01F78918,func_01F78918,,reached,generated
0x01F789A8,func_01F789A8,,reached,generated
0x01F789E8,func_01F789E8,,reached,generated
0x01F78A08,func_01F78A08,,unreferenced,generated
0x01F78A38,func_01F78A38,,reached,generated
0x01F78A90,func_01F78A90,,reached,generated
0x01F78B08,func_01F78B08,,reached,generated
0x01F78B88,func_01F78B88,,reached,generated
0x01F78BA8,func_01F78BA8,,reached,generated
0x01F78C30,func_01F78C30,,reached,generated
0x01F78CB0,func_01F78CB0,,reached,generated
0x01F78D40,func_01F78D40,,reached,generated
0x01F78E10,func_01F78E10,,reached,generated
0x01F78E48,func_01F78E48,,reached,generated
0x01F78E80,func_01F78E80,,reached,generated
0x01F78F60,func_01F78F60,,reached,generated
0x01F79020,func_01F79020,,reached,generated
0x01F794A8,func_01F794A8,,reached,generated
0x01F79570,func_01F79570,,reached,generated
0x01F796E0,func_01F796E0,,reached,generated
0x01F79838,func_01F79838,,reached,generated
0x01F798B8,func_01F798B8,,reached,generated
0x01F79938,func_01F79938,,reached,generated
0x01F79958,func_01F79958,,reached,generated
0x01F79978,func_01F79978,,reached,generated
0x01F799D0,func_01F799D0,,reached,generated
0x01F79A30,func_01F79A30,,reached,generated
0x01F79A58,func_01F79A58,,reached,generated
0x01F79B10,func_01F79B10,,reached,generated
0x01F79D28,view_2D_display,,reached,menu_label
0x01F79D48,func_01F79D48,,reached,generated
0x01F79D80,func_01F79D80,,reached,generated
0x01F79E10,func_01F79E10,,reached,generated
0x01F79E78,func_01F79E78,,reached,generated
0x01F79FC8,func_01F79FC8,,reached,generated
0x01F7A048,func_01F7A048,,reached,generated
0x01F7A068,func_01F7A068,,reached,generated
0x01F7A070,func_01F7A070,,reached,generated
0x01F7A078,func_01F7A078,,reached,generated
0x01F7A268,func_01F7A268,,reached,generated
0x01F7A300,func_01F7A300,,reached,generated
0x01F7A380,func_01F7A380,,reached,generated
0x01F7A5A0,func_01F7A5A0,,reached,generated
0x01F7A798,func_01F7A798,,reached,generated
0x01F7A7B8,func_01F7A7B8,,reached,generated
0x01F7A810,func_01F7A810,,reached,generated
0x01F7A868,func_01F7A868,,reached,generated
