addr,name,unit,confidence,name_source
0x01F00000,overlayMain,,reached,manual
0x01F00058,func_01F00058,,reached,generated
0x01F00110,func_01F00110,,reached,generated
0x01F00180,func_01F00180,,reached,generated
0x01F002A8,func_01F002A8,,reached,generated
0x01F00368,func_01F00368,,unreferenced,generated
0x01F003E0,func_01F003E0,,reached,generated
0x01F00408,func_01F00408,,reached,generated
0x01F004B0,func_01F004B0,,reached,generated
0x01F00508,func_01F00508,,reached,generated
0x01F00560,func_01F00560,,reached,generated
0x01F005B8,func_01F005B8,,reached,generated
0x01F00610,func_01F00610,,reached,generated
0x01F00650,func_01F00650,,reached,generated
0x01F007D8,func_01F007D8,,reached,generated
0x01F00828,btflow_01F00828,btflow.c,reached,generated
0x01F00A90,btflow_01F00A90,btflow.c,reached,generated
0x01F00CE8,btflow_01F00CE8,btflow.c,reached,generated
0x01F00E70,btflow_01F00E70,btflow.c,reached,generated
0x01F00EE8,btflow_01F00EE8,btflow.c,reached,generated
0x01F00FC8,btFlow_Misato,btflow.c,reached,trace_string
0x01F01098,btflow_01F01098,btflow.c,reached,generated
0x01F010E8,btflow_01F010E8,btflow.c,reached,generated
0x01F01188,btflow_01F01188,btflow.c,reached,generated
0x01F01260,btflow_01F01260,btflow.c,reached,generated
0x01F01298,btflow_01F01298,btflow.c,reached,generated
0x01F012C0,btflow_01F012C0,btflow.c,reached,generated
0x01F01368,btflow_01F01368,btflow.c,reached,generated
0x01F01428,btflow_01F01428,btflow.c,reached,generated
0x01F014C0,btflow_01F014C0,btflow.c,reached,generated
0x01F01528,btflow_01F01528,btflow.c,reached,generated
0x01F01598,btflow_01F01598,btflow.c,reached,generated
0x01F01698,btflow_01F01698,btflow.c,reached,generated
0x01F017D8,btflow_01F017D8,btflow.c,reached,generated
0x01F01860,btflow_01F01860,btflow.c,reached,generated
0x01F01878,btflow_01F01878,btflow.c,reached,generated
0x01F01890,btflow_01F01890,btflow.c,reached,generated
0x01F01948,btflow_01F01948,btflow.c,reached,generated
0x01F019B8,btflow_01F019B8,btflow.c,reached,generated
0x01F019E8,btflow_01F019E8,btflow.c,reached,generated
0x01F01A00,btflow_01F01A00,btflow.c,reached,generated
0x01F01B38,btflow_01F01B38,btflow.c,reached,generated
0x01F01C60,func_01F01C60,,reached,generated
0x01F01C78,func_01F01C78,,reached,generated
0x01F01C90,func_01F01C90,,reached,generated
0x01F01CC0,func_01F01CC0,,reached,generated
0x01F01F08,func_01F01F08,,reached,generated
0x01F01FB0,func_01F01FB0,,reached,generated
0x01F02268,func_01F02268,,reached,generated
0x01F022B8,func_01F022B8,,reached,generated
0x01F024A8,func_01F024A8,,reached,generated
0x01F025D0,func_01F025D0,,reached,generated
0x01F025E8,btopera1_01F025E8,btopera1.c,reached,generated
0x01F027A8,btopera1_01F027A8,btopera1.c,reached,generated
0x01F028D8,btopera1_01F028D8,btopera1.c,reached,generated
0x01F029A8,btopera1_01F029A8,btopera1.c,reached,generated
0x01F02B68,func_01F02B68,,reached,generated
0x01F02C40,func_01F02C40,,reached,generated
0x01F02CD8,func_01F02CD8,,reached,generated
0x01F02D28,func_01F02D28,,reached,generated
0x01F02DC0,func_01F02DC0,,reached,generated
0x01F02E50,func_01F02E50,,reached,generated
0x01F02ED8,func_01F02ED8,,reached,generated
0x01F02F90,func_01F02F90,,reached,generated
0x01F03038,Sortie_anyway,,reached,prose_label
0x01F031E8,func_01F031E8,,reached,generated
0x01F03238,func_01F03238,,reached,generated
0x01F03318,btopera2_01F03318,btopera2.c,reached,generated
0x01F03790,btopera2_01F03790,btopera2.c,reached,generated
0x01F038A8,btopera2_01F038A8,btopera2.c,reached,generated
0x01F039A8,btopera2_01F039A8,btopera2.c,reached,generated
0x01F03A20,btopera2_01F03A20,btopera2.c,reached,generated
0x01F03B90,btopera2_01F03B90,btopera2.c,reached,generated
0x01F03BD0,btEvaIsPowerConnect,btopera2.c,reached,trace_string
0x01F03EB8,btopera2_01F03EB8,btopera2.c,reached,generated
0x01F03FB0,Can_t_deploy_here,btopera2.c,reached,prose_label
0x01F042D8,btopera2_01F042D8,btopera2.c,reached,generated
0x01F04328,btopera2_01F04328,btopera2.c,reached,generated
0x01F043B8,btopera2_01F043B8,btopera2.c,reached,generated
0x01F04448,btopera2_01F04448,btopera2.c,reached,generated
0x01F04500,btopera2_01F04500,btopera2.c,reached,generated
0x01F04548,btopera2_01F04548,btopera2.c,reached,generated
0x01F04650,btopera2_01F04650,btopera2.c,reached,generated
0x01F04768,btopera2_01F04768,btopera2.c,reached,generated
0x01F048A8,btopera2_01F048A8,btopera2.c,reached,generated
0x01F048F0,btopera2_01F048F0,btopera2.c,reached,generated
0x01F04958,btopera2_01F04958,btopera2.c,reached,generated
0x01F04A40,btopera2_01F04A40,btopera2.c,reached,generated
0x01F04A78,btopera2_01F04A78,btopera2.c,reached,generated
0x01F04AF8,func_01F04AF8,,reached,generated
0x01F04BD0,btopera3_01F04BD0,btopera3.c,reached,generated
0x01F04C40,btopera3_01F04C40,btopera3.c,reached,generated
0x01F04CF0,func_01F04CF0,,reached,generated
0x01F04E18,func_01F04E18,,reached,generated
0x01F04E68,func_01F04E68,,reached,generated
0x01F04F68,btoperat_01F04F68,btoperat.c,reached,generated
0x01F050B0,btOperationTest,btoperat.c,reached,recovered
0x01F05130,btoperat_01F05130,btoperat.c,reached,generated
0x01F05298,Set_tactics,btoperat.c,reached,prose_label
0x01F053B8,btoperat_01F053B8,btoperat.c,reached,generated
0x01F05428,btoperat_01F05428,btoperat.c,reached,generated
0x01F05510,btoperat_01F05510,btoperat.c,reached,generated
0x01F05558,btoperat_01F05558,btoperat.c,reached,generated
0x01F05678,btoperat_01F05678,btoperat.c,reached,generated
0x01F056A0,btoperat_01F056A0,btoperat.c,reached,generated
0x01F05710,btoperat_01F05710,btoperat.c,reached,generated
0x01F058E0,func_01F058E0,btoperat.c,reached,generated
0x01F05990,btoperat_01F05990,btoperat.c,reached,generated
0x01F05A90,func_01F05A90,,reached,generated
0x01F05B68,pilot_create,,reached,trace_string
0x01F05F00,func_01F05F00,,reached,generated
0x01F05F18,func_01F05F18,,reached,generated
0x01F05F30,func_01F05F30,,reached,generated
0x01F05F50,func_01F05F50,,reached,generated
0x01F05F68,btmissi4_01F05F68,btmissi4.c,reached,generated
0x01F05FA0,btmissi4_01F05FA0,btmissi4.c,reached,generated
0x01F05FB0,btmissi4_01F05FB0,btmissi4.c,reached,generated
0x01F05FC0,btmissi4_01F05FC0,btmissi4.c,reached,generated
0x01F05FD0,btmissi4_01F05FD0,btmissi4.c,reached,generated
0x01F05FE0,btmissi4_01F05FE0,btmissi4.c,reached,generated
0x01F06070,btmissi4_01F06070,btmissi4.c,reached,generated
0x01F06120,btmissi4_01F06120,btmissi4.c,reached,generated
0x01F061C0,btmissi4_01F061C0,btmissi4.c,reached,generated
0x01F06218,btmissi4_01F06218,btmissi4.c,reached,generated
0x01F062B8,btmissi4_01F062B8,btmissi4.c,reached,generated
0x01F062D0,btMissionTest,btmissi4.c,reached,recovered
0x01F06378,func_01F06378,,reached,generated
0x01F064A8,btplay_01F064A8,btplay.c,reached,generated
0x01F065F0,btplay_01F065F0,btplay.c,reached,generated
0x01F06670,btplay_01F06670,btplay.c,reached,generated
0x01F066F0,btplay_01F066F0,btplay.c,reached,generated
0x01F068A0,btplay_01F068A0,btplay.c,reached,generated
0x01F06948,btplay_01F06948,btplay.c,reached,generated
0x01F069E0,btplay_01F069E0,btplay.c,reached,generated
0x01F06B58,btplay_01F06B58,btplay.c,reached,generated
0x01F06C18,func_01F06C18,,reached,generated
0x01F06D50,func_01F06D50,,reached,generated
0x01F06DA8,func_01F06DA8,,reached,generated
0x01F06E30,func_01F06E30,,reached,generated
0x01F06F10,func_01F06F10,,reached,generated
0x01F06F40,func_01F06F40,,reached,generated
0x01F07068,func_01F07068,,reached,generated
0x01F070F0,func_01F070F0,,reached,generated
0x01F071D0,func_01F071D0,,reached,generated
0x01F072A0,func_01F072A0,,reached,generated
0x01F07418,btgeofro_01F07418,btgeofro.c,reached,generated
0x01F075F8,btgeofro_01F075F8,btgeofro.c,reached,generated
0x01F07718,btgeofro_01F07718,btgeofro.c,reached,generated
0x01F07918,btgeofro_01F07918,btgeofro.c,reached,generated
0x01F079B8,btgeofro_01F079B8,btgeofro.c,reached,generated
0x01F07A88,btgeofro_01F07A88,btgeofro.c,reached,generated
0x01F07AE0,Non_Play_Battle,btgeofro.c,reached,prose_label
0x01F07BA0,btvirtua_01F07BA0,btvirtua.c,reached,generated
0x01F07EF0,btvirtua_01F07EF0,btvirtua.c,reached,generated
0x01F07F70,btvirtua_01F07F70,btvirtua.c,reached,generated
0x01F07F88,btvirtua_01F07F88,btvirtua.c,reached,generated
0x01F07FB8,btvirtua_01F07FB8,btvirtua.c,reached,generated
0x01F08070,btvirtua_01F08070,btvirtua.c,reached,generated
0x01F080B8,btvirtua_01F080B8,btvirtua.c,reached,generated
0x01F081C8,btvirtua_01F081C8,btvirtua.c,reached,generated
0x01F08280,btvirtua_01F08280,btvirtua.c,reached,generated
0x01F082C8,btvirtua_01F082C8,btvirtua.c,reached,generated
0x01F082E0,Sortie_Member,btvirtua.c,reached,prose_label
0x01F083A0,btvirtua_01F083A0,btvirtua.c,reached,generated
0x01F084A0,func_01F084A0,,reached,generated
0x01F084E0,func_01F084E0,,reached,generated
0x01F085C8,btauto1_01F085C8,btauto1.c,reached,generated
0x01F08900,btauto1_01F08900,btauto1.c,reached,generated
0x01F089B8,btauto1_01F089B8,btauto1.c,reached,generated
0x01F08A60,btauto1_01F08A60,btauto1.c,reached,generated
0x01F08AE0,btauto1_01F08AE0,btauto1.c,reached,generated
0x01F08B08,btAutoPilotList,btauto1.c,reached,trace_string
0x01F08C08,func_01F08C08,,reached,generated
0x01F08C80,func_01F08C80,,reached,generated
0x01F08D90,func_01F08D90,,reached,generated
0x01F08DF8,func_01F08DF8,,reached,generated
0x01F08F00,func_01F08F00,,reached,generated
0x01F08F48,func_01F08F48,,reached,generated
0x01F08F80,func_01F08F80,,reached,generated
0x01F090A8,btauto3_01F090A8,btauto3.c,reached,generated
0x01F091F0,btauto3_01F091F0,btauto3.c,reached,generated
0x01F09258,btauto3_01F09258,btauto3.c,reached,generated
0x01F093F0,btauto3_01F093F0,btauto3.c,reached,generated
0x01F09478,btauto3_01F09478,btauto3.c,reached,generated
0x01F094E8,btauto3_01F094E8,btauto3.c,reached,generated
0x01F09500,position_front_of_zero,btauto3.c,reached,trace_string
0x01F09578,powside_near_to_other,btauto3.c,reached,trace_string
0x01F09710,position_random_in_all,btauto3.c,reached,trace_string
0x01F09800,position_random_in_zone,btauto3.c,reached,trace_string
0x01F098F0,btauto3_01F098F0,btauto3.c,reached,generated
0x01F09A48,btauto3_01F09A48,btauto3.c,reached,generated
0x01F09B88,btauto3_01F09B88,btauto3.c,reached,generated
0x01F09BE0,btauto3_01F09BE0,btauto3.c,reached,generated
0x01F09CE8,btauto3_01F09CE8,btauto3.c,reached,generated
0x01F09D28,freepos_random_in_z,btauto3.c,reached,trace_string
0x01F09E00,freepos_near_to_other,btauto3.c,reached,trace_string
0x01F09F10,btauto3_01F09F10,btauto3.c,reached,generated
0x01F09FD0,btauto3_01F09FD0,btauto3.c,reached,generated
0x01F0A040,btauto3_01F0A040,btauto3.c,reached,generated
0x01F0A2D0,btauto3_01F0A2D0,btauto3.c,reached,generated
0x01F0A3E8,geofron_position,btauto3.c,reached,trace_string
0x01F0A458,btauto3_01F0A458,btauto3.c,reached,generated
0x01F0A590,btauto3_01F0A590,btauto3.c,reached,generated
0x01F0A628,btauto3_01F0A628,btauto3.c,reached,generated
0x01F0A6E8,Auto_Tactics,btauto3.c,reached,prose_label
0x01F0A748,btauto3_01F0A748,btauto3.c,reached,generated
0x01F0A7F8,btauto3_01F0A7F8,btauto3.c,reached,generated
0x01F0A868,btauto3_01F0A868,btauto3.c,reached,generated
0x01F0A8A0,btauto3_01F0A8A0,btauto3.c,reached,generated
0x01F0A960,btauto3_01F0A960,btauto3.c,reached,generated
0x01F0A978,btauto3_01F0A978,btauto3.c,reached,generated
0x01F0AA30,btauto3_01F0AA30,btauto3.c,reached,generated
0x01F0AA60,btauto3_01F0AA60,btauto3.c,reached,generated
0x01F0AB98,btauto3_01F0AB98,btauto3.c,reached,generated
0x01F0AC78,btauto3_01F0AC78,btauto3.c,reached,generated
0x01F0AC90,btauto3_01F0AC90,btauto3.c,reached,generated
0x01F0AD28,func_01F0AD28,,reached,generated
0x01F0AD60,func_01F0AD60,,reached,generated
0x01F0ADD0,func_01F0ADD0,,reached,generated
0x01F0AE00,func_01F0AE00,,reached,generated
0x01F0AE78,func_01F0AE78,,reached,generated
0x01F0AED0,btviewer_01F0AED0,btviewer.c,reached,generated
0x01F0AF80,btviewer_01F0AF80,btviewer.c,reached,generated
0x01F0AFC8,btviewer_01F0AFC8,btviewer.c,reached,generated
0x01F0B010,btviewer_01F0B010,btviewer.c,reached,generated
0x01F0B0D8,btviewer_01F0B0D8,btviewer.c,reached,generated
0x01F0B108,btviewer_01F0B108,btviewer.c,reached,generated
0x01F0B158,btviewer_01F0B158,btviewer.c,unreferenced,generated
0x01F0B170,btviewer_01F0B170,btviewer.c,reached,generated
0x01F0B198,btviewer_01F0B198,btviewer.c,reached,generated
0x01F0B1B0,btviewer_01F0B1B0,btviewer.c,reached,generated
0x01F0B218,btviewer_01F0B218,btviewer.c,reached,generated
0x01F0B278,btviewer_01F0B278,btviewer.c,reached,generated
0x01F0B348,btviewer_01F0B348,btviewer.c,reached,generated
0x01F0B368,btviewer_01F0B368,btviewer.c,reached,generated
0x01F0B3A8,btviewer_01F0B3A8,btviewer.c,reached,generated
0x01F0B3D0,btviewer_01F0B3D0,btviewer.c,reached,generated
0x01F0B480,btviewer_01F0B480,btviewer.c,reached,generated
0x01F0B560,btviewer_01F0B560,btviewer.c,reached,generated
0x01F0B670,btviewer_01F0B670,btviewer.c,reached,generated
0x01F0B6C0,btviewer_01F0B6C0,btviewer.c,reached,generated
0x01F0BAE8,btviewer_01F0BAE8,btviewer.c,reached,generated
0x01F0BCD0,btviewer_01F0BCD0,btviewer.c,unreferenced,generated
0x01F0BCE8,btviewer_01F0BCE8,btviewer.c,unreferenced,generated
0x01F0BD28,btviewer_01F0BD28,btviewer.c,reached,generated
0x01F0C008,btviewer_01F0C008,btviewer.c,reached,generated
0x01F0C3A0,btviewer_01F0C3A0,btviewer.c,reached,generated
0x01F0C430,func_01F0C430,,reached,generated
0x01F0C510,func_01F0C510,,reached,generated
0x01F0C540,func_01F0C540,,reached,generated
0x01F0C558,func_01F0C558,,reached,generated
0x01F0C5A8,func_01F0C5A8,,reached,generated
0x01F0C600,func_01F0C600,,reached,generated
0x01F0C800,func_01F0C800,,reached,generated
0x01F0C8B0,func_01F0C8B0,,reached,generated
0x01F0CA28,btenv_01F0CA28,btenv.c,reached,generated
0x01F0CAC0,btenv_01F0CAC0,btenv.c,reached,generated
0x01F0CC58,btenv_01F0CC58,btenv.c,reached,generated
0x01F0CC70,btenv_01F0CC70,btenv.c,reached,generated
0x01F0CCC0,btenv_01F0CCC0,btenv.c,reached,generated
0x01F0CD40,btenv_01F0CD40,btenv.c,reached,generated
0x01F0CD58,btenv_01F0CD58,btenv.c,reached,generated
0x01F0CEA8,btenv_01F0CEA8,btenv.c,reached,generated
0x01F0CF20,btenv_01F0CF20,btenv.c,reached,generated
0x01F0CF70,btenv_01F0CF70,btenv.c,reached,generated
0x01F0CFA8,btenv_01F0CFA8,btenv.c,reached,generated
0x01F0CFE0,btenv_01F0CFE0,btenv.c,reached,generated
0x01F0D030,func_01F0D030,,reached,generated
0x01F0D080,func_01F0D080,,reached,generated
0x01F0D0B8,func_01F0D0B8,,reached,generated
0x01F0D0F0,func_01F0D0F0,,reached,generated
0x01F0D128,func_01F0D128,,reached,generated
0x01F0D2A8,func_01F0D2A8,,reached,generated
0x01F0D320,func_01F0D320,,reached,generated
0x01F0D398,func_01F0D398,,reached,generated
0x01F0D400,func_01F0D400,,reached,generated
0x01F0D418,func_01F0D418,,reached,generated
0x01F0D490,func_01F0D490,,reached,generated
0x01F0D4C0,func_01F0D4C0,,reached,generated
0x01F0D788,func_01F0D788,,reached,generated
0x01F0D7A0,btenv2_01F0D7A0,btenv2.c,reached,generated
0x01F0D810,btenv2_01F0D810,btenv2.c,reached,generated
0x01F0D8F8,btenv2_01F0D8F8,btenv2.c,reached,generated
0x01F0DA20,btenv2_01F0DA20,btenv2.c,reached,generated
0x01F0DA80,btenv2_01F0DA80,btenv2.c,reached,generated
0x01F0DAD0,btenv2_01F0DAD0,btenv2.c,reached,generated
0x01F0DCA0,btenv2_01F0DCA0,btenv2.c,reached,generated
0x01F0DDE8,btenv2_01F0DDE8,btenv2.c,reached,generated
0x01F0DE30,btenv2_01F0DE30,btenv2.c,reached,generated
0x01F0DE78,btenv2_01F0DE78,btenv2.c,reached,generated
0x01F0DEB8,btenv2_01F0DEB8,btenv2.c,reached,generated
0x01F0DEF8,btenv2_01F0DEF8,btenv2.c,reached,generated
0x01F0DF38,btenv2_01F0DF38,btenv2.c,reached,generated
0x01F0DF48,btenv2_01F0DF48,btenv2.c,reached,generated
0x01F0DF90,btenv2_01F0DF90,btenv2.c,reached,generated
0x01F0E000,func_01F0E000,,reached,generated
0x01F0E078,func_01F0E078,,reached,generated
0x01F0E118,btenv3_01F0E118,btenv3.c,reached,generated
0x01F0E2C8,btenv3_01F0E2C8,btenv3.c,reached,generated
0x01F0E2F8,btenv3_01F0E2F8,btenv3.c,reached,generated
0x01F0E338,btenv3_01F0E338,btenv3.c,reached,generated
0x01F0E468,btenv3_01F0E468,btenv3.c,reached,generated
0x01F0E560,btenv3_01F0E560,btenv3.c,reached,generated
0x01F0E588,btenv3_01F0E588,btenv3.c,reached,generated
0x01F0E5F8,btenv3_01F0E5F8,btenv3.c,reached,generated
0x01F0E768,btenv3_01F0E768,btenv3.c,reached,generated
0x01F0E910,btenv3_01F0E910,btenv3.c,reached,generated
0x01F0EA80,btenv3_01F0EA80,btenv3.c,reached,generated
0x01F0EBA8,btEnvSightChange,btenv3.c,reached,trace_string
0x01F0ECB8,func_01F0ECB8,,reached,generated
0x01F0ED28,func_01F0ED28,,reached,generated
0x01F0ED88,func_01F0ED88,,reached,generated
0x01F0EE28,func_01F0EE28,,reached,generated
0x01F0EE38,btenv4_01F0EE38,btenv4.c,reached,generated
0x01F0EEA8,btenv4_01F0EEA8,btenv4.c,reached,generated
0x01F0EF18,btenv4_01F0EF18,btenv4.c,reached,generated
0x01F0EF60,btenv4_01F0EF60,btenv4.c,reached,generated
0x01F0EFA8,btenv4_01F0EFA8,btenv4.c,reached,generated
0x01F0EFD8,btenv4_01F0EFD8,btenv4.c,reached,generated
0x01F0F088,btenv4_01F0F088,btenv4.c,reached,generated
0x01F0F318,btenv4_01F0F318,btenv4.c,reached,generated
0x01F0F378,btenv4_01F0F378,btenv4.c,reached,generated
0x01F0F3F0,btenv4_01F0F3F0,btenv4.c,reached,generated
0x01F0F3F8,btenv4_01F0F3F8,btenv4.c,reached,generated
0x01F0F430,btenv4_01F0F430,btenv4.c,reached,generated
0x01F0F470,btenv4_01F0F470,btenv4.c,reached,generated
0x01F0F4A0,btenv4_01F0F4A0,btenv4.c,reached,generated
0x01F0F4D8,btenv4_01F0F4D8,btenv4.c,reached,generated
0x01F0F598,btenv4_01F0F598,btenv4.c,reached,generated
0x01F0F5D8,btenv4_01F0F5D8,btenv4.c,reached,generated
0x01F0F788,func_01F0F788,,reached,generated
0x01F0F8D8,func_01F0F8D8,,reached,generated
0x01F0F970,btenv8_01F0F970,btenv8.c,reached,generated
0x01F0F9E8,func_01F0F9E8,,reached,generated
0x01F0FA20,func_01F0FA20,,reached,generated
0x01F0FA58,func_01F0FA58,,reached,generated
0x01F0FA88,func_01F0FA88,,reached,generated
0x01F0FAB8,btenv9_01F0FAB8,btenv9.c,reached,generated
0x01F0FB30,func_01F0FB30,,reached,generated
0x01F0FB68,func_01F0FB68,,unreferenced,generated
0x01F0FBD0,func_01F0FBD0,,reached,generated
0x01F0FC00,func_01F0FC00,,reached,generated
0x01F0FC30,func_01F0FC30,,reached,generated
0x01F0FC60,func_01F0FC60,,unreferenced,generated
0x01F0FCC0,func_01F0FCC0,,reached,generated
0x01F0FCE8,func_01F0FCE8,,reached,generated
0x01F0FD40,func_01F0FD40,,reached,generated
0x01F0FD70,func_01F0FD70,,reached,generated
0x01F0FE10,func_01F0FE10,,reached,generated
0x01F0FE48,func_01F0FE48,,reached,generated
0x01F0FE98,func_01F0FE98,,reached,generated
0x01F0FEC8,func_01F0FEC8,,reached,generated
0x01F0FEF8,func_01F0FEF8,,reached,generated
0x01F0FF30,btenv11_01F0FF30,btenv11.c,reached,generated
0x01F0FF88,func_01F0FF88,,reached,generated
0x01F0FFC0,func_01F0FFC0,,reached,generated
0x01F0FFD0,btenv12_01F0FFD0,btenv12.c,reached,generated
0x01F10040,func_01F10040,,reached,generated
0x01F100B0,func_01F100B0,,reached,generated
0x01F10100,func_01F10100,,reached,generated
0x01F10148,func_01F10148,,reached,generated
0x01F10190,func_01F10190,,reached,generated
0x01F101D8,func_01F101D8,,reached,generated
0x01F10210,func_01F10210,,reached,generated
0x01F10248,func_01F10248,,reached,generated
0x01F10278,func_01F10278,,reached,generated
0x01F102A8,func_01F102A8,,reached,generated
0x01F102D8,func_01F102D8,,reached,generated
0x01F102F0,func_01F102F0,,reached,generated
0x01F10328,func_01F10328,,reached,generated
0x01F103F8,func_01F103F8,,reached,generated
0x01F10460,func_01F10460,,reached,generated
0x01F104B8,func_01F104B8,,reached,generated
0x01F10540,func_01F10540,,reached,generated
0x01F105B8,func_01F105B8,,reached,generated
0x01F10628,func_01F10628,,reached,generated
0x01F10658,func_01F10658,,reached,generated
0x01F10688,func_01F10688,,reached,generated
0x01F106E8,func_01F106E8,,reached,generated
0x01F10750,func_01F10750,,reached,generated
0x01F10788,func_01F10788,,reached,generated
0x01F107C0,func_01F107C0,,reached,generated
0x01F107C8,func_01F107C8,,reached,generated
0x01F107E8,func_01F107E8,,reached,generated
0x01F10800,func_01F10800,,reached,generated
0x01F10838,func_01F10838,,reached,generated
0x01F10858,func_01F10858,,unreferenced,generated
0x01F10878,func_01F10878,,reached,generated
0x01F10890,func_01F10890,,reached,generated
0x01F108A8,func_01F108A8,,reached,generated
0x01F108D8,func_01F108D8,,reached,generated
0x01F10908,func_01F10908,,reached,generated
0x01F10958,func_01F10958,,reached,generated
0x01F10988,func_01F10988,,reached,generated
0x01F10A30,func_01F10A30,,reached,generated
0x01F10A50,func_01F10A50,,reached,generated
0x01F10A70,func_01F10A70,,reached,generated
0x01F10B90,func_01F10B90,,reached,generated
0x01F10C38,func_01F10C38,,reached,generated
0x01F10CF8,func_01F10CF8,,reached,generated
0x01F10DB0,func_01F10DB0,,reached,generated
0x01F10F60,btsimula_01F10F60,btsimula.c,reached,generated
0x01F11058,btsimula_01F11058,btsimula.c,reached,generated
0x01F110C0,btsimula_01F110C0,btsimula.c,reached,generated
0x01F11170,btsimula_01F11170,btsimula.c,reached,generated
0x01F11250,btsimula_01F11250,btsimula.c,reached,generated
0x01F11290,btsimula_01F11290,btsimula.c,reached,generated
0x01F11370,btsimula_01F11370,btsimula.c,reached,generated
0x01F113B0,btsimula_01F113B0,btsimula.c,reached,generated
0x01F113C8,btsimula_01F113C8,btsimula.c,reached,generated
0x01F115D8,btsimula_01F115D8,btsimula.c,reached,generated
0x01F11640,bttabris_01F11640,bttabris.c,reached,generated
0x01F11788,bttabris_01F11788,bttabris.c,reached,generated
0x01F117D0,bttabenv_01F117D0,bttabenv.c,reached,generated
0x01F11998,bttabenv_01F11998,bttabenv.c,reached,generated
0x01F11A70,func_01F11A70,bttabenv.c,reached,generated
0x01F11AE8,func_01F11AE8,bttabenv.c,reached,generated
0x01F11B78,func_01F11B78,bttabenv.c,reached,generated
0x01F11BC0,bttabenv_01F11BC0,bttabenv.c,reached,generated
0x01F11DE8,bttabenv_01F11DE8,bttabenv.c,reached,generated
0x01F11E60,func_01F11E60,bttabenv.c,reached,generated
0x01F11ED0,func_01F11ED0,bttabenv.c,reached,generated
0x01F11F10,func_01F11F10,bttabenv.c,reached,generated
0x01F11F80,func_01F11F80,bttabenv.c,reached,generated
0x01F11FC0,bttabenv_01F11FC0,bttabenv.c,reached,generated
0x01F12128,bttabenv_01F12128,bttabenv.c,reached,generated
0x01F12280,func_01F12280,bttabenv.c,reached,generated
0x01F122F8,bttabenv_01F122F8,bttabenv.c,reached,generated
0x01F12548,bttabenv_01F12548,bttabenv.c,reached,generated
0x01F12728,bttabenv_01F12728,bttabenv.c,reached,generated
0x01F12980,bttabenv_01F12980,bttabenv.c,reached,generated
0x01F12A28,func_01F12A28,bttabenv.c,reached,generated
0x01F12AD8,bttabenv_01F12AD8,bttabenv.c,reached,generated
0x01F12FB8,bttabenv_01F12FB8,bttabenv.c,reached,generated
0x01F13108,bttabenv_01F13108,bttabenv.c,reached,generated
0x01F13160,bttabenv_01F13160,bttabenv.c,reached,generated
0x01F131B0,func_01F131B0,bttabenv.c,reached,generated
0x01F131C0,func_01F131C0,bttabenv.c,reached,generated
0x01F131C8,func_01F131C8,bttabenv.c,reached,generated
0x01F131E0,func_01F131E0,bttabenv.c,reached,generated
0x01F131F8,bttabenv_01F131F8,bttabenv.c,reached,generated
0x01F13298,bttabenv_01F13298,bttabenv.c,reached,generated
0x01F13338,bttabenv_01F13338,bttabenv.c,reached,generated
0x01F13390,func_01F13390,bttabenv.c,reached,generated
0x01F133B0,func_01F133B0,bttabenv.c,reached,generated
0x01F133C0,func_01F133C0,bttabenv.c,unreferenced,generated
0x01F133D0,func_01F133D0,bttabenv.c,reached,generated
0x01F133F8,func_01F133F8,bttabenv.c,reached,generated
0x01F13408,func_01F13408,bttabenv.c,reached,generated
0x01F13418,func_01F13418,bttabenv.c,reached,generated
0x01F13428,func_01F13428,bttabenv.c,reached,generated
0x01F13438,func_01F13438,bttabenv.c,reached,generated
0x01F13460,func_01F13460,bttabenv.c,reached,generated
0x01F13470,func_01F13470,bttabenv.c,reached,generated
0x01F13480,func_01F13480,bttabenv.c,reached,generated
0x01F134A8,func_01F134A8,bttabenv.c,reached,generated
0x01F134B8,func_01F134B8,bttabenv.c,reached,generated
0x01F134C8,func_01F134C8,bttabenv.c,reached,generated
0x01F13568,func_01F13568,bttabenv.c,reached,generated
0x01F135A0,bttabenv_01F135A0,bttabenv.c,reached,generated
0x01F136D0,func_01F136D0,,unreferenced,generated
0x01F136E0,func_01F136E0,,reached,generated
0x01F13700,func_01F13700,,reached,generated
0x01F13728,func_01F13728,,reached,generated
0x01F13810,func_01F13810,,reached,generated
0x01F13888,func_01F13888,,reached,generated
0x01F139C0,btgendou_01F139C0,btgendou.c,reached,generated
0x01F13A88,func_01F13A88,,reached,generated
0x01F13B20,func_01F13B20,,reached,generated
0x01F13D98,func_01F13D98,,reached,generated
0x01F14178,func_01F14178,,reached,generated
0x01F141B0,func_01F141B0,,reached,generated
0x01F142A0,func_01F142A0,,reached,generated
0x01F14348,func_01F14348,,reached,generated
0x01F143B8,func_01F143B8,,reached,generated
0x01F14510,func_01F14510,,reached,generated
0x01F14548,func_01F14548,,reached,generated
0x01F14560,func_01F14560,,reached,generated
0x01F14678,func_01F14678,,reached,generated
0x01F146E0,func_01F146E0,,reached,generated
0x01F14748,func_01F14748,,reached,generated
0x01F14818,func_01F14818,,reached,generated
0x01F14890,func_01F14890,,reached,generated
0x01F14928,func_01F14928,,reached,generated
0x01F149D0,func_01F149D0,,reached,generated
0x01F14A20,func_01F14A20,,reached,generated
0x01F14A88,btpcmis_01F14A88,btpcmis.c,reached,generated
0x01F14BA8,btpcmis_01F14BA8,btpcmis.c,reached,generated
0x01F14C40,btpcmis_01F14C40,btpcmis.c,reached,generated
0x01F14E18,btpcmis_01F14E18,btpcmis.c,reached,generated
0x01F14FB8,btpcmis_01F14FB8,btpcmis.c,reached,generated
0x01F15200,btpcmis_01F15200,btpcmis.c,reached,generated
0x01F15278,btpcmis_01F15278,btpcmis.c,reached,generated
0x01F15380,instruct_exec,btpcmis.c,reached,trace_string
0x01F15460,btpcmis_01F15460,btpcmis.c,reached,generated
0x01F15520,btpcmis_01F15520,btpcmis.c,reached,generated
0x01F15678,btpcmis_01F15678,btpcmis.c,reached,generated
0x01F15800,btpcmis_01F15800,btpcmis.c,reached,generated
0x01F15830,btpcmis_01F15830,btpcmis.c,reached,generated
0x01F15870,btpcmis_01F15870,btpcmis.c,reached,generated
0x01F158E0,m_pos,btpcmis.c,reached,trace_string
0x01F15A30,func_01F15A30,,reached,generated
0x01F15A58,func_01F15A58,,reached,generated
0x01F15A80,func_01F15A80,,reached,generated
0x01F15AA8,func_01F15AA8,,reached,generated
0x01F15B20,func_01F15B20,,reached,generated
0x01F15B38,func_01F15B38,,reached,generated
0x01F15C70,func_01F15C70,,reached,generated
0x01F15CE8,btpcgen_01F15CE8,btpcgen.c,reached,generated
0x01F15E50,btpcgen_01F15E50,btpcgen.c,reached,generated
0x01F15F58,btpcgen_01F15F58,btpcgen.c,reached,generated
0x01F15FC0,btpcgen_01F15FC0,btpcgen.c,reached,generated
0x01F16000,btpcgen_01F16000,btpcgen.c,reached,generated
0x01F16058,btpcgen_01F16058,btpcgen.c,reached,generated
0x01F160A0,btpcgen_01F160A0,btpcgen.c,reached,generated
0x01F16160,btpcgen_01F16160,btpcgen.c,reached,generated
0x01F16458,btpcgen_01F16458,btpcgen.c,reached,generated
0x01F16570,btpcgen_01F16570,btpcgen.c,reached,generated
0x01F16710,btpcgen_01F16710,btpcgen.c,reached,generated
0x01F169C8,btpcgen_01F169C8,btpcgen.c,reached,generated
0x01F16C48,btpcgen_01F16C48,btpcgen.c,reached,generated
0x01F16F70,btpcgen_01F16F70,btpcgen.c,reached,generated
0x01F17280,btpcgen_01F17280,btpcgen.c,reached,generated
0x01F17420,btpcgen_01F17420,btpcgen.c,reached,generated
0x01F17738,btpcgen_01F17738,btpcgen.c,reached,generated
0x01F177A0,btpcgen_01F177A0,btpcgen.c,reached,generated
0x01F177D8,btpcgen_01F177D8,btpcgen.c,reached,generated
0x01F17870,btpcgen_01F17870,btpcgen.c,reached,generated
0x01F178D0,btpcgen_01F178D0,btpcgen.c,reached,generated
0x01F17988,btpcgen_01F17988,btpcgen.c,reached,generated
0x01F179E8,btpcgen_01F179E8,btpcgen.c,reached,generated
0x01F17AC0,btpcgen_01F17AC0,btpcgen.c,reached,generated
0x01F17BA8,btpcgen_01F17BA8,btpcgen.c,reached,generated
0x01F17BD0,btpcgen_01F17BD0,btpcgen.c,reached,generated
0x01F17E40,btpcgen_01F17E40,btpcgen.c,reached,generated
0x01F180B8,btpcgen_01F180B8,btpcgen.c,reached,generated
0x01F181A0,btpcgen_01F181A0,btpcgen.c,reached,generated
0x01F18200,btpcgen_01F18200,btpcgen.c,reached,generated
0x01F182E8,btpcgen_01F182E8,btpcgen.c,reached,generated
0x01F18340,btpcgen_01F18340,btpcgen.c,reached,generated
0x01F183C0,btpcgen_01F183C0,btpcgen.c,reached,generated
0x01F183D0,btpcgen_01F183D0,btpcgen.c,reached,generated
0x01F18408,btpcgen_01F18408,btpcgen.c,reached,generated
0x01F184D8,Sever_power_cable,btpcgen.c,reached,menu_label
0x01F18538,btpcgen_01F18538,btpcgen.c,reached,generated
0x01F185E0,btpcgen_01F185E0,btpcgen.c,reached,generated
0x01F18658,btpcgen_01F18658,btpcgen.c,reached,generated
0x01F186A8,btpcgen_01F186A8,btpcgen.c,reached,generated
0x01F18708,btpcgen_01F18708,btpcgen.c,reached,generated
0x01F187D8,btpcgen_01F187D8,btpcgen.c,reached,generated
0x01F18838,Not_Bardiel_Battle,btpcgen.c,reached,prose_label
0x01F188C8,No_NPC_Eva,btpcgen.c,reached,prose_label
0x01F18920,btpcgen_01F18920,btpcgen.c,reached,generated
0x01F18968,btpcgen_01F18968,btpcgen.c,reached,generated
0x01F189C8,btpcgen_01F189C8,btpcgen.c,reached,generated
0x01F18A68,btpcgen_01F18A68,btpcgen.c,reached,generated
0x01F18AF0,btpcgen_01F18AF0,btpcgen.c,reached,generated
0x01F18B08,btpcgen_01F18B08,btpcgen.c,reached,generated
0x01F18B40,btpcgen_01F18B40,btpcgen.c,reached,generated
0x01F18BC0,btpcgen_01F18BC0,btpcgen.c,reached,generated
0x01F18C00,btpcgen_01F18C00,btpcgen.c,reached,generated
0x01F18C48,btpcgen_01F18C48,btpcgen.c,reached,generated
0x01F18C68,btpcgen_01F18C68,btpcgen.c,reached,generated
0x01F18D30,btpcgen_01F18D30,btpcgen.c,reached,generated
0x01F18E70,btpcgen_01F18E70,btpcgen.c,reached,generated
0x01F18E98,btpcgen_01F18E98,btpcgen.c,reached,generated
0x01F18F50,func_01F18F50,,reached,generated
0x01F18FA0,func_01F18FA0,,reached,generated
0x01F190A0,btim319_01F190A0,btim319.c,reached,generated
0x01F19358,btim319_01F19358,btim319.c,reached,generated
0x01F19428,btim319_01F19428,btim319.c,reached,generated
0x01F194C0,btim319_01F194C0,btim319.c,reached,generated
0x01F19510,btim319_01F19510,btim319.c,reached,generated
0x01F19600,btim319_01F19600,btim319.c,reached,generated
0x01F19680,btim319_01F19680,btim319.c,reached,generated
0x01F196D8,btim319_01F196D8,btim319.c,reached,generated
0x01F19788,btim319_01F19788,btim319.c,reached,generated
0x01F197E0,btim319_01F197E0,btim319.c,reached,generated
0x01F198C8,btim319_01F198C8,btim319.c,reached,generated
0x01F19948,btim319_01F19948,btim319.c,reached,generated
0x01F199A0,btim319_01F199A0,btim319.c,reached,generated
0x01F199F8,btim319_01F199F8,btim319.c,reached,generated
0x01F19A78,btim319_01F19A78,btim319.c,reached,generated
0x01F19AF0,btIm319Test,btim319.c,reached,recovered
0x01F19D80,func_01F19D80,,reached,generated
0x01F19E60,func_01F19E60,,reached,generated
0x01F19F00,btim_01F19F00,btim.c,reached,generated
0x01F19F58,btim_01F19F58,btim.c,reached,generated
0x01F19F78,btim_01F19F78,btim.c,reached,generated
0x01F1A008,func_01F1A008,btim.c,reached,generated
0x01F1A028,func_01F1A028,btim.c,reached,generated
0x01F1A060,func_01F1A060,btim.c,reached,generated
0x01F1A080,func_01F1A080,btim.c,reached,generated
0x01F1A098,btim_01F1A098,btim.c,reached,generated
0x01F1A158,func_01F1A158,,reached,generated
0x01F1A1C0,func_01F1A1C0,,reached,generated
0x01F1A1C8,func_01F1A1C8,,reached,generated
0x01F1A2B8,func_01F1A2B8,,reached,generated
0x01F1A3D8,func_01F1A3D8,,reached,generated
0x01F1A458,func_01F1A458,,reached,generated
0x01F1A548,func_01F1A548,,reached,generated
0x01F1A5C0,func_01F1A5C0,,reached,generated
0x01F1A660,func_01F1A660,,reached,generated
0x01F1A7D0,btim003_01F1A7D0,btim003.c,reached,generated
0x01F1A888,btim003_01F1A888,btim003.c,reached,generated
0x01F1A940,btim003_01F1A940,btim003.c,reached,generated
0x01F1A9C8,btim003_01F1A9C8,btim003.c,reached,generated
0x01F1AA28,btim003_01F1AA28,btim003.c,reached,generated
0x01F1AAB0,btim003_01F1AAB0,btim003.c,reached,generated
0x01F1AB68,btim003_01F1AB68,btim003.c,reached,generated
0x01F1AC18,btim003_01F1AC18,btim003.c,reached,generated
0x01F1AC48,btim003_01F1AC48,btim003.c,reached,generated
0x01F1AC58,btim003_01F1AC58,btim003.c,reached,generated
0x01F1AC68,btim003_01F1AC68,btim003.c,reached,generated
0x01F1AC78,btim003_01F1AC78,btim003.c,reached,generated
0x01F1AC88,btim003_01F1AC88,btim003.c,reached,generated
0x01F1AC98,btim003_01F1AC98,btim003.c,reached,generated
0x01F1ACD0,btim003_01F1ACD0,btim003.c,reached,generated
0x01F1AF08,btim003_01F1AF08,btim003.c,reached,generated
0x01F1AF48,btim003_01F1AF48,btim003.c,reached,generated
0x01F1AFC0,btim003_01F1AFC0,btim003.c,reached,generated
0x01F1B038,btim003_01F1B038,btim003.c,reached,generated
0x01F1B0B0,btim003_01F1B0B0,btim003.c,reached,generated
0x01F1B128,btim003_01F1B128,btim003.c,reached,generated
0x01F1B1A8,btim003_01F1B1A8,btim003.c,reached,generated
0x01F1B2C8,btim003_01F1B2C8,btim003.c,reached,generated
0x01F1B3B8,btim003_01F1B3B8,btim003.c,reached,generated
0x01F1B528,btim003_01F1B528,btim003.c,reached,generated
0x01F1B548,No_equipment,btim003.c,reached,prose_label
0x01F1B660,btim003_01F1B660,btim003.c,reached,generated
0x01F1B780,btim003_01F1B780,btim003.c,reached,generated
0x01F1B840,btim003_01F1B840,btim003.c,reached,generated
0x01F1B8A0,btim003_01F1B8A0,btim003.c,reached,generated
0x01F1B8B8,btim003_01F1B8B8,btim003.c,reached,generated
0x01F1B8E0,btim003_01F1B8E0,btim003.c,reached,generated
0x01F1B8F8,btim003_01F1B8F8,btim003.c,reached,generated
0x01F1B9B8,btim003_01F1B9B8,btim003.c,reached,generated
0x01F1BB30,btim003_01F1BB30,btim003.c,reached,generated
0x01F1BBF8,btim003_01F1BBF8,btim003.c,reached,generated
0x01F1BC60,btim003_01F1BC60,btim003.c,reached,generated
0x01F1BC98,btim003_01F1BC98,btim003.c,reached,generated
0x01F1BEA8,btim003_01F1BEA8,btim003.c,reached,generated
0x01F1BF18,btim003_01F1BF18,btim003.c,reached,generated
0x01F1BF30,btim003_01F1BF30,btim003.c,reached,generated
0x01F1C010,btim003_01F1C010,btim003.c,reached,generated
0x01F1C0E0,btim003_01F1C0E0,btim003.c,reached,generated
0x01F1C1C8,btim003_01F1C1C8,btim003.c,reached,generated
0x01F1C370,btim003_01F1C370,btim003.c,reached,generated
0x01F1C4C0,btim003_01F1C4C0,btim003.c,reached,generated
0x01F1C640,btim003_01F1C640,btim003.c,reached,generated
0x01F1C740,btim003_01F1C740,btim003.c,reached,generated
0x01F1C758,btim003_01F1C758,btim003.c,reached,generated
0x01F1C7E8,btEventAtCounter1,btim003.c,reached,trace_string
0x01F1C838,func_01F1C838,,reached,generated
0x01F1C8F0,func_01F1C8F0,,reached,generated
0x01F1C960,func_01F1C960,,reached,generated
0x01F1C990,func_01F1C990,,reached,generated
0x01F1CA40,func_01F1CA40,,reached,generated
0x01F1CAB0,func_01F1CAB0,,reached,generated
0x01F1CB70,func_01F1CB70,,reached,generated
0x01F1CBA0,func_01F1CBA0,,reached,generated
0x01F1CC28,func_01F1CC28,,reached,generated
0x01F1CCA0,func_01F1CCA0,,reached,generated
0x01F1CCD8,func_01F1CCD8,,reached,generated
0x01F1CD60,func_01F1CD60,,reached,generated
0x01F1CDA8,func_01F1CDA8,,reached,generated
0x01F1CEF8,func_01F1CEF8,,reached,generated
0x01F1CF68,btevent1_01F1CF68,btevent1.c,reached,generated
0x01F1CF90,func_01F1CF90,btevent1.c,reached,generated
0x01F1CFE0,Bsrk,btevent1.c,reached,menu_label
0x01F1D008,func_01F1D008,btevent1.c,reached,generated
0x01F1D058,Fuse_Devour,btevent1.c,reached,menu_label
0x01F1D080,Angel_In_Geofront_1,btevent1.c,reached,menu_label
0x01F1D0A0,Angel_In_Geofront_2,btevent1.c,reached,menu_label
0x01F1D0C0,Withdraw_From_HQ,btevent1.c,reached,menu_label
0x01F1D0E0,func_01F1D0E0,btevent1.c,reached,generated
0x01F1D118,func_01F1D118,btevent1.c,reached,generated
0x01F1D150,We_Won_Fuyutsuki,btevent1.c,reached,menu_label
0x01F1D170,Almost_Time,btevent1.c,reached,menu_label
0x01F1D190,Won_t_Move,btevent1.c,reached,menu_label
0x01F1D1B8,Internal_Power_0,btevent1.c,reached,menu_label
0x01F1D1E0,Ally_down,btevent1.c,reached,menu_label
0x01F1D258,Intercept_Line_In,btevent1.c,reached,menu_label
0x01F1D280,Recharge_Hurry,btevent1.c,reached,menu_label
0x01F1D2A8,func_01F1D2A8,btevent1.c,reached,generated
0x01F1D2D0,Nearly_Strangled,btevent1.c,reached,menu_label
0x01F1D2F8,Threaten,btevent1.c,reached,menu_label
0x01F1D318,MP_Eva_Revived,btevent1.c,reached,menu_label
0x01F1D338,Kaworu_To_Dogma,btevent1.c,reached,menu_label
0x01F1D358,func_01F1D358,btevent1.c,reached,generated
0x01F1D3E8,Boom,btevent1.c,reached,menu_label
0x01F1D410,func_01F1D410,btevent1.c,reached,generated
0x01F1D430,Israfel_Merges,btevent1.c,reached,menu_label
0x01F1D458,btevent1_01F1D458,btevent1.c,reached,generated
0x01F1D520,Eva_Disabled,btevent1.c,reached,menu_label
0x01F1D550,btevent1_01F1D550,btevent1.c,reached,generated
0x01F1D588,AngelWipe,btevent1.c,reached,menu_label
0x01F1D5B0,btevent1_01F1D5B0,btevent1.c,reached,generated
0x01F1D5C8,MP_Eva_Destroyed,btevent1.c,reached,menu_label
0x01F1D5F0,Lost_To_Tabris_HP_0,btevent1.c,reached,menu_label
0x01F1D610,Nerve_relink,btevent1.c,reached,menu_label
0x01F1D638,btevent1_01F1D638,btevent1.c,reached,generated
0x01F1D688,btevent1_01F1D688,btevent1.c,reached,generated
0x01F1D6A8,How_To_Engage_Angels,btevent1.c,reached,menu_label
0x01F1D6C8,Umbilical_Cable_Info1,btevent1.c,reached,menu_label
0x01F1D6E8,Umbilical_Cable_Info2,btevent1.c,reached,menu_label
0x01F1D708,Melee_On_Sighting_Info,btevent1.c,reached,menu_label
0x01F1D728,First_Damage_Dealt,btevent1.c,reached,menu_label
0x01F1D748,First_Damage_Taken,btevent1.c,reached,menu_label
0x01F1D768,Win_Lose_Conditions,btevent1.c,reached,menu_label
0x01F1D788,Open_Full_Map,btevent1.c,reached,menu_label
0x01F1D7A8,Umbilical_Cable_Review,btevent1.c,reached,menu_label
0x01F1D7C8,Battle_recap,btevent1.c,reached,menu_label
0x01F1D7E8,Shot_Connects,btevent1.c,reached,menu_label
0x01F1D808,Durability_Gauge,btevent1.c,reached,menu_label
0x01F1D828,AT_Field_Neutralize_Info,btevent1.c,reached,menu_label
0x01F1D848,Charge_Time_Info,btevent1.c,reached,menu_label
0x01F1D868,Battle_Sim_1_Cleared,btevent1.c,reached,menu_label
0x01F1D888,Loss_1_Unit_01_Down,btevent1.c,reached,menu_label
0x01F1D8A8,Loss_2_Zero_Area_Lost,btevent1.c,reached,menu_label
0x01F1D8C8,Loss_3_Power_Zero,btevent1.c,reached,menu_label
0x01F1D8E8,Armory_Info_At_Start,btevent1.c,reached,menu_label
0x01F1D908,Other_Armory_Info,btevent1.c,reached,menu_label
0x01F1D928,Kill_Time,btevent1.c,reached,menu_label
0x01F1D948,Guard_info,btevent1.c,reached,menu_label
0x01F1D968,Win_Lose_Cond_Info,btevent1.c,reached,menu_label
0x01F1D998,Angel_Movement_Info,btevent1.c,reached,menu_label
0x01F1D9B8,Move_Order_Info,btevent1.c,reached,menu_label
0x01F1D9D8,Orders_On_Contact,btevent1.c,reached,menu_label
0x01F1D9F8,Nerve_cut_info,btevent1.c,reached,menu_label
0x01F1DA18,Move_Order_Applied,btevent1.c,reached,menu_label
0x01F1DA38,Armisael_Selfdest,btevent1.c,reached,menu_label
0x01F1DA98,btevent1_01F1DA98,btevent1.c,reached,generated
0x01F1DAC0,JA2_enters,btevent1.c,reached,menu_label
0x01F1DAF0,btevent1_01F1DAF0,btevent1.c,reached,generated
0x01F1DB18,btevent1_01F1DB18,btevent1.c,reached,generated
0x01F1DB58,btevent1_01F1DB58,btevent1.c,reached,generated
0x01F1DB78,Zeruel_ATF_Neutral,btevent1.c,reached,menu_label
0x01F1DB98,btevent1_01F1DB98,btevent1.c,reached,generated
0x01F1DBB8,btevent1_01F1DBB8,btevent1.c,reached,generated
0x01F1DBD8,Narr_Test,btevent1.c,reached,menu_label
0x01F1DC40,Fetch_Runaway_PC,btevent1.c,reached,menu_label
0x01F1DC68,PC_Pilot_No_Sortie,btevent1.c,reached,menu_label
0x01F1DC90,btevent1_01F1DC90,btevent1.c,reached,generated
0x01F1DCB0,Pilot_Discharged,btevent1.c,reached,menu_label
0x01F1DCD8,btevent1_01F1DCD8,btevent1.c,reached,generated
0x01F1DD88,btevent1_01F1DD88,btevent1.c,reached,generated
0x01F1DDB8,btevent1_01F1DDB8,btevent1.c,reached,generated
0x01F1DDC0,btevent1_01F1DDC0,btevent1.c,reached,generated
0x01F1DE58,btevent1_01F1DE58,btevent1.c,reached,generated
0x01F1E130,func_01F1E130,,reached,generated
0x01F1E1C8,func_01F1E1C8,,reached,generated
0x01F1E228,func_01F1E228,,reached,generated
0x01F1E250,func_01F1E250,,reached,generated
0x01F1E278,func_01F1E278,,reached,generated
0x01F1E2A0,func_01F1E2A0,,reached,generated
0x01F1E2C8,func_01F1E2C8,,reached,generated
0x01F1E318,btevent2_01F1E318,btevent2.c,reached,generated
0x01F1E348,btevent2_01F1E348,btevent2.c,reached,generated
0x01F1E480,btevent2_01F1E480,btevent2.c,reached,generated
0x01F1E4D8,btevent2_01F1E4D8,btevent2.c,reached,generated
0x01F1E510,btevent2_01F1E510,btevent2.c,reached,generated
0x01F1E528,btevent2_01F1E528,btevent2.c,reached,generated
0x01F1E7B0,btevent2_01F1E7B0,btevent2.c,reached,generated
0x01F1E858,btevent2_01F1E858,btevent2.c,reached,generated
0x01F1E9B8,btevent2_01F1E9B8,btevent2.c,reached,generated
0x01F1E9D0,btevent2_01F1E9D0,btevent2.c,reached,generated
0x01F1EA90,btevent2_01F1EA90,btevent2.c,reached,generated
0x01F1EAA8,btevent2_01F1EAA8,btevent2.c,reached,generated
0x01F1EAC0,btevent2_01F1EAC0,btevent2.c,reached,generated
0x01F1EB20,btevent2_01F1EB20,btevent2.c,reached,generated
0x01F1EB40,btevent2_01F1EB40,btevent2.c,reached,generated
0x01F1EB78,btevent2_01F1EB78,btevent2.c,reached,generated
0x01F1EBB0,btevent2_01F1EBB0,btevent2.c,reached,generated
0x01F1EBE8,btevent2_01F1EBE8,btevent2.c,reached,generated
0x01F1EC20,btevent2_01F1EC20,btevent2.c,reached,generated
0x01F1EC58,btevent2_01F1EC58,btevent2.c,reached,generated
0x01F1EC90,btevent2_01F1EC90,btevent2.c,reached,generated
0x01F1ECD0,btevent2_01F1ECD0,btevent2.c,reached,generated
0x01F1ED10,EVA_Damaged_Angel,btevent2.c,reached,menu_label
0x01F1ED58,EVA_Hurt_By_Angel,btevent2.c,reached,menu_label
0x01F1EDA0,btevent2_01F1EDA0,btevent2.c,reached,generated
0x01F1EDD0,Armory_Hit_Angel,btevent2.c,reached,menu_label
0x01F1EE18,Angel_Hit_Support_Bldg,btevent2.c,reached,menu_label
0x01F1EE58,UN_Forces_Hit_Angel,btevent2.c,reached,menu_label
0x01F1EE98,Angel_Hit_UN_Forces,btevent2.c,reached,menu_label
0x01F1EED8,Angel_Destroyed_Support,btevent2.c,reached,menu_label
0x01F1EF10,Angel_Destroyed_UN,btevent2.c,reached,menu_label
0x01F1EF48,Umbilical_Cable_Cut,btevent2.c,reached,menu_label
0x01F1EF80,Umbilical_Cable_Linked,btevent2.c,reached,menu_label
0x01F1EFB8,Won_t_Move,btevent2.c,reached,menu_label
0x01F1EFF0,Internal_Power_0,btevent2.c,reached,menu_label
0x01F1F018,Intercept_Line_In,btevent2.c,reached,menu_label
0x01F1F068,Recharge_Hurry,btevent2.c,reached,menu_label
0x01F1F0A0,EVA_Damaged_MP_Eva,btevent2.c,reached,menu_label
0x01F1F0D8,EVA_Hurt_By_MP_Eva,btevent2.c,reached,menu_label
0x01F1F110,Tower_Hit_MP_Eva,btevent2.c,reached,menu_label
0x01F1F150,MP_Eva_Hit_Building,btevent2.c,reached,menu_label
0x01F1F190,MP_Eva_Killed_Support,btevent2.c,reached,menu_label
0x01F1F1C8,J_A_2_Hit_MP_Eva,btevent2.c,reached,menu_label
0x01F1F208,J_A_2_Hurt_By_MP_Eva,btevent2.c,reached,menu_label
0x01F1F238,Armory_Damaged_Angel,btevent2.c,reached,menu_label
0x01F1F270,Angel_Hit_Support_Bldg,btevent2.c,reached,menu_label
0x01F1F2A0,Angel_Killed_Support,btevent2.c,reached,menu_label
0x01F1F2C8,Reached_Move_Point,btevent2.c,reached,menu_label
0x01F1F300,Refused_Misato,btevent2.c,reached,menu_label
0x01F1F338,Nerve_relink,btevent2.c,reached,menu_label
0x01F1F370,btevent2_01F1F370,btevent2.c,reached,generated
0x01F1F3E8,Shield_Destroyed,btevent2.c,reached,menu_label
0x01F1F420,btevent2_01F1F420,btevent2.c,reached,generated
0x01F1F440,btevent2_01F1F440,btevent2.c,reached,generated
0x01F1F4C0,btevent2_01F1F4C0,btevent2.c,reached,generated
0x01F1F5A0,btevent2_01F1F5A0,btevent2.c,reached,generated
0x01F1F5C8,btevent2_01F1F5C8,btevent2.c,reached,generated
0x01F1F618,btevent2_01F1F618,btevent2.c,reached,generated
0x01F1F680,btevent2_01F1F680,btevent2.c,reached,generated
0x01F1F910,btevent2_01F1F910,btevent2.c,reached,generated
0x01F1F940,btevent2_01F1F940,btevent2.c,reached,generated
0x01F1F9A8,btevent2_01F1F9A8,btevent2.c,reached,generated
0x01F1F9C8,btevent2_01F1F9C8,btevent2.c,reached,generated
0x01F1F9E8,btevent2_01F1F9E8,btevent2.c,reached,generated
0x01F1FA08,btevent2_01F1FA08,btevent2.c,reached,generated
0x01F1FA28,btevent2_01F1FA28,btevent2.c,reached,generated
0x01F1FAD8,btevent2_01F1FAD8,btevent2.c,reached,generated
0x01F1FB88,btevent2_01F1FB88,btevent2.c,reached,generated
0x01F1FE48,btevent2_01F1FE48,btevent2.c,reached,generated
0x01F1FEC0,btevent2_01F1FEC0,btevent2.c,reached,generated
0x01F1FF10,btevent2_01F1FF10,btevent2.c,reached,generated
0x01F1FF60,btevent2_01F1FF60,btevent2.c,reached,generated
0x01F1FFB0,btevent2_01F1FFB0,btevent2.c,reached,generated
0x01F20000,btevent2_01F20000,btevent2.c,reached,generated
0x01F20050,btevent2_01F20050,btevent2.c,reached,generated
0x01F200A0,btevent2_01F200A0,btevent2.c,reached,generated
0x01F20120,btevent2_01F20120,btevent2.c,reached,generated
0x01F20138,btevent2_01F20138,btevent2.c,reached,generated
0x01F20178,btevent2_01F20178,btevent2.c,reached,generated
0x01F20190,btevent2_01F20190,btevent2.c,reached,generated
0x01F201A8,btevent2_01F201A8,btevent2.c,reached,generated
0x01F20228,btevent2_01F20228,btevent2.c,reached,generated
0x01F20248,btevent2_01F20248,btevent2.c,reached,generated
0x01F20268,btevent2_01F20268,btevent2.c,reached,generated
0x01F20280,btevent2_01F20280,btevent2.c,reached,generated
0x01F20288,btevent2_01F20288,btevent2.c,reached,generated
0x01F20290,btevent2_01F20290,btevent2.c,reached,generated
0x01F20298,btevent2_01F20298,btevent2.c,reached,generated
0x01F202B8,btevent2_01F202B8,btevent2.c,reached,generated
0x01F20598,btevent2_01F20598,btevent2.c,reached,generated
0x01F20600,btevent2_01F20600,btevent2.c,reached,generated
0x01F20650,btevent2_01F20650,btevent2.c,reached,generated
0x01F20688,btevent2_01F20688,btevent2.c,reached,generated
0x01F206B8,btevent2_01F206B8,btevent2.c,reached,generated
0x01F206D8,btevent2_01F206D8,btevent2.c,reached,generated
0x01F20718,btevent2_01F20718,btevent2.c,reached,generated
0x01F207F0,btevent2_01F207F0,btevent2.c,reached,generated
0x01F20888,btevent2_01F20888,btevent2.c,reached,generated
0x01F208D8,sight_appear,btevent2.c,reached,trace_string
0x01F20968,sight_erase,btevent2.c,reached,trace_string
0x01F209F8,btevent2_01F209F8,btevent2.c,reached,generated
0x01F20A40,btevent2_01F20A40,btevent2.c,reached,generated
0x01F20AF0,btevent2_01F20AF0,btevent2.c,reached,generated
0x01F20B08,btevent2_01F20B08,btevent2.c,reached,generated
0x01F20B20,btevent2_01F20B20,btevent2.c,reached,generated
0x01F20B50,btevent2_01F20B50,btevent2.c,reached,generated
0x01F20B68,btevent2_01F20B68,btevent2.c,reached,generated
0x01F20B80,btevent2_01F20B80,btevent2.c,reached,generated
0x01F20BE0,btevent2_01F20BE0,btevent2.c,reached,generated
0x01F20C68,func_01F20C68,,reached,generated
0x01F20D90,func_01F20D90,,reached,generated
0x01F20DC8,func_01F20DC8,,reached,generated
0x01F20E30,func_01F20E30,,reached,generated
0x01F20E68,func_01F20E68,,reached,generated
0x01F20E80,func_01F20E80,,reached,generated
0x01F20F90,btevfunc_01F20F90,btevfunc.c,reached,generated
0x01F21020,func_01F21020,btevfunc.c,reached,generated
0x01F21050,btevfunc_01F21050,btevfunc.c,reached,generated
0x01F210F8,btevfunc_01F210F8,btevfunc.c,reached,generated
0x01F21150,btevfunc_01F21150,btevfunc.c,reached,generated
0x01F211D0,btevfunc_01F211D0,btevfunc.c,reached,generated
0x01F21228,btevfunc_01F21228,btevfunc.c,reached,generated
0x01F212A8,btevfunc_01F212A8,btevfunc.c,reached,generated
0x01F212E0,btevfunc_01F212E0,btevfunc.c,reached,generated
0x01F21318,btevfunc_01F21318,btevfunc.c,reached,generated
0x01F21388,btevfunc_01F21388,btevfunc.c,reached,generated
0x01F213A0,btevfunc_01F213A0,btevfunc.c,reached,generated
0x01F213D8,btevfunc_01F213D8,btevfunc.c,reached,generated
0x01F213F0,btevfunc_01F213F0,btevfunc.c,reached,generated
0x01F21408,btevfunc_01F21408,btevfunc.c,reached,generated
0x01F21440,btevfunc_01F21440,btevfunc.c,reached,generated
0x01F21458,btevfunc_01F21458,btevfunc.c,reached,generated
0x01F214A0,btevfunc_01F214A0,btevfunc.c,reached,generated
0x01F21560,btevfunc_01F21560,btevfunc.c,reached,generated
0x01F215B8,btevfunc_01F215B8,btevfunc.c,reached,generated
0x01F21600,btevfunc_01F21600,btevfunc.c,reached,generated
0x01F21718,btevfunc_01F21718,btevfunc.c,reached,generated
0x01F217A0,btevfunc_01F217A0,btevfunc.c,reached,generated
0x01F217D0,btevfunc_01F217D0,btevfunc.c,reached,generated
0x01F21850,btevfunc_01F21850,btevfunc.c,reached,generated
0x01F21900,btevfunc_01F21900,btevfunc.c,reached,generated
0x01F21930,btevfunc_01F21930,btevfunc.c,reached,generated
0x01F219A8,btevfunc_01F219A8,btevfunc.c,reached,generated
0x01F219C0,btevfunc_01F219C0,btevfunc.c,reached,generated
0x01F21A10,btevfunc_01F21A10,btevfunc.c,reached,generated
0x01F21A28,btevfunc_01F21A28,btevfunc.c,reached,generated
0x01F21A88,btevfunc_01F21A88,btevfunc.c,reached,generated
0x01F21AA0,btevfunc_01F21AA0,btevfunc.c,reached,generated
0x01F21AD0,btevfunc_01F21AD0,btevfunc.c,reached,generated
0x01F21B80,btevfunc_01F21B80,btevfunc.c,reached,generated
0x01F21BA0,btevfunc_01F21BA0,btevfunc.c,reached,generated
0x01F21C60,btevfunc_01F21C60,btevfunc.c,reached,generated
0x01F21CB0,btevfunc_01F21CB0,btevfunc.c,reached,generated
0x01F21DE8,btevfunc_01F21DE8,btevfunc.c,reached,generated
0x01F21E10,btevfunc_01F21E10,btevfunc.c,reached,generated
0x01F21E50,btevfunc_01F21E50,btevfunc.c,reached,generated
0x01F21E70,btevfunc_01F21E70,btevfunc.c,reached,generated
0x01F21EB0,btevfunc_01F21EB0,btevfunc.c,reached,generated
0x01F21EF8,btevfunc_01F21EF8,btevfunc.c,reached,generated
0x01F21F28,btevfunc_01F21F28,btevfunc.c,reached,generated
0x01F21FB8,btevfunc_01F21FB8,btevfunc.c,reached,generated
0x01F21FF8,btevfunc_01F21FF8,btevfunc.c,reached,generated
0x01F22050,btevfunc_01F22050,btevfunc.c,reached,generated
0x01F22248,btevfunc_01F22248,btevfunc.c,reached,generated
0x01F22288,btevfunc_01F22288,btevfunc.c,reached,generated
0x01F223F8,btevfunc_01F223F8,btevfunc.c,reached,generated
0x01F22440,btevfunc_01F22440,btevfunc.c,reached,generated
0x01F22478,btevfunc_01F22478,btevfunc.c,reached,generated
0x01F22490,btevfunc_01F22490,btevfunc.c,reached,generated
0x01F224C0,btevfunc_01F224C0,btevfunc.c,reached,generated
0x01F22500,btevfunc_01F22500,btevfunc.c,reached,generated
0x01F225A8,btevfunc_01F225A8,btevfunc.c,reached,generated
0x01F22650,btevfunc_01F22650,btevfunc.c,reached,generated
0x01F22680,btevfunc_01F22680,btevfunc.c,reached,generated
0x01F226B8,btevfunc_01F226B8,btevfunc.c,reached,generated
0x01F226D8,btevfunc_01F226D8,btevfunc.c,reached,generated
0x01F22738,btevfunc_01F22738,btevfunc.c,reached,generated
0x01F22758,btevfunc_01F22758,btevfunc.c,reached,generated
0x01F227E0,btevfunc_01F227E0,btevfunc.c,reached,generated
0x01F227F8,btevfunc_01F227F8,btevfunc.c,reached,generated
0x01F228A0,btevfunc_01F228A0,btevfunc.c,reached,generated
0x01F228B8,btevfunc_01F228B8,btevfunc.c,reached,generated
0x01F22928,btevfunc_01F22928,btevfunc.c,reached,generated
0x01F22948,btevfunc_01F22948,btevfunc.c,reached,generated
0x01F22988,btevfunc_01F22988,btevfunc.c,reached,generated
0x01F229C8,btevfunc_01F229C8,btevfunc.c,reached,generated
0x01F22A08,btevfunc_01F22A08,btevfunc.c,reached,generated
0x01F22A60,btevfunc_01F22A60,btevfunc.c,reached,generated
0x01F22AF0,btevfunc_01F22AF0,btevfunc.c,reached,generated
0x01F22B30,func130,btevfunc.c,reached,trace_string
0x01F22C80,func131,btevfunc.c,reached,trace_string
0x01F22CD8,btevfunc_01F22CD8,btevfunc.c,reached,generated
0x01F22D18,btevfunc_01F22D18,btevfunc.c,reached,generated
0x01F22D30,btevfunc_01F22D30,btevfunc.c,reached,generated
0x01F22D60,btevfunc_01F22D60,btevfunc.c,reached,generated
0x01F22E90,btevfunc_01F22E90,btevfunc.c,reached,generated
0x01F22EC0,btevfunc_01F22EC0,btevfunc.c,reached,generated
0x01F22F68,btevfunc_01F22F68,btevfunc.c,reached,generated
0x01F23278,btevfunc_01F23278,btevfunc.c,reached,generated
0x01F23798,btevfunc_01F23798,btevfunc.c,reached,generated
0x01F237C8,btevfunc_01F237C8,btevfunc.c,reached,generated
0x01F237E8,btevfunc_01F237E8,btevfunc.c,reached,generated
0x01F23940,btevfunc_01F23940,btevfunc.c,reached,generated
0x01F239F0,btevfunc_01F239F0,btevfunc.c,reached,generated
0x01F23AA0,func_01F23AA0,,reached,generated
0x01F23AA8,btdemot_01F23AA8,btdemot.c,unreferenced,generated
0x01F23B80,Choose_the_start_demo,btdemot.c,reached,prose_label
0x01F24610,btdemot_01F24610,btdemot.c,reached,generated
0x01F24720,Playback_stopped,btdemot.c,reached,prose_label
0x01F24DB0,btdemot_01F24DB0,btdemot.c,reached,generated
0x01F24EF8,btdemot_01F24EF8,btdemot.c,reached,generated
0x01F24F38,btdemot_01F24F38,btdemot.c,reached,generated
0x01F24FE8,btdemot_01F24FE8,btdemot.c,reached,generated
0x01F25150,btdemot_01F25150,btdemot.c,reached,generated
0x01F25188,btdemot_01F25188,btdemot.c,reached,generated
0x01F25408,btdemot_01F25408,btdemot.c,reached,generated
0x01F255E8,btdemot_01F255E8,btdemot.c,reached,generated
0x01F25838,btdemot_01F25838,btdemot.c,reached,generated
0x01F258A8,btdemot_01F258A8,btdemot.c,reached,generated
0x01F25950,btdemot_01F25950,btdemot.c,reached,generated
0x01F259B8,btdemot_01F259B8,btdemot.c,reached,generated
0x01F25A28,btdemot_01F25A28,btdemot.c,reached,generated
0x01F25B90,btdemot_01F25B90,btdemot.c,reached,generated
0x01F25F10,btdemo_01F25F10,btdemo.c,reached,generated
0x01F26248,btdemo_01F26248,btdemo.c,unreferenced,generated
0x01F265D0,btdemo_01F265D0,btdemo.c,reached,generated
0x01F26958,btdemo_01F26958,btdemo.c,reached,generated
0x01F26A10,btdemo_01F26A10,btdemo.c,reached,generated
0x01F26C30,btDemoPlay,btdemo.c,reached,recovered
0x01F28358,btdemo_01F28358,btdemo.c,reached,generated
0x01F28368,btdemo_01F28368,btdemo.c,reached,generated
0x01F285F8,btdemo_01F285F8,btdemo.c,reached,generated
0x01F287F0,btdemo_01F287F0,btdemo.c,reached,generated
0x01F28910,btdemo_01F28910,btdemo.c,reached,generated
0x01F28A40,btdemo_01F28A40,btdemo.c,reached,generated
0x01F28A78,btdemo_01F28A78,btdemo.c,reached,generated
0x01F28AA0,func_01F28AA0,,reached,generated
0x01F28B58,btdemoc_01F28B58,btdemoc.c,reached,generated
0x01F28BF8,btdemoc_01F28BF8,btdemoc.c,reached,generated
0x01F28E00,btdemoc_01F28E00,btdemoc.c,reached,generated
0x01F28F28,btdemoc_01F28F28,btdemoc.c,reached,generated
0x01F28F58,btdemoc_01F28F58,btdemoc.c,reached,generated
0x01F28F60,btdemoc_01F28F60,btdemoc.c,reached,generated
0x01F28FE0,btdemoc_01F28FE0,btdemoc.c,reached,generated
0x01F29060,btdemoc_01F29060,btdemoc.c,reached,generated
0x01F290A0,btdemoc_01F290A0,btdemoc.c,reached,generated
0x01F29128,btdemoc_01F29128,btdemoc.c,reached,generated
0x01F29190,btdemoc_01F29190,btdemoc.c,reached,generated
0x01F291D8,btdemoc_01F291D8,btdemoc.c,reached,generated
0x01F291F0,btdemoc_01F291F0,btdemoc.c,reached,generated
0x01F292A0,btdemoc_01F292A0,btdemoc.c,reached,generated
0x01F29358,func_01F29358,,reached,generated
0x01F293D0,func_01F293D0,,reached,generated
0x01F29408,func_01F29408,,reached,generated
0x01F29448,func_01F29448,,reached,generated
0x01F29488,func_01F29488,,reached,generated
0x01F29570,btmemory_01F29570,btmemory.c,reached,generated
0x01F29670,btmemory_01F29670,btmemory.c,reached,generated
0x01F296A8,btmemory_01F296A8,btmemory.c,reached,generated
0x01F296D0,btmemory_01F296D0,btmemory.c,reached,generated
0x01F29708,btmemory_01F29708,btmemory.c,reached,generated
0x01F29858,btmemory_01F29858,btmemory.c,reached,generated
0x01F29958,btmemory_01F29958,btmemory.c,reached,generated
0x01F299B0,btmemory_01F299B0,btmemory.c,reached,generated
0x01F29A08,btmemory_01F29A08,btmemory.c,reached,generated
0x01F29A40,btmemory_01F29A40,btmemory.c,reached,generated
0x01F29A78,btmemory_01F29A78,btmemory.c,reached,generated
0x01F29AD8,btmemory_01F29AD8,btmemory.c,reached,generated
0x01F29B38,btmemory_01F29B38,btmemory.c,reached,generated
0x01F29BD0,btmemory_01F29BD0,btmemory.c,reached,generated
0x01F29C08,btmemory_01F29C08,btmemory.c,reached,generated
0x01F29C40,btmemory_01F29C40,btmemory.c,reached,generated
0x01F29CB8,btmemory_01F29CB8,btmemory.c,reached,generated
0x01F29CF0,btmemory_01F29CF0,btmemory.c,reached,generated
0x01F29D28,btmemory_01F29D28,btmemory.c,reached,generated
0x01F29D80,btmemory_01F29D80,btmemory.c,reached,generated
0x01F29DC8,btmemory_01F29DC8,btmemory.c,reached,generated
0x01F29E10,btmemory_01F29E10,btmemory.c,reached,generated
0x01F29E38,btmemory_01F29E38,btmemory.c,reached,generated
0x01F29EA0,btmemory_01F29EA0,btmemory.c,reached,generated
0x01F29EE0,btmemory_01F29EE0,btmemory.c,reached,generated
0x01F2A058,btmemory_01F2A058,btmemory.c,reached,generated
0x01F2A0C0,btmemory_01F2A0C0,btmemory.c,reached,generated
0x01F2A130,btmemory_01F2A130,btmemory.c,reached,generated
0x01F2A1A0,btmemory_01F2A1A0,btmemory.c,reached,generated
0x01F2A2E8,btmemory_01F2A2E8,btmemory.c,reached,generated
0x01F2A508,btCharaMemory,btmemory.c,reached,trace_string
0x01F2A718,btmemory_01F2A718,btmemory.c,reached,generated
0x01F2A7F0,btmemory_01F2A7F0,btmemory.c,reached,generated
0x01F2A920,btMemSelectApply,btmemory.c,reached,trace_string
0x01F2A9E8,btmemory_01F2A9E8,btmemory.c,reached,generated
0x01F2AA98,btmemory_01F2AA98,btmemory.c,reached,generated
0x01F2AB28,Arael_mind_attack,btmemory.c,reached,menu_label
0x01F2AB70,btmemory_01F2AB70,btmemory.c,reached,generated
0x01F2AC10,btmemory_01F2AC10,btmemory.c,reached,generated
0x01F2AC98,btmemory_01F2AC98,btmemory.c,reached,generated
0x01F2ACD0,btmemory_01F2ACD0,btmemory.c,reached,generated
0x01F2AD08,btmemory_01F2AD08,btmemory.c,reached,generated
0x01F2AD48,btmemory_01F2AD48,btmemory.c,reached,generated
0x01F2AD78,btmemory_01F2AD78,btmemory.c,reached,generated
0x01F2AD98,btmemory_01F2AD98,btmemory.c,reached,generated
0x01F2ADF0,btmemory_01F2ADF0,btmemory.c,reached,generated
0x01F2AE18,btmemory_01F2AE18,btmemory.c,reached,generated
0x01F2AE50,btmemory_01F2AE50,btmemory.c,reached,generated
0x01F2AE88,btmemory_01F2AE88,btmemory.c,reached,generated
0x01F2AEC0,btmemory_01F2AEC0,btmemory.c,reached,generated
0x01F2AEF8,btmemory_01F2AEF8,btmemory.c,reached,generated
0x01F2AF18,btmemory_01F2AF18,btmemory.c,reached,generated
0x01F2AF98,btmemory_01F2AF98,btmemory.c,reached,generated
0x01F2AFB8,btmemory_01F2AFB8,btmemory.c,reached,generated
0x01F2B038,btmemory_01F2B038,btmemory.c,reached,generated
0x01F2B100,btmemory_01F2B100,btmemory.c,reached,generated
0x01F2B168,btmemory_01F2B168,btmemory.c,reached,generated
0x01F2B1D8,btmemory_01F2B1D8,btmemory.c,reached,generated
0x01F2B2E0,btmemory_01F2B2E0,btmemory.c,reached,generated
0x01F2B508,btkaworu_01F2B508,btkaworu.c,reached,generated
0x01F2B538,func_01F2B538,btkaworu.c,reached,generated
0x01F2B550,btkaworu_01F2B550,btkaworu.c,reached,generated
0x01F2B5B0,func_01F2B5B0,btkaworu.c,reached,generated
0x01F2B5D0,btkaworu_01F2B5D0,btkaworu.c,reached,generated
0x01F2B690,btkaworu_01F2B690,btkaworu.c,reached,generated
0x01F2B8F8,btkaworu_01F2B8F8,btkaworu.c,reached,generated
0x01F2BA28,btkaworu_01F2BA28,btkaworu.c,reached,generated
0x01F2BB20,btkaworu_01F2BB20,btkaworu.c,reached,generated
0x01F2BB90,btkaworu_01F2BB90,btkaworu.c,reached,generated
0x01F2BC10,btkaworu_01F2BC10,btkaworu.c,reached,generated
0x01F2BC18,btkaworu_01F2BC18,btkaworu.c,reached,generated
0x01F2BC88,btkaworu_01F2BC88,btkaworu.c,reached,generated
0x01F2BD68,btkaworu_01F2BD68,btkaworu.c,reached,generated
0x01F2BE40,btkaworu_01F2BE40,btkaworu.c,reached,generated
0x01F2BF10,btkaworu_01F2BF10,btkaworu.c,reached,generated
0x01F2BF40,Angel_Appearance_Event,btkaworu.c,reached,prose_label
0x01F2C168,btkaworu_01F2C168,btkaworu.c,reached,generated
0x01F2C1C8,btkaworu_01F2C1C8,btkaworu.c,reached,generated
0x01F2C228,btkaworu_01F2C228,btkaworu.c,reached,generated
0x01F2C270,btkaworu_01F2C270,btkaworu.c,reached,generated
0x01F2C278,btkaworu_01F2C278,btkaworu.c,reached,generated
0x01F2C288,btkaworu_01F2C288,btkaworu.c,reached,generated
0x01F2C298,btkaworu_01F2C298,btkaworu.c,reached,generated
0x01F2C2A8,btkaworu_01F2C2A8,btkaworu.c,reached,generated
0x01F2C368,btkaworu_01F2C368,btkaworu.c,reached,generated
0x01F2C378,btkaworu_01F2C378,btkaworu.c,reached,generated
0x01F2C388,btkaworu_01F2C388,btkaworu.c,reached,generated
0x01F2C398,btkaworu_01F2C398,btkaworu.c,reached,generated
0x01F2C3A8,btkaworu_01F2C3A8,btkaworu.c,reached,generated
0x01F2C3B8,btkaworu_01F2C3B8,btkaworu.c,reached,generated
0x01F2C3C8,btkaworu_01F2C3C8,btkaworu.c,reached,generated
0x01F2C3D8,btkaworu_01F2C3D8,btkaworu.c,reached,generated
0x01F2C3E8,btkaworu_01F2C3E8,btkaworu.c,reached,generated
0x01F2C400,btkaworu_01F2C400,btkaworu.c,reached,generated
0x01F2C4B0,btkaworu_01F2C4B0,btkaworu.c,reached,generated
0x01F2C5B8,btkaworu_01F2C5B8,btkaworu.c,reached,generated
0x01F2C778,func_01F2C778,,reached,generated
0x01F2C7D8,func_01F2C7D8,,reached,generated
0x01F2C850,func_01F2C850,,reached,generated
0x01F2C858,func_01F2C858,,reached,generated
0x01F2C8B0,func_01F2C8B0,,reached,generated
0x01F2C8E8,func_01F2C8E8,,reached,generated
0x01F2CAC8,func_01F2CAC8,,reached,generated
0x01F2CB40,btim660_01F2CB40,btim660.c,reached,generated
0x01F2CC48,btim660_01F2CC48,btim660.c,reached,generated
0x01F2CCD0,btim660_01F2CCD0,btim660.c,reached,generated
0x01F2CD18,btim660_01F2CD18,btim660.c,reached,generated
0x01F2CD80,btim660_01F2CD80,btim660.c,reached,generated
0x01F2CDE8,Not_my_problem,btim660.c,reached,prose_label
0x01F2CF18,btim660_01F2CF18,btim660.c,reached,generated
0x01F2CF60,btim660_01F2CF60,btim660.c,reached,generated
0x01F2CF88,btim660_01F2CF88,btim660.c,reached,generated
0x01F2CFF0,btim660_01F2CFF0,btim660.c,reached,generated
0x01F2D070,btim660_01F2D070,btim660.c,reached,generated
0x01F2D0C8,btim660_01F2D0C8,btim660.c,reached,generated
0x01F2D0D0,btim660_01F2D0D0,btim660.c,reached,generated
0x01F2D0F8,btim660_01F2D0F8,btim660.c,reached,generated
0x01F2D120,btim660_01F2D120,btim660.c,reached,generated
0x01F2D148,btim660_01F2D148,btim660.c,reached,generated
0x01F2D218,btim660_01F2D218,btim660.c,reached,generated
0x01F2D270,btim660_01F2D270,btim660.c,reached,generated
0x01F2D298,btim660_01F2D298,btim660.c,reached,generated
0x01F2D308,btim660_01F2D308,btim660.c,reached,generated
0x01F2D340,btim660_01F2D340,btim660.c,reached,generated
0x01F2D410,btim660_01F2D410,btim660.c,reached,generated
0x01F2D418,btim660_01F2D418,btim660.c,reached,generated
0x01F2D450,btim660_01F2D450,btim660.c,reached,generated
0x01F2D4A0,btim660_01F2D4A0,btim660.c,reached,generated
0x01F2D4F0,btim660_01F2D4F0,btim660.c,reached,generated
0x01F2D560,btIm660Test,btim660.c,reached,recovered
0x01F2D820,btim660_01F2D820,btim660.c,reached,generated
0x01F2D848,btim660_01F2D848,btim660.c,reached,generated
0x01F2D868,btim660_01F2D868,btim660.c,reached,generated
0x01F2D898,btim660_01F2D898,btim660.c,reached,generated
0x01F2D938,btim660_01F2D938,btim660.c,reached,generated
0x01F2DAC8,Can_t_equip,btim660.c,reached,prose_label
0x01F2DB68,btim660_01F2DB68,btim660.c,reached,generated
0x01F2DC10,btim660_01F2DC10,btim660.c,reached,generated
0x01F2DD10,btinfo_01F2DD10,btinfo.c,reached,generated
0x01F2DE18,func_01F2DE18,,reached,generated
0x01F2DEA0,btinfo2_01F2DEA0,btinfo2.c,reached,generated
0x01F2DF00,btinfo2_01F2DF00,btinfo2.c,reached,generated
0x01F2DFD0,btinfo2_01F2DFD0,btinfo2.c,reached,generated
0x01F2E000,btinfo2_01F2E000,btinfo2.c,reached,generated
0x01F2E128,btinfo2_01F2E128,btinfo2.c,reached,generated
0x01F2E1F8,btinfo2_01F2E1F8,btinfo2.c,reached,generated
0x01F2E260,btinfo2_01F2E260,btinfo2.c,reached,generated
0x01F2E328,btinfo2_01F2E328,btinfo2.c,reached,generated
0x01F2E458,btinfo2_01F2E458,btinfo2.c,reached,generated
0x01F2E660,btinfo2_01F2E660,btinfo2.c,reached,generated
0x01F2E698,btinfo2_01F2E698,btinfo2.c,reached,generated
0x01F2E6C8,Melee,btinfo2.c,reached,trace_string
0x01F2E7A8,btinfo2_01F2E7A8,btinfo2.c,reached,generated
0x01F2E8C0,btinfo2_01F2E8C0,btinfo2.c,reached,generated
0x01F2E9B0,btinfo2_01F2E9B0,btinfo2.c,reached,generated
0x01F2E9D8,btinfo2_01F2E9D8,btinfo2.c,reached,generated
0x01F2EA30,btinfo2_01F2EA30,btinfo2.c,reached,generated
0x01F2EAA8,btinfo2_01F2EAA8,btinfo2.c,reached,generated
0x01F2EB68,btinfo2_01F2EB68,btinfo2.c,reached,generated
0x01F2EBE8,btinfo2_01F2EBE8,btinfo2.c,reached,generated
0x01F2EC80,btinfo2_01F2EC80,btinfo2.c,reached,generated
0x01F2ED70,btinfo2_01F2ED70,btinfo2.c,reached,generated
0x01F2EDD8,btinfo2_01F2EDD8,btinfo2.c,reached,generated
0x01F2EEA0,btinfo2_01F2EEA0,btinfo2.c,reached,generated
0x01F2EFF0,No_effect,btinfo2.c,reached,prose_label
0x01F2F088,btinfo2_01F2F088,btinfo2.c,reached,generated
0x01F2F0E8,func_01F2F0E8,btinfo2.c,reached,generated
0x01F2F1D8,func_01F2F1D8,btinfo2.c,reached,generated
0x01F2F260,func_01F2F260,btinfo2.c,reached,generated
0x01F2F380,func_01F2F380,btinfo2.c,reached,generated
0x01F2F3A8,func_01F2F3A8,btinfo2.c,reached,generated
0x01F2F478,btinfo2_01F2F478,btinfo2.c,reached,generated
0x01F2F4E0,func_01F2F4E0,,reached,generated
0x01F2F580,func_01F2F580,,reached,generated
0x01F2F648,func_01F2F648,,reached,generated
0x01F2F710,btangel_01F2F710,btangel.c,reached,generated
0x01F2F8E8,btangel_01F2F8E8,btangel.c,reached,generated
0x01F2FA18,btangel_01F2FA18,btangel.c,reached,generated
0x01F2FBB8,btangel_01F2FBB8,btangel.c,reached,generated
0x01F2FD48,btangel_01F2FD48,btangel.c,reached,generated
0x01F2FDC8,btangel_01F2FDC8,btangel.c,reached,generated
0x01F2FE00,btangel_01F2FE00,btangel.c,reached,generated
0x01F2FE90,btangel_01F2FE90,btangel.c,reached,generated
0x01F2FEC8,btangel_01F2FEC8,btangel.c,reached,generated
0x01F2FF18,btangel_01F2FF18,btangel.c,reached,generated
0x01F2FF60,btangel_01F2FF60,btangel.c,reached,generated
0x01F2FFA8,btangel_01F2FFA8,btangel.c,reached,generated
0x01F30108,btangel_01F30108,btangel.c,reached,generated
0x01F301B8,btangel_01F301B8,btangel.c,reached,generated
0x01F30218,btangel_01F30218,btangel.c,reached,generated
0x01F30280,btangel_01F30280,btangel.c,reached,generated
0x01F30330,btangel_01F30330,btangel.c,reached,generated
0x01F30388,btangel_01F30388,btangel.c,reached,generated
0x01F30408,btangel_01F30408,btangel.c,reached,generated
0x01F30460,btangel_01F30460,btangel.c,reached,generated
0x01F304F0,btangel_01F304F0,btangel.c,reached,generated
0x01F30558,btangel_01F30558,btangel.c,reached,generated
0x01F30610,btangel_01F30610,btangel.c,reached,generated
0x01F30668,btangel_01F30668,btangel.c,reached,generated
0x01F306C8,func_01F306C8,,reached,generated
0x01F30790,btangel2_01F30790,btangel2.c,reached,generated
0x01F30878,btangel2_01F30878,btangel2.c,reached,generated
0x01F308F0,btangel2_01F308F0,btangel2.c,reached,generated
0x01F30940,btangel2_01F30940,btangel2.c,reached,generated
0x01F30990,btangel2_01F30990,btangel2.c,reached,generated
0x01F309E0,btangel2_01F309E0,btangel2.c,reached,generated
0x01F30A18,btangel2_01F30A18,btangel2.c,reached,generated
0x01F30A68,btangel2_01F30A68,btangel2.c,reached,generated
0x01F30AB0,btangel2_01F30AB0,btangel2.c,reached,generated
0x01F30AF8,btangel2_01F30AF8,btangel2.c,reached,generated
0x01F30B50,btangel2_01F30B50,btangel2.c,reached,generated
0x01F30B88,btangel2_01F30B88,btangel2.c,reached,generated
0x01F30C50,btangel2_01F30C50,btangel2.c,reached,generated
0x01F30C80,btangel2_01F30C80,btangel2.c,reached,generated
0x01F30CB0,btangel2_01F30CB0,btangel2.c,reached,generated
0x01F30EE8,btangel2_01F30EE8,btangel2.c,reached,generated
0x01F30FB0,func_01F30FB0,,reached,generated
0x01F30FD0,btangel3_01F30FD0,btangel3.c,reached,generated
0x01F310E8,btangel3_01F310E8,btangel3.c,reached,generated
0x01F311E0,btangel3_01F311E0,btangel3.c,reached,generated
0x01F31270,btangel3_01F31270,btangel3.c,reached,generated
0x01F312A0,btangel3_01F312A0,btangel3.c,reached,generated
0x01F31370,btangel3_01F31370,btangel3.c,reached,generated
0x01F313A0,btangel3_01F313A0,btangel3.c,reached,generated
0x01F31468,btangel3_01F31468,btangel3.c,reached,generated
0x01F31518,btangel3_01F31518,btangel3.c,reached,generated
0x01F315C8,btangel3_01F315C8,btangel3.c,reached,generated
0x01F31668,btangel3_01F31668,btangel3.c,unreferenced,generated
0x01F31680,btangel3_01F31680,btangel3.c,reached,generated
0x01F31748,func_01F31748,,reached,generated
0x01F317B0,btunitwk_01F317B0,btunitwk.c,reached,generated
0x01F317C0,func_01F317C0,btunitwk.c,reached,generated
0x01F317C8,btunitwk_01F317C8,btunitwk.c,reached,generated
0x01F31910,btunitwk_01F31910,btunitwk.c,reached,generated
0x01F31930,btunitwk_01F31930,btunitwk.c,reached,generated
0x01F31A90,btunitwk_01F31A90,btunitwk.c,reached,generated
0x01F31AA8,btunitwk_01F31AA8,btunitwk.c,reached,generated
0x01F31BA8,btunitwk_01F31BA8,btunitwk.c,reached,generated
0x01F31BF0,btunitwk_01F31BF0,btunitwk.c,reached,generated
0x01F31C78,btunitwk_01F31C78,btunitwk.c,reached,generated
0x01F31E18,btunitwk_01F31E18,btunitwk.c,reached,generated
0x01F31EC0,btunitwk_01F31EC0,btunitwk.c,reached,generated
0x01F31EC8,btunitwk_01F31EC8,btunitwk.c,reached,generated
0x01F31F38,btunitwk_01F31F38,btunitwk.c,reached,generated
0x01F31F48,btunitwk_01F31F48,btunitwk.c,reached,generated
0x01F31F60,btunitwk_01F31F60,btunitwk.c,reached,generated
0x01F31FF0,btunitwk_01F31FF0,btunitwk.c,reached,generated
0x01F32068,btunitwk_01F32068,btunitwk.c,reached,generated
0x01F32080,btunitwk_01F32080,btunitwk.c,reached,generated
0x01F320A8,btunitwk_01F320A8,btunitwk.c,reached,generated
0x01F320E0,btunitwk_01F320E0,btunitwk.c,reached,generated
0x01F321F0,btunitwk_01F321F0,btunitwk.c,reached,generated
0x01F32228,btunitwk_01F32228,btunitwk.c,reached,generated
0x01F322B0,btunitwk_01F322B0,btunitwk.c,reached,generated
0x01F32358,btunitwk_01F32358,btunitwk.c,reached,generated
0x01F32388,btunitwk_01F32388,btunitwk.c,reached,generated
0x01F323E0,btunitwk_01F323E0,btunitwk.c,reached,generated
0x01F32438,btunitwk_01F32438,btunitwk.c,reached,generated
0x01F32518,btunitwk_01F32518,btunitwk.c,reached,generated
0x01F325F0,btunitwk_01F325F0,btunitwk.c,reached,generated
0x01F32648,btunitwk_01F32648,btunitwk.c,reached,generated
0x01F32660,btunitwk_01F32660,btunitwk.c,reached,generated
0x01F326A8,btunitwk_01F326A8,btunitwk.c,reached,generated
0x01F326F0,btunitwk_01F326F0,btunitwk.c,reached,generated
0x01F32840,btunitwk_01F32840,btunitwk.c,reached,generated
0x01F32888,btunitwk_01F32888,btunitwk.c,reached,generated
0x01F328F0,btunitwk_01F328F0,btunitwk.c,reached,generated
0x01F329C8,btunitwk_01F329C8,btunitwk.c,reached,generated
0x01F32AC0,func_01F32AC0,,reached,generated
0x01F32BB0,func_01F32BB0,,reached,generated
0x01F32D58,func_01F32D58,,reached,generated
0x01F32E08,func_01F32E08,,reached,generated
0x01F32E60,func_01F32E60,,reached,generated
0x01F32E68,func_01F32E68,,reached,generated
0x01F32F38,func_01F32F38,,reached,generated
0x01F32F90,func_01F32F90,,reached,generated
0x01F33020,func_01F33020,,reached,generated
0x01F33068,func_01F33068,,reached,generated
0x01F33090,btnpceva_01F33090,btnpceva.c,reached,generated
0x01F33360,btnpceva_01F33360,btnpceva.c,reached,generated
0x01F333F8,btnpceva_01F333F8,btnpceva.c,reached,generated
0x01F33428,btnpceva_01F33428,btnpceva.c,reached,generated
0x01F33548,btnpceva_01F33548,btnpceva.c,reached,generated
0x01F33650,btnpceva_01F33650,btnpceva.c,reached,generated
0x01F337A0,btnpceva_01F337A0,btnpceva.c,reached,generated
0x01F337C0,btnpceva_01F337C0,btnpceva.c,reached,generated
0x01F338C0,btnpceva_01F338C0,btnpceva.c,reached,generated
0x01F338D0,btnpceva_01F338D0,btnpceva.c,reached,generated
0x01F33A60,btnpceva_01F33A60,btnpceva.c,reached,generated
0x01F33BB0,btnpceva_01F33BB0,btnpceva.c,reached,generated
0x01F33C70,btnpceva_01F33C70,btnpceva.c,reached,generated
0x01F33E98,btnpceva_01F33E98,btnpceva.c,reached,generated
0x01F33F78,btnpceva_01F33F78,btnpceva.c,reached,generated
0x01F34018,btnpceva_01F34018,btnpceva.c,reached,generated
0x01F34140,btnpceva_01F34140,btnpceva.c,reached,generated
0x01F341E8,btnpceva_01F341E8,btnpceva.c,reached,generated
0x01F342C0,btnpceva_01F342C0,btnpceva.c,reached,generated
0x01F34400,btnpceva_01F34400,btnpceva.c,reached,generated
0x01F34440,btnpceva_01F34440,btnpceva.c,reached,generated
0x01F344B8,btnpceva_01F344B8,btnpceva.c,reached,generated
0x01F34508,btnpceva_01F34508,btnpceva.c,reached,generated
0x01F345C8,btnpceva_01F345C8,btnpceva.c,reached,generated
0x01F34668,btnpceva_01F34668,btnpceva.c,reached,generated
0x01F347D0,btnpceva_01F347D0,btnpceva.c,reached,generated
0x01F348B8,btnpceva_01F348B8,btnpceva.c,reached,generated
0x01F34A10,btnpceva_01F34A10,btnpceva.c,reached,generated
0x01F34A78,btnpceva_01F34A78,btnpceva.c,reached,generated
0x01F34AB0,btnpceva_01F34AB0,btnpceva.c,reached,generated
0x01F34B00,btnpceva_01F34B00,btnpceva.c,reached,generated
0x01F34B18,btnpceva_01F34B18,btnpceva.c,reached,generated
0x01F34B30,btnpceva_01F34B30,btnpceva.c,reached,generated
0x01F34B38,btnpceva_01F34B38,btnpceva.c,reached,generated
0x01F34BC8,btnpceva_01F34BC8,btnpceva.c,reached,generated
0x01F34BF8,btnpceva_01F34BF8,btnpceva.c,reached,generated
0x01F34C40,btnpceva_01F34C40,btnpceva.c,reached,generated
0x01F34E80,btnpceva_01F34E80,btnpceva.c,reached,generated
0x01F34EE8,btnpceva_01F34EE8,btnpceva.c,reached,generated
0x01F34F48,btnpceva_01F34F48,btnpceva.c,reached,generated
0x01F35040,btnpceva_01F35040,btnpceva.c,reached,generated
0x01F35138,btnpceva_01F35138,btnpceva.c,reached,generated
0x01F351A8,btnpceva_01F351A8,btnpceva.c,reached,generated
0x01F35248,func_01F35248,btnpceva.c,reached,generated
0x01F35260,func_01F35260,btnpceva.c,reached,generated
0x01F35278,func_01F35278,btnpceva.c,reached,generated
0x01F35290,btnpceva_01F35290,btnpceva.c,reached,generated
0x01F352A8,func_01F352A8,,reached,generated
0x01F353D8,func_01F353D8,,reached,generated
0x01F35400,btnpcmis_01F35400,btnpcmis.c,reached,generated
0x01F35508,btnpcmis_01F35508,btnpcmis.c,reached,generated
0x01F35560,btnpcmis_01F35560,btnpcmis.c,reached,generated
0x01F355B8,btnpcmis_01F355B8,btnpcmis.c,reached,generated
0x01F355D8,btnpcmis_01F355D8,btnpcmis.c,reached,generated
0x01F35660,btnpcmis_01F35660,btnpcmis.c,reached,generated
0x01F356D8,btnpcmis_01F356D8,btnpcmis.c,reached,generated
0x01F35790,btnpcmis_01F35790,btnpcmis.c,reached,generated
0x01F357A8,btnpcmis_01F357A8,btnpcmis.c,reached,generated
0x01F35840,btnpcmis_01F35840,btnpcmis.c,reached,generated
0x01F35898,btnpcmis_01F35898,btnpcmis.c,reached,generated
0x01F358F0,btnpcmis_01F358F0,btnpcmis.c,reached,generated
0x01F35990,btnpcmis_01F35990,btnpcmis.c,reached,generated
0x01F35A08,btnpcmis_01F35A08,btnpcmis.c,reached,generated
0x01F35A30,btIsrafeEventCheck,btnpcmis.c,reached,trace_string
0x01F35AB8,func_01F35AB8,,reached,generated
0x01F35B08,func_01F35B08,,reached,generated
0x01F35BC0,func_01F35BC0,,reached,generated
0x01F35C28,func_01F35C28,,reached,generated
0x01F35CF8,btisrafe_01F35CF8,btisrafe.c,reached,generated
0x01F35DD0,func_01F35DD0,,reached,generated
0x01F35E20,func_01F35E20,,reached,generated
0x01F35E28,func_01F35E28,,reached,generated
0x01F35E60,func_01F35E60,,reached,generated
0x01F35EC0,func_01F35EC0,,reached,generated
0x01F360E8,func_01F360E8,,reached,generated
0x01F36148,func_01F36148,,reached,generated
0x01F36360,func_01F36360,,reached,generated
0x01F36490,btunit_01F36490,btunit.c,reached,generated
0x01F36500,func_01F36500,btunit.c,reached,generated
0x01F36520,func_01F36520,btunit.c,reached,generated
0x01F36558,btunit_01F36558,btunit.c,reached,generated
0x01F36700,btunit_01F36700,btunit.c,reached,generated
0x01F36758,btunit_01F36758,btunit.c,reached,generated
0x01F367A8,btunit_01F367A8,btunit.c,reached,generated
0x01F367F0,btunit_01F367F0,btunit.c,reached,generated
0x01F36848,btunit_01F36848,btunit.c,reached,generated
0x01F368A8,btunit_01F368A8,btunit.c,reached,generated
0x01F36908,btunit_01F36908,btunit.c,reached,generated
0x01F36998,btunit_01F36998,btunit.c,reached,generated
0x01F369F8,btunit_01F369F8,btunit.c,reached,generated
0x01F36B48,btunit_01F36B48,btunit.c,reached,generated
0x01F36B68,btunit_01F36B68,btunit.c,reached,generated
0x01F36B70,btunit_01F36B70,btunit.c,reached,generated
0x01F36CC8,btunit_01F36CC8,btunit.c,reached,generated
0x01F36CF0,btunit_01F36CF0,btunit.c,reached,generated
0x01F36D90,btunit_01F36D90,btunit.c,reached,generated
0x01F36DC0,btunit_01F36DC0,btunit.c,reached,generated
0x01F36DF8,btunit_01F36DF8,btunit.c,reached,generated
0x01F36E70,btunit_01F36E70,btunit.c,reached,generated
0x01F36ED8,btunit_01F36ED8,btunit.c,reached,generated
0x01F36F28,btunit_01F36F28,btunit.c,reached,generated
0x01F36F48,btunit_01F36F48,btunit.c,reached,generated
0x01F36F90,btunit_01F36F90,btunit.c,reached,generated
0x01F37000,btunit_01F37000,btunit.c,reached,generated
0x01F37018,btunit_01F37018,btunit.c,reached,generated
0x01F37100,btunit_01F37100,btunit.c,reached,generated
0x01F371F0,btunit_01F371F0,btunit.c,reached,generated
0x01F37288,btunit_01F37288,btunit.c,reached,generated
0x01F372C8,btunit_01F372C8,btunit.c,reached,generated
0x01F372D8,btunit_01F372D8,btunit.c,reached,generated
0x01F37318,btunit_01F37318,btunit.c,reached,generated
0x01F37390,btunit_01F37390,btunit.c,reached,generated
0x01F373A0,btunit_01F373A0,btunit.c,reached,generated
0x01F373E0,btunit_01F373E0,btunit.c,reached,generated
0x01F37458,btunit_01F37458,btunit.c,reached,generated
0x01F375B8,btunit_01F375B8,btunit.c,reached,generated
0x01F375C0,btunit_01F375C0,btunit.c,reached,generated
0x01F375E0,btunit_01F375E0,btunit.c,reached,generated
0x01F37600,btunit_01F37600,btunit.c,reached,generated
0x01F37658,btunit_01F37658,btunit.c,reached,generated
0x01F37808,btunit_01F37808,btunit.c,reached,generated
0x01F378B0,func_01F378B0,,reached,generated
0x01F378E0,func_01F378E0,,reached,generated
0x01F378F8,func_01F378F8,,reached,generated
0x01F37940,func_01F37940,,reached,generated
0x01F379E0,func_01F379E0,,reached,generated
0x01F379F0,func_01F379F0,,reached,generated
0x01F37A30,func_01F37A30,,reached,generated
0x01F37A78,func_01F37A78,,reached,generated
0x01F37AD0,func_01F37AD0,,reached,generated
0x01F37B48,func_01F37B48,,reached,generated
0x01F37B80,func_01F37B80,,reached,generated
0x01F37B98,func_01F37B98,,reached,generated
0x01F37C20,func_01F37C20,,reached,generated
0x01F37E90,func_01F37E90,,reached,generated
0x01F37FD0,func_01F37FD0,,reached,generated
0x01F38118,func_01F38118,,reached,generated
0x01F38190,func_01F38190,,reached,generated
0x01F381F0,func_01F381F0,,reached,generated
0x01F382B8,func_01F382B8,,reached,generated
0x01F38468,func_01F38468,,reached,generated
0x01F384E8,func_01F384E8,,reached,generated
0x01F38598,func_01F38598,,reached,generated
0x01F38648,func_01F38648,,reached,generated
0x01F38660,func_01F38660,,reached,generated
0x01F38810,func_01F38810,,reached,generated
0x01F389E0,func_01F389E0,,reached,generated
0x01F38AA8,func_01F38AA8,,reached,generated
0x01F38B30,func_01F38B30,,reached,generated
0x01F38C78,func_01F38C78,,reached,generated
0x01F38EB0,func_01F38EB0,,reached,generated
0x01F38F28,func_01F38F28,,reached,generated
0x01F390B8,func_01F390B8,,reached,generated
0x01F39138,func_01F39138,,reached,generated
0x01F39198,func_01F39198,,reached,generated
0x01F39218,func_01F39218,,reached,generated
0x01F39330,func_01F39330,,reached,generated
0x01F39410,func_01F39410,,reached,generated
0x01F39488,func_01F39488,,reached,generated
0x01F394B8,func_01F394B8,,reached,generated
0x01F39660,func_01F39660,,reached,generated
0x01F396A8,func_01F396A8,,reached,generated
0x01F397A0,func_01F397A0,,reached,generated
0x01F397C8,func_01F397C8,,reached,generated
0x01F397F0,func_01F397F0,,reached,generated
0x01F39878,sizeofBTBUILD,btbuild.c,reached,trace_string
0x01F399C0,btbuild_01F399C0,btbuild.c,reached,generated
0x01F399D8,btbuild_01F399D8,btbuild.c,reached,generated
0x01F39B20,btbuild_01F39B20,btbuild.c,reached,generated
0x01F39B90,btbuild_01F39B90,btbuild.c,reached,generated
0x01F39C98,btBuildDel,btbuild.c,reached,trace_string
0x01F39DE8,btbuild_01F39DE8,btbuild.c,reached,generated
0x01F3A080,btbuild_01F3A080,btbuild.c,reached,generated
0x01F3A108,btbuild_01F3A108,btbuild.c,reached,generated
0x01F3A1C0,btbuild_01F3A1C0,btbuild.c,reached,generated
0x01F3A1F8,btbuild_01F3A1F8,btbuild.c,reached,generated
0x01F3A230,btbuild_01F3A230,btbuild.c,reached,generated
0x01F3A290,btbuild_01F3A290,btbuild.c,reached,generated
0x01F3A2F0,btbuild_01F3A2F0,btbuild.c,reached,generated
0x01F3A398,btbuild_01F3A398,btbuild.c,unreferenced,generated
0x01F3A4A0,btbuild_01F3A4A0,btbuild.c,reached,generated
0x01F3A580,btbuild_01F3A580,btbuild.c,reached,generated
0x01F3A688,btbuild_01F3A688,btbuild.c,reached,generated
0x01F3A798,btbuild_01F3A798,btbuild.c,reached,generated
0x01F3A870,btbuild_01F3A870,btbuild.c,reached,generated
0x01F3A888,btbuild_01F3A888,btbuild.c,unreferenced,generated
0x01F3A890,btbuild_01F3A890,btbuild.c,reached,generated
0x01F3A918,btbuild_01F3A918,btbuild.c,reached,generated
0x01F3AA20,func_01F3AA20,,reached,generated
0x01F3AAF0,func_01F3AAF0,,reached,generated
0x01F3ABE0,func_01F3ABE0,,reached,generated
0x01F3AC80,func_01F3AC80,,reached,generated
0x01F3ACA0,func_01F3ACA0,,reached,generated
0x01F3ADB0,func_01F3ADB0,,reached,generated
0x01F3AE58,func_01F3AE58,,reached,generated
0x01F3AF48,func_01F3AF48,,reached,generated
0x01F3AFD0,func_01F3AFD0,,reached,generated
0x01F3AFF8,func_01F3AFF8,,reached,generated
0x01F3B018,func_01F3B018,,reached,generated
0x01F3B038,func_01F3B038,,reached,generated
0x01F3B100,func_01F3B100,,reached,generated
0x01F3B2C8,func_01F3B2C8,,reached,generated
0x01F3B358,func_01F3B358,,reached,generated
0x01F3B458,func_01F3B458,,reached,generated
0x01F3B520,func_01F3B520,,reached,generated
0x01F3B598,func_01F3B598,,reached,generated
0x01F3B668,func_01F3B668,,reached,generated
0x01F3B6B8,func_01F3B6B8,,reached,generated
0x01F3B7D8,func_01F3B7D8,,reached,generated
0x01F3B8D0,func_01F3B8D0,,reached,generated
0x01F3BB00,btUnitIsPcEva,bteva.c,reached,trace_string
0x01F3BBE8,bteva_01F3BBE8,bteva.c,reached,generated
0x01F3BCA8,bteva_01F3BCA8,bteva.c,reached,generated
0x01F3BD08,bteva_01F3BD08,bteva.c,reached,generated
0x01F3BD68,bteva_01F3BD68,bteva.c,reached,generated
0x01F3BDC0,bteva_01F3BDC0,bteva.c,reached,generated
0x01F3BE18,bteva_01F3BE18,bteva.c,reached,generated
0x01F3BE98,bteva_01F3BE98,bteva.c,reached,generated
0x01F3BF18,bteva_01F3BF18,bteva.c,reached,generated
0x01F3BF28,bteva_01F3BF28,bteva.c,reached,generated
0x01F3BFE0,bteva_01F3BFE0,bteva.c,reached,generated
0x01F3C008,bteva_01F3C008,bteva.c,reached,generated
0x01F3C130,bteva_01F3C130,bteva.c,reached,generated
0x01F3C188,bteva_01F3C188,bteva.c,reached,generated
0x01F3C240,bteva_01F3C240,bteva.c,reached,generated
0x01F3C338,bteva_01F3C338,bteva.c,reached,generated
0x01F3C348,bteva_01F3C348,bteva.c,reached,generated
0x01F3C358,bteva_01F3C358,bteva.c,reached,generated
0x01F3C398,bteva_01F3C398,bteva.c,reached,generated
0x01F3C428,bteva_01F3C428,bteva.c,reached,generated
0x01F3C578,bteva_01F3C578,bteva.c,reached,generated
0x01F3C5D8,bteva_01F3C5D8,bteva.c,reached,generated
0x01F3C6C8,bteva_01F3C6C8,bteva.c,reached,generated
0x01F3C770,bteva_01F3C770,bteva.c,reached,generated
0x01F3C7C0,bteva_01F3C7C0,bteva.c,reached,generated
0x01F3C8E0,bteva_01F3C8E0,bteva.c,reached,generated
0x01F3C990,bteva_01F3C990,bteva.c,reached,generated
0x01F3CA38,bteva_01F3CA38,bteva.c,reached,generated
0x01F3CAA8,bteva_01F3CAA8,bteva.c,reached,generated
0x01F3CB58,bteva_01F3CB58,bteva.c,reached,generated
0x01F3CD28,bteva_01F3CD28,bteva.c,reached,generated
0x01F3CD58,bteva_01F3CD58,bteva.c,reached,generated
0x01F3CDD8,bteva_01F3CDD8,bteva.c,reached,generated
0x01F3CE30,bteva_01F3CE30,bteva.c,reached,generated
0x01F3CE78,bteva_01F3CE78,bteva.c,reached,generated
0x01F3CF40,bteva_01F3CF40,bteva.c,reached,generated
0x01F3CFD0,bteva_01F3CFD0,bteva.c,reached,generated
0x01F3D030,btEvaSpeedReset,bteva.c,reached,trace_string
0x01F3D190,func_01F3D190,,reached,generated
0x01F3D1A0,func_01F3D1A0,,reached,generated
0x01F3D1D8,func_01F3D1D8,,reached,generated
0x01F3D330,bteva2_01F3D330,bteva2.c,reached,generated
0x01F3DAA8,bteva2_01F3DAA8,bteva2.c,reached,generated
0x01F3DAD0,bteva2_01F3DAD0,bteva2.c,reached,generated
0x01F3DB28,bteva2_01F3DB28,bteva2.c,reached,generated
0x01F3DB68,bteva2_01F3DB68,bteva2.c,reached,generated
0x01F3DBA8,bteva2_01F3DBA8,bteva2.c,reached,generated
0x01F3DBE8,bteva2_01F3DBE8,bteva2.c,reached,generated
0x01F3DC38,bteva2_01F3DC38,bteva2.c,reached,generated
0x01F3DF80,bteva2_01F3DF80,bteva2.c,reached,generated
0x01F3DF88,bteva2_01F3DF88,bteva2.c,reached,generated
0x01F3DF90,bteva2_01F3DF90,bteva2.c,reached,generated
0x01F3DFA0,bteva2_01F3DFA0,bteva2.c,reached,generated
0x01F3DFA8,bteva2_01F3DFA8,bteva2.c,reached,generated
0x01F3DFB8,bteva2_01F3DFB8,bteva2.c,reached,generated
0x01F3E098,bteva2_01F3E098,bteva2.c,reached,generated
0x01F3E138,bteva2_01F3E138,bteva2.c,reached,generated
0x01F3E188,bteva2_01F3E188,bteva2.c,reached,generated
0x01F3E1E8,bteva2_01F3E1E8,bteva2.c,reached,generated
0x01F3E2C8,bteva2_01F3E2C8,bteva2.c,reached,generated
0x01F3E350,bteva2_01F3E350,bteva2.c,reached,generated
0x01F3E390,bteva2_01F3E390,bteva2.c,reached,generated
0x01F3E3D0,bteva2_01F3E3D0,bteva2.c,reached,generated
0x01F3E468,bteva2_01F3E468,bteva2.c,reached,generated
0x01F3E5A8,btflag_01F3E5A8,btflag.c,reached,generated
0x01F3E620,func_01F3E620,,reached,generated
0x01F3E638,func_01F3E638,,reached,generated
0x01F3E650,func_01F3E650,,reached,generated
0x01F3E670,func_01F3E670,,reached,generated
0x01F3E6C8,func_01F3E6C8,,reached,generated
0x01F3E770,func_01F3E770,,reached,generated
0x01F3E7A0,func_01F3E7A0,,reached,generated
0x01F3E7E8,func_01F3E7E8,,reached,generated
0x01F3E828,func_01F3E828,,reached,generated
0x01F3E848,func_01F3E848,,reached,generated
0x01F3E868,func_01F3E868,,reached,generated
0x01F3E918,func_01F3E918,,reached,generated
0x01F3E938,func_01F3E938,,reached,generated
0x01F3E948,func_01F3E948,,reached,generated
0x01F3E960,func_01F3E960,,reached,generated
0x01F3E978,func_01F3E978,,reached,generated
0x01F3E998,func_01F3E998,,reached,generated
0x01F3E9E0,btmmdl_01F3E9E0,btmmdl.c,reached,generated
0x01F3EB48,btmmdl_01F3EB48,btmmdl.c,reached,generated
0x01F3EB60,btmmdl_01F3EB60,btmmdl.c,reached,generated
0x01F3EC18,btmmdl_01F3EC18,btmmdl.c,reached,generated
0x01F3EFE8,btmmdl_01F3EFE8,btmmdl.c,reached,generated
0x01F3F070,btmmdl_01F3F070,btmmdl.c,reached,generated
0x01F3F290,btmmdl_01F3F290,btmmdl.c,reached,generated
0x01F3F470,btmmdl_01F3F470,btmmdl.c,reached,generated
0x01F3F570,btmmdl_01F3F570,btmmdl.c,reached,generated
0x01F3F6B0,btmmdl_01F3F6B0,btmmdl.c,reached,generated
0x01F3F7A0,btmmdl_01F3F7A0,btmmdl.c,reached,generated
0x01F3F8E0,btmmdl_01F3F8E0,btmmdl.c,reached,generated
0x01F3F8F0,btmmdl_01F3F8F0,btmmdl.c,reached,generated
0x01F3F958,btmmdl_01F3F958,btmmdl.c,reached,generated
0x01F3F970,btCmapSet,btmmdl.c,reached,trace_string
0x01F3F9F8,btmmdl_01F3F9F8,btmmdl.c,reached,generated
0x01F3FBA8,btmmdl_01F3FBA8,btmmdl.c,reached,generated
0x01F3FC50,btmmdl_01F3FC50,btmmdl.c,reached,generated
0x01F3FCD0,btmmdl_01F3FCD0,btmmdl.c,reached,generated
0x01F3FCF8,btmmdl_01F3FCF8,btmmdl.c,reached,generated
0x01F3FD18,btmmdl_01F3FD18,btmmdl.c,unreferenced,generated
0x01F3FD58,btmisc_01F3FD58,btmisc.c,reached,generated
0x01F3FDC8,btmisc_01F3FDC8,btmisc.c,reached,generated
0x01F3FE98,btmisc_01F3FE98,btmisc.c,reached,generated
0x01F3FF48,btmisc_01F3FF48,btmisc.c,reached,generated
0x01F3FF78,btmisc_01F3FF78,btmisc.c,reached,generated
0x01F3FFF8,btmisc_01F3FFF8,btmisc.c,unreferenced,generated
0x01F40020,btmisc_01F40020,btmisc.c,reached,generated
0x01F40098,btmisc_01F40098,btmisc.c,unreferenced,generated
0x01F400C8,btmisc_01F400C8,btmisc.c,reached,generated
0x01F400F0,btmisc_01F400F0,btmisc.c,reached,generated
0x01F40170,btmisc_01F40170,btmisc.c,reached,generated
0x01F401A8,btmisc_01F401A8,btmisc.c,unreferenced,generated
0x01F40250,btmisc_01F40250,btmisc.c,reached,generated
0x01F40268,btmisc_01F40268,btmisc.c,reached,generated
0x01F402C0,btmisc_01F402C0,btmisc.c,reached,generated
0x01F40318,func_01F40318,,reached,generated
0x01F40370,func_01F40370,,reached,generated
0x01F403D0,func_01F403D0,,reached,generated
0x01F40400,func_01F40400,,reached,generated
0x01F40440,func_01F40440,,reached,generated
0x01F404A0,func_01F404A0,,reached,generated
0x01F40518,func_01F40518,,reached,generated
0x01F405D8,func_01F405D8,,reached,generated
0x01F40640,func_01F40640,,reached,generated
0x01F40688,func_01F40688,,reached,generated
0x01F407F0,func_01F407F0,,reached,generated
0x01F40830,func_01F40830,,reached,generated
0x01F40888,func_01F40888,,reached,generated
0x01F408E0,func_01F408E0,,reached,generated
0x01F40918,func_01F40918,,reached,generated
0x01F40958,func_01F40958,,reached,generated
0x01F40A10,func_01F40A10,,reached,generated
0x01F40A50,btattack_01F40A50,btattack.c,reached,generated
0x01F40AB0,btattack_01F40AB0,btattack.c,unreferenced,generated
0x01F40AD0,btattack_01F40AD0,btattack.c,reached,generated
0x01F40AF0,btattack_01F40AF0,btattack.c,reached,generated
0x01F40B80,btattack_01F40B80,btattack.c,reached,generated
0x01F40E88,btattack_01F40E88,btattack.c,reached,generated
0x01F40ED0,btattack_01F40ED0,btattack.c,reached,generated
0x01F40F18,btUunitAngle,btattack.c,reached,trace_string
0x01F41220,btattack_01F41220,btattack.c,reached,generated
0x01F412B0,btattack_01F412B0,btattack.c,reached,generated
0x01F412F8,btattack_01F412F8,btattack.c,reached,generated
0x01F41358,btattack_01F41358,btattack.c,reached,generated
0x01F41378,btattack_01F41378,btattack.c,reached,generated
0x01F413A8,btattack_01F413A8,btattack.c,reached,generated
0x01F413B0,btattack_01F413B0,btattack.c,reached,generated
0x01F413B8,btattack_01F413B8,btattack.c,reached,generated
0x01F413C0,btattack_01F413C0,btattack.c,reached,generated
0x01F413C8,btattack_01F413C8,btattack.c,reached,generated
0x01F413D0,btattack_01F413D0,btattack.c,reached,generated
0x01F41448,btattack_01F41448,btattack.c,unreferenced,generated
0x01F414D0,btAtklistDump,btattack.c,unreferenced,trace_string
0x01F41560,func_01F41560,,reached,generated
0x01F415A0,btequip_01F415A0,btequip.c,reached,generated
0x01F41600,btequip_01F41600,btequip.c,reached,generated
0x01F41628,btequip_01F41628,btequip.c,reached,generated
0x01F41650,btequip_01F41650,btequip.c,reached,generated
0x01F41680,btequip_01F41680,btequip.c,reached,generated
0x01F416B8,btequip_01F416B8,btequip.c,reached,generated
0x01F41710,btequip_01F41710,btequip.c,reached,generated
0x01F41740,btdata_01F41740,btdata.c,reached,generated
0x01F41760,func_01F41760,btdata.c,reached,generated
0x01F41768,btdata_01F41768,btdata.c,reached,generated
0x01F417B8,btdata_01F417B8,btdata.c,reached,generated
0x01F41880,btdata_01F41880,btdata.c,reached,generated
0x01F418F8,btdata_01F418F8,btdata.c,reached,generated
0x01F41998,btdata_01F41998,btdata.c,reached,generated
0x01F41A38,btdata_01F41A38,btdata.c,reached,generated
0x01F41AC8,btdata_01F41AC8,btdata.c,reached,generated
0x01F41B40,btdata_01F41B40,btdata.c,reached,generated
0x01F41BB8,btdata_01F41BB8,btdata.c,reached,generated
0x01F41C20,btdata_01F41C20,btdata.c,reached,generated
0x01F41C98,btdata_01F41C98,btdata.c,reached,generated
0x01F41CC8,btdata_01F41CC8,btdata.c,reached,generated
0x01F41D48,btdata_01F41D48,btdata.c,reached,generated
0x01F41E38,btdata_01F41E38,btdata.c,reached,generated
0x01F41EB0,func_01F41EB0,,unreferenced,generated
0x01F41F58,btdebug_01F41F58,btdebug.c,reached,generated
0x01F42058,gmArchiveListPrint,btdebug.c,unreferenced,trace_string
0x01F42130,btdebug_01F42130,btdebug.c,unreferenced,generated
0x01F422B0,btdebug_01F422B0,btdebug.c,unreferenced,generated
0x01F42338,btdebug_01F42338,btdebug.c,reached,generated
0x01F42428,btdebug_01F42428,btdebug.c,reached,generated
0x01F42448,btdebug_01F42448,btdebug.c,reached,generated
0x01F42468,btdebug_01F42468,btdebug.c,reached,generated
0x01F424A8,btDebugEntry,btdebug.c,reached,trace_string
0x01F42530,btDebugEquip,btdebug.c,reached,trace_string
0x01F425D8,btdebug_01F425D8,btdebug.c,reached,generated
0x01F426C8,btdebug_01F426C8,btdebug.c,reached,generated
0x01F427C8,btdebug_01F427C8,btdebug.c,reached,generated
0x01F428C8,btdebug_01F428C8,btdebug.c,reached,generated
0x01F42A20,SKIP_ANGEL_APPEAR_DEMO,btdebug.c,reached,prose_label
0x01F42A60,SKIP_BRIEFING,btdebug.c,reached,prose_label
0x01F42AA0,SKIP_SALLY_DEMO,btdebug.c,reached,prose_label
0x01F42AE0,Anno_Mode_Settings,btdebug.c,reached,menu_label
0x01F42B78,btdebug_01F42B78,btdebug.c,reached,generated
0x01F42C58,btCharaAtSet,btdebug.c,unreferenced,trace_string
0x01F42CA8,btdebug_01F42CA8,btdebug.c,unreferenced,generated
0x01F42CE8,btdebug_01F42CE8,btdebug.c,reached,generated
0x01F42D28,btdebug_01F42D28,btdebug.c,reached,generated
0x01F42DD8,btdebug_01F42DD8,btdebug.c,reached,generated
0x01F42E18,btdebug_01F42E18,btdebug.c,reached,generated
0x01F42E58,btdebug_01F42E58,btdebug.c,reached,generated
0x01F42E98,func_01F42E98,,reached,generated
0x01F430A0,func_01F430A0,,unreferenced,generated
0x01F430B8,func_01F430B8,,unreferenced,generated
0x01F430E8,func_01F430E8,,reached,generated
0x01F43150,func_01F43150,,reached,generated
0x01F43170,func_01F43170,,reached,generated
0x01F43190,func_01F43190,,unreferenced,generated
0x01F43228,btcity_01F43228,btcity.c,reached,generated
0x01F43360,btcity_01F43360,btcity.c,reached,generated
0x01F433A8,btcity_01F433A8,btcity.c,reached,generated
0x01F435F0,btcity_01F435F0,btcity.c,reached,generated
0x01F43698,btcity_01F43698,btcity.c,unreferenced,generated
0x01F438C8,btcity_01F438C8,btcity.c,reached,generated
0x01F439D0,btcity_01F439D0,btcity.c,reached,generated
0x01F439E8,btcity_01F439E8,btcity.c,reached,generated
0x01F43A58,btcity_01F43A58,btcity.c,reached,generated
0x01F43B00,btcity_01F43B00,btcity.c,reached,generated
0x01F43B90,btcity_01F43B90,btcity.c,reached,generated
0x01F43BD8,btcity_01F43BD8,btcity.c,reached,generated
0x01F43C70,btcity_01F43C70,btcity.c,reached,generated
0x01F43D20,btcity_01F43D20,btcity.c,reached,generated
0x01F43F10,btcity_01F43F10,btcity.c,reached,generated
0x01F440E8,btcity_01F440E8,btcity.c,reached,generated
0x01F441A0,btcity_01F441A0,btcity.c,reached,generated
0x01F441F0,btcity_01F441F0,btcity.c,reached,generated
0x01F442F0,btcity_01F442F0,btcity.c,reached,generated
0x01F44390,btCityBreakWhole,btcity.c,reached,trace_string
0x01F443F8,btCityDestroyWhole,btcity.c,reached,trace_string
0x01F446C8,func_01F446C8,,reached,generated
0x01F447A0,func_01F447A0,,reached,generated
0x01F447F0,func_01F447F0,,reached,generated
0x01F44868,btarg_01F44868,btarg.c,reached,generated
0x01F44958,btarg_01F44958,btarg.c,reached,generated
0x01F44990,btarg_01F44990,btarg.c,reached,generated
0x01F449A0,btarg_01F449A0,btarg.c,reached,generated
0x01F449B0,btarg_01F449B0,btarg.c,reached,generated
0x01F44A08,btarg_01F44A08,btarg.c,reached,generated
0x01F44A18,btarg_01F44A18,btarg.c,reached,generated
0x01F44A30,btArgDump,btarg.c,reached,trace_string
0x01F44AB0,btarg_01F44AB0,btarg.c,reached,generated
0x01F44AF0,btarg_01F44AF0,btarg.c,reached,generated
0x01F44B30,btarg_01F44B30,btarg.c,reached,generated
0x01F44B58,btarg_01F44B58,btarg.c,reached,generated
0x01F44B80,btarg_01F44B80,btarg.c,reached,generated
0x01F44BA8,btarg_01F44BA8,btarg.c,reached,generated
0x01F44BE8,btarg_01F44BE8,btarg.c,reached,generated
0x01F44C28,btarg_01F44C28,btarg.c,reached,generated
0x01F44C50,btarg_01F44C50,btarg.c,reached,generated
0x01F44C78,btarg_01F44C78,btarg.c,reached,generated
0x01F44CA0,btarg_01F44CA0,btarg.c,reached,generated
0x01F44CC8,btarg_01F44CC8,btarg.c,reached,generated
0x01F44CF0,btarg_01F44CF0,btarg.c,reached,generated
0x01F44D08,btarg_01F44D08,btarg.c,reached,generated
0x01F44EC8,btarg_01F44EC8,btarg.c,reached,generated
0x01F44EF8,btarg_01F44EF8,btarg.c,reached,generated
0x01F44F58,btarg_01F44F58,btarg.c,reached,generated
0x01F44FC8,btarg_01F44FC8,btarg.c,reached,generated
0x01F450A0,btarg_01F450A0,btarg.c,reached,generated
0x01F45298,func_01F45298,,reached,generated
0x01F452E0,func_01F452E0,,reached,generated
0x01F45328,func_01F45328,,reached,generated
0x01F45338,func_01F45338,,reached,generated
0x01F45370,func_01F45370,,reached,generated
0x01F453E8,btWorkEvaDamageSet,btwork.c,reached,trace_string
0x01F454B8,func_01F454B8,,reached,generated
0x01F45548,func_01F45548,,reached,generated
0x01F45598,func_01F45598,,reached,generated
0x01F45778,func_01F45778,,reached,generated
0x01F457F8,func_01F457F8,,reached,generated
0x01F45820,func_01F45820,,reached,generated
0x01F458E0,func_01F458E0,,reached,generated
0x01F45978,func_01F45978,,reached,generated
0x01F45A28,btulist_01F45A28,btulist.c,reached,generated
0x01F45CE0,btulist_01F45CE0,btulist.c,reached,generated
0x01F45E30,btulist_01F45E30,btulist.c,reached,generated
0x01F45F30,btUlistDump,btulist.c,unreferenced,trace_string
0x01F45FD8,btulist_01F45FD8,btulist.c,reached,generated
0x01F46010,btulist_01F46010,btulist.c,reached,generated
0x01F46028,btPoslistSet,btulist.c,reached,trace_string
0x01F46090,btulist_01F46090,btulist.c,unreferenced,generated
0x01F46180,sizeofBTC2WORK,btc2work.c,reached,trace_string
0x01F461F8,btc2work_01F461F8,btc2work.c,reached,generated
0x01F46200,btc2work_01F46200,btc2work.c,reached,generated
0x01F46578,btc2work_01F46578,btc2work.c,reached,generated
0x01F46810,btc2work_01F46810,btc2work.c,reached,generated
0x01F46C10,btc2work_01F46C10,btc2work.c,reached,generated
0x01F46F60,btc2work_01F46F60,btc2work.c,reached,generated
0x01F46FF0,func_01F46FF0,,reached,generated
0x01F47038,btuobj_01F47038,btuobj.c,reached,generated
0x01F470B8,btuobj_01F470B8,btuobj.c,reached,generated
0x01F470D8,btuobj_01F470D8,btuobj.c,reached,generated
0x01F47188,btuobj_01F47188,btuobj.c,reached,generated
0x01F471E0,btuobj_01F471E0,btuobj.c,reached,generated
0x01F47418,btuobj_01F47418,btuobj.c,reached,generated
0x01F474D0,btuobj_01F474D0,btuobj.c,reached,generated
0x01F47578,btuobj_01F47578,btuobj.c,reached,generated
0x01F47620,btuobj_01F47620,btuobj.c,unreferenced,generated
0x01F47638,btuobj_01F47638,btuobj.c,reached,generated
0x01F47670,btuobj_01F47670,btuobj.c,reached,generated
0x01F476B0,btuobj_01F476B0,btuobj.c,reached,generated
0x01F477A0,btuobj_01F477A0,btuobj.c,reached,generated
0x01F47890,btuobj_01F47890,btuobj.c,reached,generated
0x01F47898,btuobj_01F47898,btuobj.c,reached,generated
0x01F478A0,btuobj_01F478A0,btuobj.c,reached,generated
0x01F47900,btuobj_01F47900,btuobj.c,reached,generated
0x01F47928,btuobj_01F47928,btuobj.c,reached,generated
0x01F47950,btuobj_01F47950,btuobj.c,reached,generated
0x01F47A40,btuobj_01F47A40,btuobj.c,reached,generated
0x01F47A80,eunit_hmn,btuobj.c,reached,prose_label
0x01F47B90,aunit_hmn,btuobj.c,reached,prose_label
0x01F47C20,unit2_hmn,btuobj.c,reached,prose_label
0x01F47DA0,junit_hmn,btuobj.c,reached,prose_label
0x01F47EA0,btuobj_01F47EA0,btuobj.c,reached,generated
0x01F47F80,btuobj_01F47F80,btuobj.c,reached,generated
0x01F48060,atf_hmn,btuobj.c,reached,prose_label
0x01F480E0,btuobj_01F480E0,btuobj.c,reached,generated
0x01F48198,cursor_hmn,btuobj.c,reached,prose_label
0x01F48290,btuobj_01F48290,btuobj.c,reached,generated
0x01F48398,btuobj_01F48398,btuobj.c,reached,generated
0x01F48418,btuobj_01F48418,btuobj.c,reached,generated
0x01F48498,btuobj_01F48498,btuobj.c,reached,generated
0x01F484C8,btuobj_01F484C8,btuobj.c,reached,generated
0x01F484F8,btuobj_01F484F8,btuobj.c,reached,generated
0x01F48600,btuobj_01F48600,btuobj.c,reached,generated
0x01F48638,btuobj_01F48638,btuobj.c,reached,generated
0x01F486C8,btuobj_01F486C8,btuobj.c,reached,generated
0x01F48978,btuobj_01F48978,btuobj.c,reached,generated
0x01F489F0,btuobj_01F489F0,btuobj.c,reached,generated
0x01F48A20,btuobj_01F48A20,btuobj.c,reached,generated
0x01F48A40,btuobj_01F48A40,btuobj.c,reached,generated
0x01F48C78,btuobj_01F48C78,btuobj.c,reached,generated
0x01F48CD8,btuobj_01F48CD8,btuobj.c,reached,generated
0x01F48D78,btuobj_01F48D78,btuobj.c,reached,generated
0x01F48DA8,btuobj_01F48DA8,btuobj.c,reached,generated
0x01F48FD8,btuobj_01F48FD8,btuobj.c,reached,generated
0x01F49008,btuobj_01F49008,btuobj.c,reached,generated
0x01F49020,btuobj_01F49020,btuobj.c,reached,generated
0x01F49058,btuobj_01F49058,btuobj.c,reached,generated
0x01F49090,btuobj_01F49090,btuobj.c,reached,generated
0x01F49168,btuobj_01F49168,btuobj.c,reached,generated
0x01F491F8,btuobj_01F491F8,btuobj.c,reached,generated
0x01F49268,btuobj_01F49268,btuobj.c,reached,generated
0x01F49270,btuobj_01F49270,btuobj.c,reached,generated
0x01F492A8,btuobj_01F492A8,btuobj.c,reached,generated
0x01F49488,btuobj_01F49488,btuobj.c,reached,generated
0x01F49520,btuobj_01F49520,btuobj.c,reached,generated
0x01F49540,btgauge_01F49540,btgauge.c,reached,generated
0x01F495E0,btgauge_01F495E0,btgauge.c,unreferenced,generated
0x01F495F8,btgauge_01F495F8,btgauge.c,reached,generated
0x01F496B8,btgauge_01F496B8,btgauge.c,reached,generated
0x01F497B8,btgauge_01F497B8,btgauge.c,reached,generated
0x01F498D8,btgauge_01F498D8,btgauge.c,reached,generated
0x01F498F0,btgauge_01F498F0,btgauge.c,reached,generated
0x01F49930,btgauge_01F49930,btgauge.c,reached,generated
0x01F49978,btgauge_01F49978,btgauge.c,reached,generated
0x01F49990,btgauge_01F49990,btgauge.c,reached,generated
0x01F499A8,btgauge_01F499A8,btgauge.c,reached,generated
0x01F499B0,btgauge_01F499B0,btgauge.c,reached,generated
0x01F49A00,btgauge_01F49A00,btgauge.c,reached,generated
0x01F49A68,btgauge_01F49A68,btgauge.c,reached,generated
0x01F49AA0,btstat_01F49AA0,btstat.c,reached,generated
0x01F49B38,btstat_01F49B38,btstat.c,reached,generated
0x01F49B60,btstat_01F49B60,btstat.c,reached,generated
0x01F49CA0,btstat_01F49CA0,btstat.c,reached,generated
0x01F49CD0,btstat_01F49CD0,btstat.c,reached,generated
0x01F49D10,btstat_01F49D10,btstat.c,reached,generated
0x01F49D50,btstat_01F49D50,btstat.c,reached,generated
0x01F49DC0,btstat_01F49DC0,btstat.c,reached,generated
0x01F49DD0,btstat_01F49DD0,btstat.c,reached,generated
0x01F49DE0,btstat_01F49DE0,btstat.c,reached,generated
0x01F49DF0,btstat_01F49DF0,btstat.c,reached,generated
0x01F49E00,btstat_01F49E00,btstat.c,reached,generated
0x01F4A0F0,btstat_01F4A0F0,btstat.c,reached,generated
0x01F4A5E0,btstat_01F4A5E0,btstat.c,reached,generated
0x01F4AB08,btstat_01F4AB08,btstat.c,reached,generated
0x01F4AB48,btstat_01F4AB48,btstat.c,reached,generated
0x01F4ABA8,btstat_01F4ABA8,btstat.c,reached,generated
0x01F4AC38,btstat_01F4AC38,btstat.c,reached,generated
0x01F4AD08,btstat_01F4AD08,btstat.c,reached,generated
0x01F4AD88,btstat_01F4AD88,btstat.c,reached,generated
0x01F4AE60,btstat_01F4AE60,btstat.c,reached,generated
0x01F4AF28,btstat_01F4AF28,btstat.c,reached,generated
0x01F4AFA8,btstat_01F4AFA8,btstat.c,reached,generated
0x01F4B068,btstat_01F4B068,btstat.c,unreferenced,generated
0x01F4B080,btstat_01F4B080,btstat.c,unreferenced,generated
0x01F4B0B8,btstat_01F4B0B8,btstat.c,reached,generated
0x01F4B0D0,btstat_01F4B0D0,btstat.c,reached,generated
0x01F4B140,btstat_01F4B140,btstat.c,reached,generated
0x01F4B1B0,btstat_01F4B1B0,btstat.c,reached,generated
0x01F4B1D8,btstat_01F4B1D8,btstat.c,reached,generated
0x01F4B208,btstat_01F4B208,btstat.c,reached,generated
0x01F4B2A0,btstat_01F4B2A0,btstat.c,unreferenced,generated
0x01F4B310,btstat_01F4B310,btstat.c,reached,generated
0x01F4B328,btstat_01F4B328,btstat.c,reached,generated
0x01F4B338,btstat_01F4B338,btstat.c,reached,generated
0x01F4B380,btstat_01F4B380,btstat.c,reached,generated
0x01F4B4F0,btstat_01F4B4F0,btstat.c,reached,generated
0x01F4B6E8,func_01F4B6E8,,reached,generated
0x01F4B8A0,func_01F4B8A0,,reached,generated
0x01F4BAD8,func_01F4BAD8,,reached,generated
0x01F4BB40,func_01F4BB40,,reached,generated
0x01F4BBA8,func_01F4BBA8,,reached,generated
0x01F4BDA8,func_01F4BDA8,,reached,generated
0x01F4BDE0,func_01F4BDE0,,reached,generated
0x01F4BEB0,func_01F4BEB0,,reached,generated
0x01F4BEC8,func_01F4BEC8,,reached,generated
0x01F4BF08,func_01F4BF08,,reached,generated
0x01F4BF48,btsight_01F4BF48,btsight.c,reached,generated
0x01F4BFF8,func_01F4BFF8,,reached,generated
0x01F4C048,func_01F4C048,,reached,generated
0x01F4C050,func_01F4C050,,reached,generated
0x01F4C0D0,func_01F4C0D0,,reached,generated
0x01F4C0F8,func_01F4C0F8,,reached,generated
0x01F4C1D8,func_01F4C1D8,,reached,generated
0x01F4C218,func_01F4C218,,reached,generated
0x01F4C290,func_01F4C290,,reached,generated
0x01F4C2E8,func_01F4C2E8,,reached,generated
0x01F4C2F0,func_01F4C2F0,,reached,generated
0x01F4C340,func_01F4C340,,unreferenced,generated
0x01F4C368,func_01F4C368,,reached,generated
0x01F4C3F0,func_01F4C3F0,,reached,generated
0x01F4C448,func_01F4C448,,reached,generated
0x01F4C460,func_01F4C460,,reached,generated
0x01F4C478,func_01F4C478,,reached,generated
0x01F4C4C8,func_01F4C4C8,,reached,generated
0x01F4C4F0,func_01F4C4F0,,reached,generated
0x01F4C508,func_01F4C508,,reached,generated
0x01F4C6E0,func_01F4C6E0,,reached,generated
0x01F4C798,func_01F4C798,,unreferenced,generated
0x01F4C810,func_01F4C810,,reached,generated
0x01F4C868,func_01F4C868,,reached,generated
0x01F4CBB8,func_01F4CBB8,,reached,generated
0x01F4CBE8,func_01F4CBE8,,reached,generated
0x01F4CC40,func_01F4CC40,,reached,generated
0x01F4CE50,func_01F4CE50,,reached,generated
0x01F4CED8,func_01F4CED8,,reached,generated
0x01F4CF08,func_01F4CF08,,reached,generated
0x01F4CF20,func_01F4CF20,,reached,generated
0x01F4CF38,btmap_01F4CF38,btmap.c,reached,generated
0x01F4CFA8,btmap_01F4CFA8,btmap.c,reached,generated
0x01F4CFE8,btmap_01F4CFE8,btmap.c,reached,generated
0x01F4D008,btmap_01F4D008,btmap.c,reached,generated
0x01F4D030,btmap_01F4D030,btmap.c,reached,generated
0x01F4D038,btmap_01F4D038,btmap.c,reached,generated
0x01F4D040,btMapSetup,btmap.c,reached,trace_string
0x01F4D1D0,btmap_01F4D1D0,btmap.c,reached,generated
0x01F4D210,btmap_01F4D210,btmap.c,reached,generated
0x01F4D2B8,btmap_01F4D2B8,btmap.c,reached,generated
0x01F4D378,btmap_01F4D378,btmap.c,reached,generated
0x01F4D3B0,btmap_01F4D3B0,btmap.c,reached,generated
0x01F4D3E8,btmap_01F4D3E8,btmap.c,reached,generated
0x01F4D418,btmap_01F4D418,btmap.c,reached,generated
0x01F4D450,btmap_01F4D450,btmap.c,reached,generated
0x01F4D468,btmap_01F4D468,btmap.c,reached,generated
0x01F4D4B8,btmap_01F4D4B8,btmap.c,reached,generated
0x01F4D4E8,btmap_01F4D4E8,btmap.c,reached,generated
0x01F4D5C8,btmap_01F4D5C8,btmap.c,reached,generated
0x01F4D5F0,btmap_01F4D5F0,btmap.c,reached,generated
0x01F4D610,btmap_01F4D610,btmap.c,reached,generated
0x01F4D720,btmap_01F4D720,btmap.c,reached,generated
0x01F4D750,btmap_01F4D750,btmap.c,unreferenced,generated
0x01F4D8D0,btmap_01F4D8D0,btmap.c,reached,generated
0x01F4D9B0,btmap_01F4D9B0,btmap.c,reached,generated
0x01F4DA78,btmap_01F4DA78,btmap.c,reached,generated
0x01F4DB70,btmap_01F4DB70,btmap.c,reached,generated
0x01F4DCB0,btmap_01F4DCB0,btmap.c,reached,generated
0x01F4DD08,btmap_01F4DD08,btmap.c,reached,generated
0x01F4DDF8,btmap_01F4DDF8,btmap.c,reached,generated
0x01F4DEE8,btmap_01F4DEE8,btmap.c,reached,generated
0x01F4E088,Indicator,btmap.c,reached,trace_string
0x01F4E110,btmap_01F4E110,btmap.c,reached,generated
0x01F4E250,btmap_01F4E250,btmap.c,reached,generated
0x01F4E288,btmap_01F4E288,btmap.c,reached,generated
0x01F4E2A0,btmap_01F4E2A0,btmap.c,reached,generated
0x01F4E370,btmap_01F4E370,btmap.c,reached,generated
0x01F4E3A0,btmap_01F4E3A0,btmap.c,reached,generated
0x01F4E3D0,btmap_01F4E3D0,btmap.c,reached,generated
0x01F4E410,btmap_01F4E410,btmap.c,reached,generated
0x01F4E450,btmap_01F4E450,btmap.c,reached,generated
0x01F4E480,btmap_01F4E480,btmap.c,reached,generated
0x01F4E4B0,btmap_01F4E4B0,btmap.c,reached,generated
0x01F4E4F0,btmap_01F4E4F0,btmap.c,reached,generated
0x01F4E530,btmap_01F4E530,btmap.c,reached,generated
0x01F4E5E8,btmap_01F4E5E8,btmap.c,reached,generated
0x01F4E600,btmap_01F4E600,btmap.c,reached,generated
0x01F4E678,func_01F4E678,,reached,generated
0x01F4E750,func_01F4E750,,reached,generated
0x01F4E7F8,btenemy_01F4E7F8,btenemy.c,reached,generated
0x01F4E898,btenemy_01F4E898,btenemy.c,reached,generated
0x01F4E8C8,btenemy_01F4E8C8,btenemy.c,reached,generated
0x01F4E8E0,btenemy_01F4E8E0,btenemy.c,reached,generated
0x01F4E998,btenemy_01F4E998,btenemy.c,reached,generated
0x01F4E9E8,btenemy_01F4E9E8,btenemy.c,reached,generated
0x01F4EA98,btenemy_01F4EA98,btenemy.c,reached,generated
0x01F4EB80,btReportClose,btenemy.c,reached,trace_string
0x01F4EBC8,func_01F4EBC8,,reached,generated
0x01F4EBD0,func_01F4EBD0,,reached,generated
0x01F4EC28,func_01F4EC28,,reached,generated
0x01F4EC58,func_01F4EC58,,reached,generated
0x01F4EC70,func_01F4EC70,,reached,generated
0x01F4ECC0,func_01F4ECC0,,reached,generated
0x01F4ECF0,btreport_01F4ECF0,btreport.c,reached,generated
0x01F4F0C8,btreport_01F4F0C8,btreport.c,reached,generated
0x01F4F160,btreport_01F4F160,btreport.c,reached,generated
0x01F4F1A0,btreport_01F4F1A0,btreport.c,reached,generated
0x01F4F270,btreport_01F4F270,btreport.c,reached,generated
0x01F4F2F0,btreport_01F4F2F0,btreport.c,reached,generated
0x01F4F390,btreport_01F4F390,btreport.c,reached,generated
0x01F4F548,btreport_01F4F548,btreport.c,reached,generated
0x01F4F5B0,btreport_01F4F5B0,btreport.c,unreferenced,generated
0x01F4F710,btbattry_01F4F710,btbattry.c,reached,generated
0x01F4F760,btbattry_01F4F760,btbattry.c,reached,generated
0x01F4F790,btbattry_01F4F790,btbattry.c,reached,generated
0x01F4F820,btbattry_01F4F820,btbattry.c,reached,generated
0x01F4F838,btbattry_01F4F838,btbattry.c,reached,generated
0x01F4FA10,btbattry_01F4FA10,btbattry.c,reached,generated
0x01F4FA28,btbattry_01F4FA28,btbattry.c,reached,generated
0x01F4FA40,btbattry_01F4FA40,btbattry.c,reached,generated
0x01F4FA58,btbattry_01F4FA58,btbattry.c,reached,generated
0x01F4FB60,btbattry_01F4FB60,btbattry.c,reached,generated
0x01F4FB70,btbattry_01F4FB70,btbattry.c,reached,generated
0x01F4FB80,btbattry_01F4FB80,btbattry.c,reached,generated
0x01F4FB90,btbattry_01F4FB90,btbattry.c,reached,generated
0x01F4FBA0,btbattry_01F4FBA0,btbattry.c,reached,generated
0x01F4FCE8,func_01F4FCE8,,reached,generated
0x01F4FD18,func_01F4FD18,,reached,generated
0x01F4FD68,func_01F4FD68,,reached,generated
0x01F4FE20,func_01F4FE20,,reached,generated
0x01F4FF60,func_01F4FF60,,reached,generated
0x01F4FF90,func_01F4FF90,,reached,generated
0x01F4FFB0,func_01F4FFB0,,reached,generated
0x01F4FFD0,btdemosc_01F4FFD0,btdemosc.c,reached,generated
0x01F50128,btdemosc_01F50128,btdemosc.c,reached,generated
0x01F50140,demo_liv,btdemosc.c,reached,prose_label
0x01F501A0,btdemosc_01F501A0,btdemosc.c,reached,generated
0x01F50230,btdemosc_01F50230,btdemosc.c,reached,generated
0x01F502F8,btdemosc_01F502F8,btdemosc.c,reached,generated
0x01F50368,btdemosc_01F50368,btdemosc.c,reached,generated
0x01F50538,btdemosc_01F50538,btdemosc.c,reached,generated
0x01F50578,btdemosc_01F50578,btdemosc.c,reached,generated
0x01F50740,func_01F50740,,reached,generated
0x01F50750,func_01F50750,,reached,generated
0x01F50768,func_01F50768,,reached,generated
0x01F507A8,func_01F507A8,,reached,generated
0x01F507E8,btcable_01F507E8,btcable.c,reached,generated
0x01F50818,func_01F50818,btcable.c,reached,generated
0x01F50820,btcable_01F50820,btcable.c,reached,generated
0x01F50968,btcable_01F50968,btcable.c,reached,generated
0x01F50978,btcable_01F50978,btcable.c,reached,generated
0x01F50990,btcable_01F50990,btcable.c,reached,generated
0x01F509C0,btcable_01F509C0,btcable.c,reached,generated
0x01F509F0,btcable_01F509F0,btcable.c,reached,generated
0x01F50A20,btcable_01F50A20,btcable.c,reached,generated
0x01F50AD0,btcable_01F50AD0,btcable.c,reached,generated
0x01F50E00,btcable_01F50E00,btcable.c,reached,generated
0x01F50F58,btcable_01F50F58,btcable.c,reached,generated
0x01F51028,btcable_01F51028,btcable.c,reached,generated
0x01F51060,btcable_01F51060,btcable.c,reached,generated
0x01F51090,btcable_01F51090,btcable.c,reached,generated
0x01F511A8,btcable_01F511A8,btcable.c,reached,generated
0x01F51370,btcable_01F51370,btcable.c,reached,generated
0x01F514D0,btcable_01F514D0,btcable.c,unreferenced,generated
0x01F51618,btcable_01F51618,btcable.c,unreferenced,generated
0x01F516B8,btcable_01F516B8,btcable.c,reached,generated
0x01F51850,btcable_01F51850,btcable.c,reached,generated
0x01F518C0,btcable_01F518C0,btcable.c,reached,generated
0x01F518E8,btcable_01F518E8,btcable.c,reached,generated
0x01F51910,btcable_01F51910,btcable.c,reached,generated
0x01F51A48,btcable_01F51A48,btcable.c,reached,generated
0x01F51A98,btcable_01F51A98,btcable.c,reached,generated
0x01F51AD8,btcable_01F51AD8,btcable.c,unreferenced,generated
0x01F51B18,btcable_01F51B18,btcable.c,reached,generated
0x01F51CA8,btcable_01F51CA8,btcable.c,reached,generated
0x01F51CD8,btcable_01F51CD8,btcable.c,reached,generated
0x01F51CE0,btcable_01F51CE0,btcable.c,reached,generated
0x01F51CE8,btcable_01F51CE8,btcable.c,reached,generated
0x01F51CF0,btcable_01F51CF0,btcable.c,reached,generated
0x01F51CF8,btcable_01F51CF8,btcable.c,reached,generated
0x01F51D00,btcable_01F51D00,btcable.c,reached,generated
0x01F51D08,btcable_01F51D08,btcable.c,reached,generated
0x01F51D50,bteff_01F51D50,bteff.c,reached,generated
0x01F51D98,func_01F51D98,bteff.c,reached,generated
0x01F51DA0,bteff_01F51DA0,bteff.c,reached,generated
0x01F51EB8,bteff_01F51EB8,bteff.c,reached,generated
0x01F51F58,bteff_01F51F58,bteff.c,reached,generated
0x01F51FA8,bteff_01F51FA8,bteff.c,reached,generated
0x01F520D0,bteff_01F520D0,bteff.c,reached,generated
0x01F52108,bteff_01F52108,bteff.c,reached,generated
0x01F521A0,bteff_01F521A0,bteff.c,reached,generated
0x01F521C8,bteff_01F521C8,bteff.c,reached,generated
0x01F521E8,bteff_01F521E8,bteff.c,reached,generated
0x01F521F0,bteff_01F521F0,bteff.c,reached,generated
0x01F521F8,bteff_01F521F8,bteff.c,reached,generated
0x01F52358,bteff_01F52358,bteff.c,reached,generated
0x01F52388,bteff_01F52388,bteff.c,reached,generated
0x01F523B0,bteff_01F523B0,bteff.c,reached,generated
0x01F523D8,bteff_01F523D8,bteff.c,reached,generated
0x01F524F8,bteff_01F524F8,bteff.c,reached,generated
0x01F52518,bteff_01F52518,bteff.c,unreferenced,generated
0x01F52570,bteff_01F52570,bteff.c,unreferenced,generated
0x01F525A8,bteff_01F525A8,bteff.c,reached,generated
0x01F525C8,bteff_01F525C8,bteff.c,reached,generated
0x01F525F0,bteff_01F525F0,bteff.c,reached,generated
0x01F52610,bteff_01F52610,bteff.c,reached,generated
0x01F52618,bteff_01F52618,bteff.c,reached,generated
0x01F52620,bteff_01F52620,bteff.c,reached,generated
0x01F52740,bteff_01F52740,bteff.c,reached,generated
0x01F52770,bteff_01F52770,bteff.c,unreferenced,generated
0x01F52798,bteff_01F52798,bteff.c,reached,generated
0x01F527C0,btDomeAtUnit,bteff.c,reached,trace_string
0x01F528A0,bteff_01F528A0,bteff.c,reached,generated
0x01F528C0,bteff_01F528C0,bteff.c,unreferenced,generated
0x01F528F8,bteff_01F528F8,bteff.c,reached,generated
0x01F52920,bteff_01F52920,bteff.c,reached,generated
0x01F52940,bteff_01F52940,bteff.c,reached,generated
0x01F52948,bteff_01F52948,bteff.c,reached,generated
0x01F52950,explo_hmn,bteff.c,reached,prose_label
0x01F52A70,func_01F52A70,,reached,generated
0x01F52A98,func_01F52A98,,reached,generated
0x01F52BD8,func_01F52BD8,,unreferenced,generated
0x01F52C68,btdefobj_01F52C68,btdefobj.c,reached,generated
0x01F52D70,btdefobj_01F52D70,btdefobj.c,reached,generated
0x01F52DA8,btdefobj_01F52DA8,btdefobj.c,reached,generated
0x01F52E20,btdefobj_01F52E20,btdefobj.c,reached,generated
0x01F52E58,func_01F52E58,btdefobj.c,reached,generated
0x01F52F48,btdefobj_01F52F48,btdefobj.c,reached,generated
0x01F52FF0,func_01F52FF0,btdefobj.c,reached,generated
0x01F53020,func_01F53020,btdefobj.c,reached,generated
0x01F53058,func_01F53058,btdefobj.c,reached,generated
0x01F53110,func_01F53110,btdefobj.c,reached,generated
0x01F53188,btdefobj_01F53188,btdefobj.c,reached,generated
0x01F53278,bticeff_01F53278,bticeff.c,reached,generated
0x01F532D0,bticeff_01F532D0,bticeff.c,reached,generated
0x01F532F0,ic_hmn,bticeff.c,reached,prose_label
0x01F533F8,bticeff_01F533F8,bticeff.c,reached,generated
0x01F53420,bticeff_01F53420,bticeff.c,unreferenced,generated
0x01F534B8,bticeff_01F534B8,bticeff.c,reached,generated
0x01F53528,bticeff_01F53528,bticeff.c,reached,generated
0x01F53540,bticeff_01F53540,bticeff.c,reached,generated
0x01F53608,bticeff_01F53608,bticeff.c,reached,generated
0x01F536D8,bticeff_01F536D8,bticeff.c,reached,generated
0x01F53818,bticeff_01F53818,bticeff.c,reached,generated
0x01F53888,bticeff_01F53888,bticeff.c,reached,generated
0x01F538B8,bticeff_01F538B8,bticeff.c,reached,generated
0x01F53918,bticeff_01F53918,bticeff.c,unreferenced,generated
0x01F53A20,bticeff_01F53A20,bticeff.c,reached,generated
0x01F53A50,bticeff_01F53A50,bticeff.c,reached,generated
0x01F53A68,bticeff_01F53A68,bticeff.c,reached,generated
0x01F53AD8,bticeff_01F53AD8,bticeff.c,reached,generated
0x01F53BE8,bticeff_01F53BE8,bticeff.c,reached,generated
0x01F53C18,bticeff_01F53C18,bticeff.c,reached,generated
0x01F53C20,bticeff_01F53C20,bticeff.c,reached,generated
0x01F53C28,bticeff_01F53C28,bticeff.c,reached,generated
0x01F53C30,bticeff_01F53C30,bticeff.c,reached,generated
0x01F53C48,bticeff_01F53C48,bticeff.c,reached,generated
0x01F53C60,bticeff_01F53C60,bticeff.c,reached,generated
0x01F53D50,bticeff_01F53D50,bticeff.c,reached,generated
0x01F54028,bticeff_01F54028,bticeff.c,reached,generated
0x01F54048,bticeff_01F54048,bticeff.c,reached,generated
0x01F54070,bticeff_01F54070,bticeff.c,reached,generated
0x01F540B8,bticeff_01F540B8,bticeff.c,reached,generated
0x01F540F8,bticeff_01F540F8,bticeff.c,unreferenced,generated
0x01F54140,bticeff_01F54140,bticeff.c,reached,generated
0x01F54180,bticeff_01F54180,bticeff.c,reached,generated
0x01F541C8,bticeff_01F541C8,bticeff.c,reached,generated
0x01F54208,btsubtex_01F54208,btsubtex.c,reached,generated
0x01F54280,btsubtex_01F54280,btsubtex.c,reached,generated
0x01F54318,btsubtex_01F54318,btsubtex.c,reached,generated
0x01F54390,btsubtex_01F54390,btsubtex.c,reached,generated
0x01F54408,btsubtex_01F54408,btsubtex.c,reached,generated
0x01F54480,btsubtex_01F54480,btsubtex.c,reached,generated
0x01F544F8,btsubtex_01F544F8,btsubtex.c,reached,generated
0x01F54578,btsubtex_01F54578,btsubtex.c,reached,generated
0x01F545F0,btsubtex_01F545F0,btsubtex.c,reached,generated
0x01F54660,btsubtex_01F54660,btsubtex.c,reached,generated
0x01F546D8,btsubtex_01F546D8,btsubtex.c,reached,generated
0x01F54748,btsubtex_01F54748,btsubtex.c,reached,generated
0x01F547B8,btsubtex_01F547B8,btsubtex.c,reached,generated
0x01F54840,func_01F54840,,reached,generated
0x01F54888,func_01F54888,,reached,generated
0x01F548B0,func_01F548B0,,reached,generated
0x01F548E0,func_01F548E0,,reached,generated
0x01F54910,func_01F54910,,reached,generated
0x01F54918,func_01F54918,,reached,generated
0x01F54920,func_01F54920,,reached,generated
0x01F54928,func_01F54928,,reached,generated
0x01F54930,func_01F54930,,reached,generated
0x01F54938,func_01F54938,,reached,generated
0x01F54940,func_01F54940,,reached,generated
0x01F54948,func_01F54948,,reached,generated
0x01F54950,func_01F54950,,reached,generated
0x01F54958,func_01F54958,,reached,generated
0x01F54960,func_01F54960,,reached,generated
0x01F54968,func_01F54968,,reached,generated
0x01F54970,func_01F54970,,reached,generated
0x01F54978,func_01F54978,,reached,generated
0x01F54980,func_01F54980,,reached,generated
0x01F549B0,func_01F549B0,,reached,generated
0x01F549B8,func_01F549B8,,reached,generated
0x01F549C0,func_01F549C0,,reached,generated
0x01F549C8,func_01F549C8,,reached,generated
0x01F549D0,func_01F549D0,,reached,generated
0x01F54A00,func_01F54A00,,reached,generated
0x01F54A28,func_01F54A28,,reached,generated
0x01F54A60,func_01F54A60,,reached,generated
0x01F54A78,func_01F54A78,,reached,generated
0x01F54BA0,func_01F54BA0,,reached,generated
0x01F54BF0,func_01F54BF0,,reached,generated
0x01F54CA8,func_01F54CA8,,reached,generated
0x01F54CD8,func_01F54CD8,,reached,generated
0x01F54D38,func_01F54D38,,reached,generated
0x01F54D60,func_01F54D60,,reached,generated
0x01F54DB8,btsmap_01F54DB8,btsmap.c,reached,generated
0x01F54FF0,btsmap_01F54FF0,btsmap.c,reached,generated
0x01F550C8,btsmap_01F550C8,btsmap.c,reached,generated
0x01F552A0,btsmap_01F552A0,btsmap.c,reached,generated
0x01F553D0,btsmap_01F553D0,btsmap.c,reached,generated
0x01F55400,btsmap_01F55400,btsmap.c,reached,generated
0x01F55430,btsmap_01F55430,btsmap.c,reached,generated
0x01F55440,btsmap_01F55440,btsmap.c,reached,generated
0x01F55450,btsmap_01F55450,btsmap.c,reached,generated
0x01F55488,btsmap_01F55488,btsmap.c,reached,generated
0x01F55498,btsmap_01F55498,btsmap.c,reached,generated
0x01F554A8,btsmap_01F554A8,btsmap.c,reached,generated
0x01F555B8,btsmap_01F555B8,btsmap.c,reached,generated
0x01F55620,btsmap_01F55620,btsmap.c,reached,generated
0x01F55678,btsmap_01F55678,btsmap.c,reached,generated
0x01F55700,btsmap_01F55700,btsmap.c,reached,generated
0x01F55788,btsmap_01F55788,btsmap.c,reached,generated
0x01F55968,btsmap_01F55968,btsmap.c,reached,generated
0x01F55B50,btsmap_01F55B50,btsmap.c,reached,generated
0x01F55BB8,btsmap_01F55BB8,btsmap.c,reached,generated
0x01F55BC0,btsmap_01F55BC0,btsmap.c,reached,generated
0x01F55BE8,btsmap_01F55BE8,btsmap.c,reached,generated
0x01F55C00,btsmap_01F55C00,btsmap.c,reached,generated
0x01F55C58,btsmap_01F55C58,btsmap.c,reached,generated
0x01F55C80,btsmap_01F55C80,btsmap.c,reached,generated
0x01F55DA0,btsmap_01F55DA0,btsmap.c,reached,generated
0x01F55E20,btsmap_01F55E20,btsmap.c,reached,generated
0x01F55E58,btsmap_01F55E58,btsmap.c,reached,generated
0x01F55E70,btsmap_01F55E70,btsmap.c,reached,generated
0x01F55E88,btsmap_01F55E88,btsmap.c,reached,generated
0x01F55ED0,btsmap_01F55ED0,btsmap.c,reached,generated
0x01F55EE8,btsmap_01F55EE8,btsmap.c,reached,generated
0x01F55F28,btsmap_01F55F28,btsmap.c,reached,generated
0x01F55F50,btsmap_01F55F50,btsmap.c,reached,generated
0x01F55F78,btsmap_01F55F78,btsmap.c,reached,generated
0x01F55F98,btsmap_01F55F98,btsmap.c,reached,generated
0x01F55FE8,btsmap_01F55FE8,btsmap.c,reached,generated
0x01F56000,btsmap_01F56000,btsmap.c,reached,generated
0x01F56060,btsmap_01F56060,btsmap.c,unreferenced,generated
0x01F56078,btsmap_01F56078,btsmap.c,unreferenced,generated
0x01F56090,btsmap_01F56090,btsmap.c,reached,generated
0x01F560E0,btsmap_01F560E0,btsmap.c,reached,generated
0x01F56138,btsmap_01F56138,btsmap.c,unreferenced,generated
0x01F56168,btsmap_01F56168,btsmap.c,reached,generated
0x01F56178,btsmap_01F56178,btsmap.c,reached,generated
0x01F56188,btsmap_01F56188,btsmap.c,reached,generated
0x01F56198,btsmap_01F56198,btsmap.c,reached,generated
0x01F561A8,btsmap_01F561A8,btsmap.c,reached,generated
0x01F561B8,btname_01F561B8,btname.c,reached,generated
0x01F56250,btname_01F56250,btname.c,unreferenced,generated
0x01F562D8,btname_01F562D8,btname.c,unreferenced,generated
0x01F56378,btname_01F56378,btname.c,reached,generated
0x01F56410,btname_01F56410,btname.c,reached,generated
0x01F56448,Positron_S,btname.c,reached,prose_label
0x01F56480,Impact_Bolt,btname.c,reached,prose_label
0x01F56540,YELLOW,btname.c,reached,prose_label
0x01F565B8,btname_01F565B8,btname.c,unreferenced,generated
0x01F56610,btname_01F56610,btname.c,reached,generated
0x01F566B0,btname_01F566B0,btname.c,reached,generated
0x01F567B8,No_Mode,btname.c,reached,prose_label
0x01F567F0,Rom_Com,btname.c,reached,prose_label
0x01F56800,Mysterious,btname.c,reached,prose_label
0x01F56810,btname_01F56810,btname.c,reached,generated
0x01F56820,School,btname.c,reached,prose_label
0x01F56830,Family,btname.c,reached,prose_label
0x01F56840,Downcast,btname.c,reached,prose_label
0x01F56850,Dig_Up_Character,btname.c,reached,prose_label
0x01F56860,Liven_Up,btname.c,reached,prose_label
0x01F56870,Psych_scene,btname.c,reached,prose_label
0x01F56880,Force_End,btname.c,reached,prose_label
0x01F56890,btname_01F56890,btname.c,unreferenced,generated
0x01F56898,btname_01F56898,btname.c,reached,generated
0x01F568D0,btname_01F568D0,btname.c,reached,generated
0x01F56908,OutOfIntercept,btname.c,reached,prose_label
0x01F56918,IntoIntercept,btname.c,reached,prose_label
0x01F56928,IntoSight,btname.c,reached,prose_label
0x01F56938,IntoLongRange,btname.c,reached,prose_label
0x01F56948,IntoShortRange,btname.c,reached,prose_label
0x01F56958,btname_01F56958,btname.c,unreferenced,generated
0x01F56960,btname_01F56960,btname.c,reached,generated
0x01F56998,Escape,btname.c,reached,prose_label
0x01F569A8,btname_01F569A8,btname.c,reached,generated
0x01F569B8,btname_01F569B8,btname.c,reached,generated
0x01F569C8,AwayShoot,btname.c,reached,prose_label
0x01F569D8,btname_01F569D8,btname.c,reached,generated
0x01F569E8,btname_01F569E8,btname.c,reached,generated
0x01F569F8,btname_01F569F8,btname.c,unreferenced,generated
0x01F56A00,btname_01F56A00,btname.c,reached,generated
0x01F56A38,btname_01F56A38,btname.c,reached,generated
0x01F56A48,Weapon,btname.c,reached,prose_label
0x01F56A58,Attack,btname.c,reached,prose_label
0x01F56A68,btname_01F56A68,btname.c,reached,generated
0x01F56A78,btname_01F56A78,btname.c,unreferenced,generated
0x01F56A80,btname_01F56A80,btname.c,reached,generated
0x01F56AE8,btname_01F56AE8,btname.c,reached,generated
0x01F56B60,btname_01F56B60,btname.c,unreferenced,generated
0x01F56B98,DAY_OVER,btname.c,reached,prose_label
0x01F56BA8,BATTLE_BEGIN,btname.c,reached,prose_label
0x01F56BB8,BATTLE_RESUME,btname.c,reached,prose_label
0x01F56BC8,BATTLE_END,btname.c,reached,prose_label
0x01F56BD8,BATTLE_SCROLL,btname.c,reached,prose_label
0x01F56BE8,BATTLE_SIMULATION1,btname.c,reached,prose_label
0x01F56BF8,BATTLE_SIMULATION1_SC,btname.c,reached,prose_label
0x01F56C08,BATTLE_LONGINUS_USED,btname.c,reached,prose_label
0x01F56C18,BATTLE_LONGINUS_UNUSED,btname.c,reached,prose_label
0x01F56C28,BATTLE_DUMMY_USED,btname.c,reached,prose_label
0x01F56C38,BATTLE_DUMMY_UNUSED,btname.c,reached,prose_label
0x01F56C48,btname_01F56C48,btname.c,reached,generated
0x01F56C58,FLY_ME_TO_THE_MOON,btname.c,reached,prose_label
0x01F56C68,DESTROY_YROUL,btname.c,reached,prose_label
0x01F56C78,btname_01F56C78,btname.c,unreferenced,generated
0x01F56C80,btname_01F56C80,btname.c,reached,generated
0x01F56D10,btname_01F56D10,btname.c,reached,generated
0x01F56DE8,btname_01F56DE8,btname.c,reached,generated
0x01F56E20,btname_01F56E20,btname.c,reached,generated
0x01F56E50,Course,btname.c,reached,prose_label
0x01F56E60,Battle5,btname.c,reached,prose_label
0x01F56E70,Battle4,btname.c,reached,prose_label
0x01F56E80,Battle3,btname.c,reached,prose_label
0x01F56E90,Battle2,btname.c,reached,prose_label
0x01F56EA0,Battle1,btname.c,reached,prose_label
0x01F56EB0,battle0,btname.c,reached,prose_label
0x01F56EC0,btname_01F56EC0,btname.c,reached,generated
0x01F56F18,btname_01F56F18,btname.c,unreferenced,generated
0x01F56FA0,func_01F56FA0,,reached,generated
0x01F56FE8,func_01F56FE8,,reached,generated
0x01F57000,func_01F57000,,reached,generated
0x01F57040,func_01F57040,,reached,generated
0x01F57068,btchara_01F57068,btchara.c,unreferenced,generated
0x01F570B8,btchara_01F570B8,btchara.c,reached,generated
0x01F57100,btchara_01F57100,btchara.c,reached,generated
0x01F57110,btchara_01F57110,btchara.c,reached,generated
0x01F57150,btchara_01F57150,btchara.c,reached,generated
0x01F571A0,btchara_01F571A0,btchara.c,reached,generated
0x01F571F8,btchara_01F571F8,btchara.c,reached,generated
0x01F57228,btchara_01F57228,btchara.c,reached,generated
0x01F57250,btchara_01F57250,btchara.c,reached,generated
0x01F57260,btchara_01F57260,btchara.c,reached,generated
0x01F57298,btchara_01F57298,btchara.c,reached,generated
0x01F572C8,btchara_01F572C8,btchara.c,reached,generated
0x01F57310,btCharaReturnFromGiveUp,btchara.c,reached,trace_string
0x01F57378,func_01F57378,,reached,generated
0x01F573A0,func_01F573A0,,reached,generated
0x01F573C0,func_01F573C0,,reached,generated
0x01F57458,func_01F57458,,reached,generated
0x01F57518,func_01F57518,,reached,generated
0x01F57538,func_01F57538,,reached,generated
0x01F57558,func_01F57558,,reached,generated
0x01F575F8,func_01F575F8,,reached,generated
0x01F576D0,btprim_01F576D0,btprim.c,reached,generated
0x01F57818,btprim_01F57818,btprim.c,reached,generated
0x01F57990,btprim_01F57990,btprim.c,reached,generated
0x01F57AA0,btprim_01F57AA0,btprim.c,reached,generated
0x01F57BC0,btprim_01F57BC0,btprim.c,reached,generated
0x01F57C38,Flat_Ellipse,btprim.c,reached,menu_label
0x01F57CC8,Flat_Sector,btprim.c,reached,menu_label
0x01F57D58,Flat_Circle,btprim.c,reached,menu_label
0x01F57DE8,Gouraud_Ring,btprim.c,reached,menu_label
0x01F57E80,btprim_01F57E80,btprim.c,reached,generated
0x01F57ED0,btprim_01F57ED0,btprim.c,reached,generated
0x01F58270,btprim_01F58270,btprim.c,unreferenced,generated
0x01F58290,btprim_01F58290,btprim.c,unreferenced,generated
0x01F582C8,btprim_01F582C8,btprim.c,reached,generated
0x01F582F0,btprim_01F582F0,btprim.c,reached,generated
0x01F58380,btprim_01F58380,btprim.c,reached,generated
0x01F58438,btprim_01F58438,btprim.c,reached,generated
0x01F58510,btprim_01F58510,btprim.c,reached,generated
0x01F58540,btprim_01F58540,btprim.c,reached,generated
0x01F58548,btprim_01F58548,btprim.c,reached,generated
0x01F58550,btprim_01F58550,btprim.c,reached,generated
0x01F58558,btprim_01F58558,btprim.c,reached,generated
0x01F58560,btprim_01F58560,btprim.c,reached,generated
0x01F58568,btprim_01F58568,btprim.c,reached,generated
0x01F585A8,btprim_01F585A8,btprim.c,reached,generated
0x01F585D0,btImTextLoad,btprim.c,reached,trace_string
0x01F58650,btprim_01F58650,btprim.c,reached,generated
0x01F586A8,btImTextGet,btprim.c,reached,trace_string
0x01F58770,btprim_01F58770,btprim.c,reached,generated
0x01F58840,btprim_01F58840,btprim.c,reached,generated
0x01F58858,btprim_01F58858,btprim.c,reached,generated
0x01F58870,btprim_01F58870,btprim.c,reached,generated
0x01F588A8,btprim_01F588A8,btprim.c,reached,generated
0x01F58910,btprim_01F58910,btprim.c,reached,generated
0x01F58968,btprim_01F58968,btprim.c,reached,generated
0x01F589A0,btprim_01F589A0,btprim.c,reached,generated
0x01F589B8,btprim_01F589B8,btprim.c,reached,generated
0x01F589D0,btprim_01F589D0,btprim.c,reached,generated
0x01F589F0,btprim_01F589F0,btprim.c,reached,generated
0x01F58A10,btprim_01F58A10,btprim.c,reached,generated
0x01F58A30,btprim_01F58A30,btprim.c,reached,generated
0x01F58A50,btprim_01F58A50,btprim.c,reached,generated
0x01F58A78,btprim_01F58A78,btprim.c,reached,generated
0x01F58A90,btprim_01F58A90,btprim.c,reached,generated
0x01F58AD0,btprim_01F58AD0,btprim.c,reached,generated
0x01F58B18,btprim_01F58B18,btprim.c,reached,generated
0x01F58B38,btprim_01F58B38,btprim.c,reached,generated
0x01F58B60,btprim_01F58B60,btprim.c,reached,generated
0x01F58BF8,btprim_01F58BF8,btprim.c,reached,generated
0x01F58C90,btprim_01F58C90,btprim.c,unreferenced,generated
0x01F58D28,btprim_01F58D28,btprim.c,reached,generated
0x01F58DC0,btprim_01F58DC0,btprim.c,reached,generated
0x01F58E38,btprim_01F58E38,btprim.c,reached,generated
0x01F58EC0,btprim_01F58EC0,btprim.c,reached,generated
0x01F58F28,btprim_01F58F28,btprim.c,reached,generated
0x01F58F68,btprim_01F58F68,btprim.c,reached,generated
0x01F59020,btprim_01F59020,btprim.c,reached,generated
0x01F590B0,btprim_01F590B0,btprim.c,reached,generated
0x01F590D0,btprim_01F590D0,btprim.c,reached,generated
0x01F590F0,btprim_01F590F0,btprim.c,reached,generated
0x01F59180,btprim_01F59180,btprim.c,reached,generated
0x01F591B0,btprim_01F591B0,btprim.c,reached,generated
0x01F59200,btprim_01F59200,btprim.c,reached,generated
0x01F59258,btprim_01F59258,btprim.c,reached,generated
0x01F592F0,btprim_01F592F0,btprim.c,reached,generated
0x01F59368,btprim_01F59368,btprim.c,reached,generated
0x01F593A0,btprim_01F593A0,btprim.c,reached,generated
0x01F59418,btprim_01F59418,btprim.c,reached,generated
0x01F59478,btprim_01F59478,btprim.c,unreferenced,generated
0x01F59510,btprim_01F59510,btprim.c,reached,generated
0x01F59578,btprim_01F59578,btprim.c,reached,generated
0x01F595C0,btprim_01F595C0,btprim.c,reached,generated
0x01F59600,btprim_01F59600,btprim.c,reached,generated
0x01F598C0,btprim_01F598C0,btprim.c,reached,generated
0x01F59950,AT_change,btprim.c,reached,prose_label
0x01F59B00,btkira_01F59B00,btkira.c,reached,generated
0x01F59B70,btkira_01F59B70,btkira.c,reached,generated
0x01F59BE0,btkira_01F59BE0,btkira.c,reached,generated
0x01F59C20,btkira_01F59C20,btkira.c,reached,generated
0x01F59C40,btkira_01F59C40,btkira.c,reached,generated
0x01F59C68,btkira_01F59C68,btkira.c,reached,generated
0x01F59C88,btkira_01F59C88,btkira.c,reached,generated
0x01F59D10,btlset_apply,btkira.c,reached,solo_string
0x01F59E68,func_01F59E68,,reached,generated
0x01F59F68,func_01F59F68,,reached,generated
0x01F59FD8,func_01F59FD8,,reached,generated
0x01F5A0A8,func_01F5A0A8,,reached,generated
0x01F5A190,func_01F5A190,,reached,generated
0x01F5A1B0,func_01F5A1B0,,reached,generated
0x01F5A1D8,func_01F5A1D8,,reached,generated
0x01F5A1F8,func_01F5A1F8,,reached,generated
0x01F5A258,func_01F5A258,,reached,generated
0x01F5A468,func_01F5A468,,reached,generated
0x01F5A6E0,func_01F5A6E0,,reached,generated
0x01F5A728,func_01F5A728,,reached,generated
0x01F5A8A8,func_01F5A8A8,,unreferenced,generated
