addr,name,unit,confidence,name_source
0x00100008,_start,,reached,manual
0x001001C8,func_001001C8,,reached,generated
0x001001D8,func_001001D8,,reached,generated
0x00100270,func_00100270,,reached,generated
0x00100310,main,,reached,manual
0x00100410,func_00100410,,unreferenced,generated
0x001004B0,func_001004B0,,reached,generated
0x001004D0,func_001004D0,,reached,generated
0x00100530,func_00100530,,reached,generated
0x001005A8,func_001005A8,,reached,generated
0x00100638,func_00100638,,reached,generated
0x00100658,func_00100658,,reached,generated
0x00100660,func_00100660,,reached,generated
0x001006C8,func_001006C8,,reached,generated
0x001007B0,func_001007B0,,reached,generated
0x001007C8,func_001007C8,,reached,generated
0x001007D0,func_001007D0,,reached,generated
0x00100910,func_00100910,,reached,generated
0x00100990,func_00100990,,reached,generated
0x00100A10,func_00100A10,,reached,generated
0x00100A30,func_00100A30,,reached,generated
0x00100A48,func_00100A48,,reached,generated
0x00100AD0,func_00100AD0,,reached,generated
0x00100C58,func_00100C58,,reached,generated
0x00100CA8,func_00100CA8,,reached,generated
0x00100DC8,func_00100DC8,,reached,generated
0x00100E78,func_00100E78,,reached,generated
0x00100F08,func_00100F08,,unreferenced,generated
0x00100F48,func_00100F48,,reached,generated
0x001011A8,func_001011A8,,reached,generated
0x001013D8,func_001013D8,,reached,generated
0x00101400,func_00101400,,reached,generated
0x00101458,func_00101458,,reached,generated
0x001014A8,func_001014A8,,reached,generated
0x001014C8,func_001014C8,,reached,generated
0x00101600,func_00101600,,reached,generated
0x001016D8,func_001016D8,,reached,generated
0x00101720,func_00101720,,reached,generated
0x00101748,func_00101748,,reached,generated
0x001017E0,func_001017E0,,reached,generated
0x001018C0,func_001018C0,,reached,generated
0x001018C8,func_001018C8,,reached,generated
0x00101AC8,func_00101AC8,,reached,generated
0x00101B28,event_test_dummy_init,,reached,prose_label
0x00101B80,func_00101B80,,reached,generated
0x00101B90,func_00101B90,,reached,generated
0x00101BD0,func_00101BD0,,reached,generated
0x00101C18,func_00101C18,,reached,generated
0x00101C98,func_00101C98,,reached,generated
0x00101DD0,func_00101DD0,,reached,generated
0x00102040,func_00102040,,reached,generated
0x001020A0,func_001020A0,,reached,generated
0x001021C0,func_001021C0,,reached,generated
0x00102290,func_00102290,,reached,generated
0x00102338,func_00102338,,reached,generated
0x00102468,func_00102468,,reached,generated
0x001026C8,func_001026C8,,reached,generated
0x00102B80,func_00102B80,,reached,generated
0x00102E48,func_00102E48,,reached,generated
0x00102FF0,func_00102FF0,,reached,generated
0x00103420,func_00103420,,reached,generated
0x00103460,dummyNonagTest,,reached,manual
0x00103880,func_00103880,,reached,generated
0x00103888,dummyBattleSyncTest,,reached,manual
0x00103CE8,dummyStartTest,,reached,prose_label
0x00103F48,func_00103F48,,reached,generated
0x00104008,func_00104008,,reached,generated
0x00104050,func_00104050,,reached,generated
0x00104178,TestKanoh,,reached,prose_label
0x00104388,func_00104388,,reached,generated
0x00104720,func_00104720,,reached,generated
0x00104760,func_00104760,,unreferenced,generated
0x00104890,func_00104890,,reached,generated
0x001049A0,func_001049A0,,unreferenced,generated
0x00104B30,kanoh_00104B30,kanoh.c,reached,generated
0x00104E18,TestKanohTabris,kanoh.c,reached,prose_label
0x00104EB8,kanoh_00104EB8,kanoh.c,unreferenced,generated
0x00104F80,kanoh_00104F80,kanoh.c,reached,generated
0x00105010,debug_00105010,debug.c,reached,generated
0x00105160,dbgVPrintf,debug.c,reached,manual
0x001051D0,assertFail,debug.c,reached,manual
0x001052A8,assertHalt,debug.c,reached,manual
0x001052B0,debug_001052B0,debug.c,unreferenced,generated
0x001052B8,debug_001052B8,debug.c,unreferenced,generated
0x001052C0,debug_001052C0,debug.c,unreferenced,generated
0x001052C8,debug_001052C8,debug.c,reached,generated
0x00105378,debug_00105378,debug.c,reached,generated
0x001053B0,debug_001053B0,debug.c,reached,generated
0x001055A0,debug_001055A0,debug.c,reached,generated
0x00105678,debug_00105678,debug.c,unreferenced,generated
0x00105758,debug_00105758,debug.c,unreferenced,generated
0x00105790,func_00105790,,reached,generated
0x00105850,func_00105850,,reached,generated
0x00105868,func_00105868,,reached,generated
0x00105930,func_00105930,,reached,generated
0x00105C28,func_00105C28,,reached,generated
0x00105CA0,PaddataRead,pad.c,reached,solo_string
0x001060C0,pad_001060C0,pad.c,reached,generated
0x001061E8,pad_001061E8,pad.c,reached,generated
0x00106268,pad_00106268,pad.c,reached,generated
0x00106330,pad_00106330,pad.c,unreferenced,generated
0x001063E8,pad_001063E8,pad.c,reached,generated
0x001063F8,pad_001063F8,pad.c,reached,generated
0x00106408,pad_00106408,pad.c,reached,generated
0x00106418,pad_00106418,pad.c,reached,generated
0x00106440,PadActSet,pad.c,reached,solo_string
0x00106618,pad_00106618,pad.c,reached,generated
0x00106780,pad_00106780,pad.c,reached,generated
0x00106818,pad_00106818,pad.c,reached,generated
0x001068C0,pad_001068C0,pad.c,reached,generated
0x00106950,gameMainLoop,pad.c,reached,manual
0x00106BD0,pad_00106BD0,pad.c,unreferenced,generated
0x00106BE0,pad_00106BE0,pad.c,unreferenced,generated
0x00106BF0,pad_00106BF0,pad.c,unreferenced,generated
0x00106C00,pad_00106C00,pad.c,unreferenced,generated
0x00106C10,pad_00106C10,pad.c,reached,generated
0x00106D80,pad_00106D80,pad.c,reached,generated
0x00106DA8,cdGetMediaType,pad.c,reached,manual
0x00106E28,cdInit,pad.c,reached,manual
0x00106E90,pad_00106E90,pad.c,unreferenced,generated
0x00106EA0,pad_00106EA0,pad.c,reached,generated
0x00106EB8,pad_00106EB8,pad.c,reached,generated
0x00106EC0,pad_00106EC0,pad.c,reached,generated
0x00106F68,pad_00106F68,pad.c,reached,generated
0x00106FD0,pad_00106FD0,pad.c,reached,generated
0x00106FE0,pad_00106FE0,pad.c,reached,generated
0x00106FF0,pad_00106FF0,pad.c,reached,generated
0x00107038,pad_00107038,pad.c,unreferenced,generated
0x00107070,pad_00107070,pad.c,reached,generated
0x001070C8,pad_001070C8,pad.c,reached,generated
0x001070F0,pad_001070F0,pad.c,reached,generated
0x00107188,pad_00107188,pad.c,reached,generated
0x001071B0,pad_001071B0,pad.c,reached,generated
0x001072B0,pad_001072B0,pad.c,reached,generated
0x00107300,pad_00107300,pad.c,reached,generated
0x001073F8,pad_001073F8,pad.c,reached,generated
0x00107488,pad_00107488,pad.c,reached,generated
0x001074F0,cdfile_001074F0,cdfile.c,reached,generated
0x00107570,cdfile_00107570,cdfile.c,reached,generated
0x00107578,cdfile_00107578,cdfile.c,reached,generated
0x001075B8,cdfile_001075B8,cdfile.c,reached,generated
0x00107680,cdfile_00107680,cdfile.c,reached,generated
0x00107760,cdfile_00107760,cdfile.c,reached,generated
0x00107920,cdfileReadStart,cdfile.c,reached,trace_string
0x00107A18,cdfile_00107A18,cdfile.c,reached,generated
0x00107A30,cdfile_00107A30,cdfile.c,reached,generated
0x00107CA0,cdfile_00107CA0,cdfile.c,reached,generated
0x00107D08,func_00107D08,,reached,generated
0x00107D30,cddir_00107D30,cddir.c,reached,generated
0x00107D88,CD_MakeFileTable,cddir.c,reached,trace_string
0x00107FA0,cddir_00107FA0,cddir.c,reached,generated
0x00108228,cddir_00108228,cddir.c,reached,generated
0x00108448,sceCdSearchFile,cddir.c,reached,trace_string
0x00108500,cddir_00108500,cddir.c,reached,generated
0x00108588,cddir_00108588,cddir.c,reached,generated
0x001085D0,CD_Test,cddir.c,unreferenced,trace_string
0x001087F0,pcfile_001087F0,pcfile.c,reached,generated
0x00108838,func_00108838,pcfile.c,reached,generated
0x00108840,pcfile_00108840,pcfile.c,reached,generated
0x001088D0,pcfileLoad,pcfile.c,reached,trace_string
0x00108B28,pcfile_00108B28,pcfile.c,reached,generated
0x00108BF0,pcfile_00108BF0,pcfile.c,reached,generated
0x00108C08,sceClose,pcfile.c,reached,trace_string
0x00108DB0,func_00108DB0,,reached,generated
0x00108DD0,func_00108DD0,,reached,generated
0x00108E08,func_00108E08,,reached,generated
0x00108E58,hig_00108E58,hig.c,reached,generated
0x001090A8,hig_001090A8,hig.c,reached,generated
0x001090D0,hig_001090D0,hig.c,reached,generated
0x001090F8,hig_001090F8,hig.c,reached,generated
0x00109118,hig_00109118,hig.c,reached,generated
0x00109130,hig_00109130,hig.c,reached,generated
0x00109148,hig_00109148,hig.c,reached,generated
0x00109168,hig_00109168,hig.c,reached,generated
0x00109170,hig_00109170,hig.c,reached,generated
0x00109178,hig_00109178,hig.c,reached,generated
0x00109198,hig_00109198,hig.c,unreferenced,generated
0x001091B8,hig_001091B8,hig.c,unreferenced,generated
0x001091E0,hig_001091E0,hig.c,unreferenced,generated
0x00109200,func_00109200,,reached,generated
0x00109258,func_00109258,,reached,generated
0x00109278,func_00109278,,reached,generated
0x001092B8,func_001092B8,,reached,generated
0x00109330,func_00109330,,reached,generated
0x001093E0,func_001093E0,,reached,generated
0x00109430,func_00109430,,reached,generated
0x00109450,func_00109450,,unreferenced,generated
0x00109490,func_00109490,,reached,generated
0x00109568,higdma_00109568,higdma.c,unreferenced,generated
0x001095A8,func_001095A8,,reached,generated
0x00109698,func_00109698,,reached,generated
0x00109788,func_00109788,,unreferenced,generated
0x001097F0,func_001097F0,,reached,generated
0x001098F8,func_001098F8,,reached,generated
0x001099D8,func_001099D8,,reached,generated
0x00109AA8,func_00109AA8,,unreferenced,generated
0x00109B78,func_00109B78,,unreferenced,generated
0x00109C48,func_00109C48,,unreferenced,generated
0x00109D48,func_00109D48,,unreferenced,generated
0x00109D50,func_00109D50,,unreferenced,generated
0x00109D58,func_00109D58,,reached,generated
0x00109DA0,func_00109DA0,,reached,generated
0x00109DA8,func_00109DA8,,reached,generated
0x00109DE8,func_00109DE8,,reached,generated
0x00109E30,func_00109E30,,reached,generated
0x00109E58,func_00109E58,,reached,generated
0x00109EA0,func_00109EA0,,reached,generated
0x00109EE8,func_00109EE8,,reached,generated
0x00109FC0,func_00109FC0,,reached,generated
0x00109FD8,dbbuf_00109FD8,dbbuf.c,reached,generated
0x0010A010,dbbuf_0010A010,dbbuf.c,reached,generated
0x0010A048,dbbuf_0010A048,dbbuf.c,reached,generated
0x0010A068,func_0010A068,dbbuf.c,reached,generated
0x0010A070,dbbuf_0010A070,dbbuf.c,reached,generated
0x0010A0F8,dbbuf_0010A0F8,dbbuf.c,reached,generated
0x0010A180,dbbuf_0010A180,dbbuf.c,reached,generated
0x0010A190,dbbuf_0010A190,dbbuf.c,reached,generated
0x0010A1E0,texture_0010A1E0,texture.c,reached,generated
0x0010A228,texture_0010A228,texture.c,reached,generated
0x0010A280,func_0010A280,texture.c,reached,generated
0x0010A288,TextureMan,texture.c,reached,solo_string
0x0010A500,texture_0010A500,texture.c,reached,generated
0x0010A518,texture_0010A518,texture.c,reached,generated
0x0010A528,texture_0010A528,texture.c,reached,generated
0x0010A5A8,texture_0010A5A8,texture.c,reached,generated
0x0010A600,texture_0010A600,texture.c,reached,generated
0x0010A628,strncmp,texture.c,reached,trace_string
0x0010AC90,texture_0010AC90,texture.c,reached,generated
0x0010AE20,texture_0010AE20,texture.c,reached,generated
0x0010AEC8,texture_0010AEC8,texture.c,reached,generated
0x0010B040,texture_0010B040,texture.c,reached,generated
0x0010B150,texture_0010B150,texture.c,reached,generated
0x0010B1F8,texture_0010B1F8,texture.c,reached,generated
0x0010B420,texture_0010B420,texture.c,reached,generated
0x0010B458,texture_0010B458,texture.c,reached,generated
0x0010B4A0,texture_0010B4A0,texture.c,reached,generated
0x0010B508,texture_0010B508,texture.c,reached,generated
0x0010B5B8,texture_0010B5B8,texture.c,reached,generated
0x0010B630,texture_0010B630,texture.c,reached,generated
0x0010B698,texture_0010B698,texture.c,reached,generated
0x0010B6A0,texture_0010B6A0,texture.c,reached,generated
0x0010B8B0,texture_0010B8B0,texture.c,reached,generated
0x0010B910,Texinfo,texture.c,reached,trace_string
0x0010B990,texture_0010B990,texture.c,reached,generated
0x0010BA90,texture_0010BA90,texture.c,unreferenced,generated
0x0010BB80,texture_0010BB80,texture.c,unreferenced,generated
0x0010BC38,texture_0010BC38,texture.c,unreferenced,generated
0x0010BC68,texture_0010BC68,texture.c,reached,generated
0x0010BE70,texture_0010BE70,texture.c,reached,generated
0x0010C010,texture_0010C010,texture.c,reached,generated
0x0010C208,texture_0010C208,texture.c,reached,generated
0x0010C2E0,gsmem_0010C2E0,gsmem.c,reached,generated
0x0010C360,gsmem_0010C360,gsmem.c,reached,generated
0x0010C390,gsmem_0010C390,gsmem.c,reached,generated
0x0010C3C8,GsMemAlloc,gsmem.c,reached,trace_string
0x0010C4F8,gsmem_0010C4F8,gsmem.c,reached,generated
0x0010C5B8,gsmem_0010C5B8,gsmem.c,reached,generated
0x0010C688,gsmem_0010C688,gsmem.c,reached,generated
0x0010C720,gsmem_0010C720,gsmem.c,reached,generated
0x0010C780,gsmem_0010C780,gsmem.c,reached,generated
0x0010C828,gsbuf_0010C828,gsbuf.c,reached,generated
0x0010C868,func_0010C868,gsbuf.c,reached,generated
0x0010C870,gsbuf_0010C870,gsbuf.c,reached,generated
0x0010C8C8,gsbuf_0010C8C8,gsbuf.c,reached,generated
0x0010CC00,rand_below,,reached,manual
0x0010CC48,misc_0010CC48,misc.c,reached,generated
0x0010CD80,func_0010CD80,misc.c,unreferenced,generated
0x0010CDD0,misc_0010CDD0,misc.c,unreferenced,generated
0x0010CEB8,func_0010CEB8,,unreferenced,generated
0x0010CF20,func_0010CF20,,unreferenced,generated
0x0010CF78,func_0010CF78,,reached,generated
0x0010CFE0,sound_0010CFE0,sound.c,reached,generated
0x0010D068,func_0010D068,sound.c,reached,generated
0x0010D0A8,func_0010D0A8,sound.c,reached,generated
0x0010D118,sound_0010D118,sound.c,reached,generated
0x0010D250,sound_0010D250,sound.c,reached,generated
0x0010D268,SoundStereoSet,sound.c,reached,trace_string
0x0010D2F0,sound_0010D2F0,sound.c,reached,generated
0x0010D438,sound_0010D438,sound.c,reached,generated
0x0010D638,sound_0010D638,sound.c,reached,generated
0x0010D668,sound_0010D668,sound.c,reached,generated
0x0010D928,UnzipToSpu,sound.c,reached,trace_string
0x0010DB48,UnzipToIop,sound.c,reached,trace_string
0x0010DCA8,sound_0010DCA8,sound.c,reached,generated
0x0010DDD0,sound_0010DDD0,sound.c,reached,generated
0x0010DEC0,sound_0010DEC0,sound.c,reached,generated
0x0010E530,sound_0010E530,sound.c,reached,generated
0x0010E5C0,sound_0010E5C0,sound.c,reached,generated
0x0010E5E0,sound_0010E5E0,sound.c,reached,generated
0x0010E650,sound_0010E650,sound.c,reached,generated
0x0010E6E0,sound_0010E6E0,sound.c,reached,generated
0x0010E778,sound_0010E778,sound.c,reached,generated
0x0010E7D0,sound_0010E7D0,sound.c,unreferenced,generated
0x0010E818,sound_0010E818,sound.c,reached,generated
0x0010E860,sound_0010E860,sound.c,reached,generated
0x0010E8B8,sound_0010E8B8,sound.c,reached,generated
0x0010E910,sound_0010E910,sound.c,reached,generated
0x0010E958,sound_0010E958,sound.c,reached,generated
0x0010E9C0,sound_0010E9C0,sound.c,reached,generated
0x0010EA18,sound_0010EA18,sound.c,reached,generated
0x0010EA38,sound_0010EA38,sound.c,reached,generated
0x0010EAC0,sound_0010EAC0,sound.c,reached,generated
0x0010EB48,sound_0010EB48,sound.c,reached,generated
0x0010EBB0,sound_0010EBB0,sound.c,reached,generated
0x0010EC28,sound_0010EC28,sound.c,reached,generated
0x0010EC90,sound_0010EC90,sound.c,reached,generated
0x0010ECD8,sound_0010ECD8,sound.c,reached,generated
0x0010ED30,sound_0010ED30,sound.c,reached,generated
0x0010ED88,sound_0010ED88,sound.c,reached,generated
0x0010EDD0,sound_0010EDD0,sound.c,reached,generated
0x0010EE28,sound_0010EE28,sound.c,unreferenced,generated
0x0010EE70,sound_0010EE70,sound.c,reached,generated
0x0010EEB8,sound_0010EEB8,sound.c,reached,generated
0x0010EEF0,sound_0010EEF0,sound.c,reached,generated
0x0010EF68,sound_0010EF68,sound.c,unreferenced,generated
0x0010EF78,sound_0010EF78,sound.c,unreferenced,generated
0x0010EFD8,sound_0010EFD8,sound.c,unreferenced,generated
0x0010F070,sound_0010F070,sound.c,reached,generated
0x0010F210,sound_0010F210,sound.c,reached,generated
0x0010F278,sound_0010F278,sound.c,reached,generated
0x0010F448,sound_0010F448,sound.c,reached,generated
0x0010F520,sound_0010F520,sound.c,reached,generated
0x0010F570,sound_0010F570,sound.c,reached,generated
0x0010F5A8,sound_0010F5A8,sound.c,reached,generated
0x0010F5E0,sound_0010F5E0,sound.c,reached,generated
0x0010F618,sound_0010F618,sound.c,reached,generated
0x0010F650,sound_0010F650,sound.c,reached,generated
0x0010F688,sound_0010F688,sound.c,reached,generated
0x0010F6C0,sound_0010F6C0,sound.c,reached,generated
0x0010F778,sound_0010F778,sound.c,reached,generated
0x0010F818,SeLoad,soundse.c,reached,trace_string
0x0010F9E8,soundse_0010F9E8,soundse.c,reached,generated
0x0010FA30,soundse_0010FA30,soundse.c,reached,generated
0x0010FA88,soundse_0010FA88,soundse.c,reached,generated
0x0010FA98,soundse_0010FA98,soundse.c,reached,generated
0x0010FB30,soundse_0010FB30,soundse.c,reached,generated
0x0010FB98,soundse_0010FB98,soundse.c,reached,generated
0x0010FBB0,soundse_0010FBB0,soundse.c,reached,generated
0x0010FCE8,SePlaySESQ,soundse.c,reached,trace_string
0x0010FEE0,soundse_0010FEE0,soundse.c,reached,generated
0x00110068,soundse_00110068,soundse.c,reached,generated
0x001100E8,soundse_001100E8,soundse.c,reached,generated
0x00110120,soundse_00110120,soundse.c,reached,generated
0x001101D0,soundse_001101D0,soundse.c,reached,generated
0x001102D8,soundse_001102D8,soundse.c,reached,generated
0x00110320,soundse_00110320,soundse.c,unreferenced,generated
0x00110410,soundse_00110410,soundse.c,unreferenced,generated
0x00110478,soundse_00110478,soundse.c,unreferenced,generated
0x00110488,soundse_00110488,soundse.c,reached,generated
0x00110500,soundse_00110500,soundse.c,reached,generated
0x00110528,soundse_00110528,soundse.c,reached,generated
0x001105C0,soundse_001105C0,soundse.c,reached,generated
0x00110600,soundse_00110600,soundse.c,reached,generated
0x00110708,soundse_00110708,soundse.c,reached,generated
0x00110780,soundse_00110780,soundse.c,reached,generated
0x00110848,soundbgm_00110848,soundbgm.c,reached,generated
0x001108E8,soundbgm_001108E8,soundbgm.c,reached,generated
0x001109B0,soundbgm_001109B0,soundbgm.c,reached,generated
0x00110A30,soundbgm_00110A30,soundbgm.c,reached,generated
0x00110A88,soundbgm_00110A88,soundbgm.c,reached,generated
0x00110AC8,soundbgm_00110AC8,soundbgm.c,reached,generated
0x00110B78,soundbgm_00110B78,soundbgm.c,reached,generated
0x00110B90,soundbgm_00110B90,soundbgm.c,reached,generated
0x00110C38,soundbgm_00110C38,soundbgm.c,reached,generated
0x00110CB8,soundbgm_00110CB8,soundbgm.c,unreferenced,generated
0x00110CF8,soundbgm_00110CF8,soundbgm.c,reached,generated
0x00110D08,SoundStrInit,soundbgm.c,reached,trace_string
0x00110D48,SoundStrExit,soundbgm.c,reached,trace_string
0x00110D80,soundbgm_00110D80,soundbgm.c,unreferenced,generated
0x00110E90,soundbgm_00110E90,soundbgm.c,reached,generated
0x00110F20,soundbgm_00110F20,soundbgm.c,reached,generated
0x00110F98,soundbgm_00110F98,soundbgm.c,reached,generated
0x00110FF0,func_00110FF0,,reached,generated
0x001110D0,soundstr_001110D0,soundstr.c,reached,generated
0x00111290,func_00111290,,reached,generated
0x001112F8,func_001112F8,,reached,generated
0x00111368,func_00111368,,reached,generated
0x001113A8,func_001113A8,,reached,generated
0x001113B0,func_001113B0,,reached,generated
0x00111438,func_00111438,,reached,generated
0x00111488,func_00111488,,reached,generated
0x001115B0,func_001115B0,,reached,generated
0x00111620,func_00111620,,reached,generated
0x00111660,func_00111660,,reached,generated
0x00111690,func_00111690,,unreferenced,generated
0x00111698,func_00111698,,reached,generated
0x00111740,func_00111740,,reached,generated
0x00111878,func_00111878,,reached,generated
0x001119B0,func_001119B0,,reached,generated
0x00111AD0,func_00111AD0,,reached,generated
0x00111B08,func_00111B08,,reached,generated
0x00111B20,func_00111B20,,reached,generated
0x00111B38,func_00111B38,,reached,generated
0x00111B50,func_00111B50,,unreferenced,generated
0x00111B68,hhcamera_get_view,,reached,manual
0x00111B80,hhcamera_00111B80,../hahig/hhcamera.c,unreferenced,generated
0x00111C28,hhcamera_00111C28,../hahig/hhcamera.c,reached,generated
0x00111D38,hhcamera_00111D38,../hahig/hhcamera.c,reached,generated
0x00111DC0,hhcamera_set_lookat,../hahig/hhcamera.c,reached,manual
0x00111EE8,hhcamera_apply_angle_limits,../hahig/hhcamera.c,reached,manual
0x001124E0,hhcamera_001124E0,../hahig/hhcamera.c,reached,generated
0x00112558,hhcamera_00112558,../hahig/hhcamera.c,reached,generated
0x001127B8,hhcamera_001127B8,../hahig/hhcamera.c,reached,generated
0x00112820,hhcamera_00112820,../hahig/hhcamera.c,reached,generated
0x00112888,hhcamera_00112888,../hahig/hhcamera.c,reached,generated
0x001128F0,hhcamera_001128F0,../hahig/hhcamera.c,reached,generated
0x00112958,hhcamera_00112958,../hahig/hhcamera.c,reached,generated
0x001129C0,hhcamera_001129C0,../hahig/hhcamera.c,reached,generated
0x00112A28,hhcamera_00112A28,../hahig/hhcamera.c,reached,generated
0x00112B20,hhcamera_00112B20,../hahig/hhcamera.c,reached,generated
0x00112CA8,hhcamera_00112CA8,../hahig/hhcamera.c,unreferenced,generated
0x00112CB8,hhcamera_00112CB8,../hahig/hhcamera.c,reached,generated
0x00112DA0,hhcamera_00112DA0,../hahig/hhcamera.c,reached,generated
0x00112E18,hhcamera_00112E18,../hahig/hhcamera.c,unreferenced,generated
0x00112E20,hhcamera_00112E20,../hahig/hhcamera.c,unreferenced,generated
0x00112E28,hhcamera_00112E28,../hahig/hhcamera.c,unreferenced,generated
0x00112E30,Camera,../hahig/hhcamera.c,reached,prose_label
0x00112E80,hhcamera_00112E80,../hahig/hhcamera.c,reached,generated
0x00112EA0,hhcamera_00112EA0,../hahig/hhcamera.c,reached,generated
0x00112F48,hhcamera_00112F48,../hahig/hhcamera.c,unreferenced,generated
0x00112FF8,hhcamera_00112FF8,../hahig/hhcamera.c,reached,generated
0x00113060,hhCameraRollSet,../hahig/hhcamera.c,reached,recovered
0x00113138,hhCameraRollGet,../hahig/hhcamera.c,unreferenced,recovered
0x00113200,hhcamera_00113200,../hahig/hhcamera.c,reached,generated
0x00113448,hhcamera_00113448,../hahig/hhcamera.c,reached,generated
0x00113480,hhcamera_00113480,../hahig/hhcamera.c,unreferenced,generated
0x00113488,hhcamera_00113488,../hahig/hhcamera.c,unreferenced,generated
0x00113490,dbgfont,../hahig/hhcamera.c,reached,prose_label
0x001135F0,hhcamera_001135F0,../hahig/hhcamera.c,reached,generated
0x00113620,func_00113620,,reached,generated
0x00113630,func_00113630,,unreferenced,generated
0x00113638,func_00113638,,reached,generated
0x00113680,hhDbgPrintBegin,,reached,prose_label
0x001137C8,hhDbgPrintRow,,reached,manual
0x00113818,hhcamera_00113818,../hahig/hhcamera.c,reached,generated
0x00113968,hhcamera_00113968,../hahig/hhcamera.c,reached,generated
0x00113978,func_00113978,,unreferenced,generated
0x001139F0,func_001139F0,,reached,generated
0x001139F8,func_001139F8,,reached,generated
0x00113A60,func_00113A60,,reached,generated
0x00113B58,hhfile_00113B58,../hahig/hhfile.c,reached,generated
0x00113B90,hhfile_00113B90,../hahig/hhfile.c,reached,generated
0x00113BD8,hhfile_00113BD8,../hahig/hhfile.c,reached,generated
0x00113C30,hhfile_00113C30,../hahig/hhfile.c,reached,generated
0x00113CC8,hhfile_00113CC8,../hahig/hhfile.c,reached,generated
0x00113CE0,hhfile_00113CE0,../hahig/hhfile.c,reached,generated
0x00113D08,hhfile_00113D08,../hahig/hhfile.c,reached,generated
0x00113D18,hhfile_00113D18,../hahig/hhfile.c,reached,generated
0x00113D48,hhfile_00113D48,../hahig/hhfile.c,reached,generated
0x00113DC0,hhfile_00113DC0,../hahig/hhfile.c,reached,generated
0x00113E40,hhfile_00113E40,../hahig/hhfile.c,reached,generated
0x00113E98,hhfile_00113E98,../hahig/hhfile.c,reached,generated
0x00113FB0,hhfile_00113FB0,../hahig/hhfile.c,reached,generated
0x00114000,hhfile_00114000,../hahig/hhfile.c,reached,generated
0x00114050,hhfile_00114050,../hahig/hhfile.c,reached,generated
0x00114158,hhfile_00114158,../hahig/hhfile.c,reached,generated
0x001141A8,hhFileSizeGet,../hahig/hhfile.c,reached,recovered
0x00114240,hhFileReadByName,../hahig/hhfile.c,reached,recovered
0x00114338,hhFileReadByID,../hahig/hhfile.c,unreferenced,recovered
0x001143F0,hhfile_001143F0,../hahig/hhfile.c,reached,generated
0x001144C8,hhFileOpenFile,../hahig/hhfile.c,reached,recovered
0x001145E8,hhfile_001145E8,../hahig/hhfile.c,reached,generated
0x00114680,hhfile_00114680,../hahig/hhfile.c,reached,generated
0x00114700,hhfile_00114700,../hahig/hhfile.c,reached,generated
0x001147B0,hhFileLoadByName,../hahig/hhfile.c,reached,recovered
0x00114858,hhFileLoadByID,../hahig/hhfile.c,reached,recovered
0x00114900,hhfile_00114900,../hahig/hhfile.c,reached,generated
0x00114960,hhfile_00114960,../hahig/hhfile.c,unreferenced,generated
0x00114968,hhfile_00114968,../hahig/hhfile.c,reached,generated
0x00114980,hhFileClose,../hahig/hhfile.c,reached,solo_string
0x00114A30,hhfile_00114A30,../hahig/hhfile.c,reached,generated
0x00114AF0,hhfile_00114AF0,../hahig/hhfile.c,reached,generated
0x00114B30,hhFileSeek,../hahig/hhfile.c,reached,recovered
0x00114C30,hhfile_00114C30,../hahig/hhfile.c,reached,generated
0x00114C70,hhFileArchiveLoad,../hahig/hhfile.c,reached,recovered
0x00114EC8,hhFileArchiveSet,../hahig/hhfile.c,reached,recovered
0x00114F88,hhfile_00114F88,../hahig/hhfile.c,reached,generated
0x00115010,hhfile_00115010,../hahig/hhfile.c,reached,generated
0x00115038,hhfile_00115038,../hahig/hhfile.c,unreferenced,generated
0x00115058,hhfile_00115058,../hahig/hhfile.c,reached,generated
0x00115078,hhfile_00115078,../hahig/hhfile.c,reached,generated
0x00115098,hhfile_00115098,../hahig/hhfile.c,unreferenced,generated
0x001150E8,hhfile_001150E8,../hahig/hhfile.c,reached,generated
0x00115100,hhfile_00115100,../hahig/hhfile.c,reached,generated
0x00115188,hhfile_00115188,../hahig/hhfile.c,reached,generated
0x001151E0,hhfile_001151E0,../hahig/hhfile.c,reached,generated
0x00115370,hhfile_00115370,../hahig/hhfile.c,reached,generated
0x00115448,hhFileSearchFILEMEM,../hahig/hhfile.c,reached,recovered
0x00115518,hhfile_00115518,../hahig/hhfile.c,reached,generated
0x00115530,hhFileMemUnlinkChain,../hahig/hhfile.c,reached,recovered
0x00115620,hhFileMemCreate,../hahig/hhfile.c,reached,recovered
0x001156B0,hhfile_001156B0,../hahig/hhfile.c,reached,generated
0x001156D8,hhFileMemLoadMallocByID,../hahig/hhfile.c,reached,recovered
0x00115778,hhFileMemLoadMallocByName,../hahig/hhfile.c,reached,recovered
0x00115818,hhfile_00115818,../hahig/hhfile.c,reached,generated
0x00115848,hhfile_00115848,../hahig/hhfile.c,reached,generated
0x00115858,hhfile_00115858,../hahig/hhfile.c,reached,generated
0x00115860,hhfile_00115860,../hahig/hhfile.c,unreferenced,generated
0x00115940,hhFileMeMOpenByName,../hahig/hhfile.c,unreferenced,recovered
0x00115A18,hhfile_00115A18,../hahig/hhfile.c,reached,generated
0x00115A78,hhfile_00115A78,../hahig/hhfile.c,unreferenced,generated
0x00115AF8,hhfile_00115AF8,../hahig/hhfile.c,unreferenced,generated
0x00115B18,hhfile_00115B18,../hahig/hhfile.c,reached,generated
0x00115B28,hhfile_00115B28,../hahig/hhfile.c,reached,generated
0x00115B70,hhFileArchiveIDGetByName,../hahig/hhfile.c,unreferenced,recovered
0x00115BF8,OpenFileInfo,../hahig/hhfile.c,reached,trace_string
0x00115C88,hhfile_00115C88,../hahig/hhfile.c,reached,generated
0x00115D78,hhfile_00115D78,../hahig/hhfile.c,reached,generated
0x00115E20,hhfile_00115E20,../hahig/hhfile.c,reached,generated
0x00116068,hhfile_00116068,../hahig/hhfile.c,reached,generated
0x00116180,hhfile_00116180,../hahig/hhfile.c,reached,generated
0x00116458,hhFontLinkTexSet,../hahig/hhfile.c,reached,recovered
0x001165A8,hhfont_001165A8,../hahig/hhfont.c,reached,generated
0x001165F8,hhfont_001165F8,../hahig/hhfont.c,unreferenced,generated
0x001166A0,hhfont_001166A0,../hahig/hhfont.c,reached,generated
0x00116708,hhfont_00116708,../hahig/hhfont.c,reached,generated
0x00116740,hhfont_00116740,../hahig/hhfont.c,reached,generated
0x00116780,hhfont_00116780,../hahig/hhfont.c,reached,generated
0x001167C0,hhFontLoadByID,../hahig/hhfont.c,reached,recovered
0x00116878,hhFontLoadByName,../hahig/hhfont.c,reached,recovered
0x00116920,hhfont_00116920,../hahig/hhfont.c,reached,generated
0x00116980,hhfont_00116980,../hahig/hhfont.c,unreferenced,generated
0x00116988,hhfont_00116988,../hahig/hhfont.c,unreferenced,generated
0x00116990,hhFontCharMake,../hahig/hhfont.c,reached,recovered
0x00116C50,hhFontCharFree,../hahig/hhfont.c,reached,recovered
0x00116D00,func_00116D00,,reached,generated
0x00116E98,func_00116E98,,unreferenced,generated
0x00116F28,func_00116F28,,unreferenced,generated
0x00116FB8,func_00116FB8,,unreferenced,generated
0x001170D0,func_001170D0,,unreferenced,generated
0x001171E8,func_001171E8,,unreferenced,generated
0x001171F0,func_001171F0,,unreferenced,generated
0x001171F8,func_001171F8,,reached,generated
0x00117268,func_00117268,,unreferenced,generated
0x001172A0,func_001172A0,,reached,generated
0x001172C8,func_001172C8,,unreferenced,generated
0x001172E0,func_001172E0,,unreferenced,generated
0x001172E8,func_001172E8,,reached,generated
0x001173B8,func_001173B8,,reached,generated
0x001174D0,func_001174D0,,reached,generated
0x001176C0,func_001176C0,,reached,generated
0x00117888,func_00117888,,reached,generated
0x001178D8,hh_light_destroy_func,../hahig/hhlight.c,reached,solo_string
0x001179F0,hhLightColorSet,../hahig/hhlight.c,reached,recovered
0x00117AE0,hhlight_00117AE0,../hahig/hhlight.c,reached,generated
0x00117B28,hhLightColorRGBSet,../hahig/hhlight.c,reached,recovered
0x00117C20,hhLightDirectionSet,../hahig/hhlight.c,reached,recovered
0x00117CD8,hhlight_00117CD8,../hahig/hhlight.c,reached,generated
0x00117DB0,hhlight_00117DB0,../hahig/hhlight.c,reached,generated
0x00117DC0,hhlight_00117DC0,../hahig/hhlight.c,reached,generated
0x00117E10,hhlight_00117E10,../hahig/hhlight.c,reached,generated
0x00117E30,hhlight_00117E30,../hahig/hhlight.c,reached,generated
0x00117E70,hhlight_00117E70,../hahig/hhlight.c,reached,generated
0x00117ED8,hhlight_00117ED8,../hahig/hhlight.c,unreferenced,generated
0x00117EF8,hhlight_00117EF8,../hahig/hhlight.c,reached,generated
0x00118060,hhlight_00118060,../hahig/hhlight.c,reached,generated
0x001180E0,hhlight_001180E0,../hahig/hhlight.c,reached,generated
0x00118758,hhlight_00118758,../hahig/hhlight.c,reached,generated
0x001187D0,hhlight_001187D0,../hahig/hhlight.c,reached,generated
0x00118870,func_00118870,,reached,generated
0x00118930,func_00118930,,reached,generated
0x00118958,hh_mem_alloc,../hahig/hhmem.c,reached,solo_string
0x00118D90,hhmem_00118D90,../hahig/hhmem.c,reached,generated
0x00119080,hhmem_00119080,../hahig/hhmem.c,reached,generated
0x001191C0,hhmem_001191C0,../hahig/hhmem.c,reached,generated
0x001191E8,hhmem_001191E8,../hahig/hhmem.c,reached,generated
0x00119200,hhmem_00119200,../hahig/hhmem.c,unreferenced,generated
0x00119228,hhmem_00119228,../hahig/hhmem.c,unreferenced,generated
0x00119240,hhMemFree,../hahig/hhmem.c,reached,recovered
0x001193A0,hhMemFreePtr,../hahig/hhmem.c,reached,recovered
0x00119520,hhMemReduce,../hahig/hhmem.c,unreferenced,recovered
0x00119668,hhmem_00119668,../hahig/hhmem.c,unreferenced,generated
0x00119678,hhmem_00119678,../hahig/hhmem.c,unreferenced,generated
0x00119680,hhmem_00119680,../hahig/hhmem.c,unreferenced,generated
0x00119688,hhmem_00119688,../hahig/hhmem.c,reached,generated
0x00119698,hhmem_00119698,../hahig/hhmem.c,unreferenced,generated
0x001196A8,hhmem_001196A8,../hahig/hhmem.c,unreferenced,generated
0x001196B0,hhMemCommentSet,../hahig/hhmem.c,reached,recovered
0x00119740,Memory_Pool_Block,../hahig/hhmem.c,reached,prose_label
0x00119868,hhmem_00119868,../hahig/hhmem.c,reached,generated
0x00119908,hhMemPoolAlloc,../hahig/hhmem.c,reached,recovered
0x00119A98,hhMemPoolFree,../hahig/hhmem.c,reached,recovered
0x00119C70,func_00119C70,../hahig/hhmem.c,reached,generated
0x00119CB0,func_00119CB0,../hahig/hhmem.c,unreferenced,generated
0x00119CB8,func_00119CB8,../hahig/hhmem.c,reached,generated
0x00119D08,hhmem_00119D08,../hahig/hhmem.c,reached,generated
0x00119D40,func_00119D40,../hahig/hhmem.c,unreferenced,generated
0x00119D48,func_00119D48,../hahig/hhmem.c,unreferenced,generated
0x00119D50,func_00119D50,../hahig/hhmem.c,unreferenced,generated
0x00119D58,func_00119D58,../hahig/hhmem.c,reached,generated
0x00119D60,func_00119D60,../hahig/hhmem.c,reached,generated
0x00119D68,hhmem_00119D68,../hahig/hhmem.c,reached,generated
0x00119DA0,hhmem_00119DA0,../hahig/hhmem.c,reached,generated
0x00119DE8,func_00119DE8,../hahig/hhmem.c,reached,generated
0x00119DF0,func_00119DF0,../hahig/hhmem.c,reached,generated
0x00119E00,func_00119E00,../hahig/hhmem.c,reached,generated
0x00119E48,hhmem_00119E48,../hahig/hhmem.c,reached,generated
0x0011A0C0,func_0011A0C0,,reached,generated
0x0011A0D0,func_0011A0D0,,unreferenced,generated
0x0011A0E0,func_0011A0E0,,reached,generated
0x0011A190,func_0011A190,,unreferenced,generated
0x0011A240,func_0011A240,,unreferenced,generated
0x0011A2A8,func_0011A2A8,,unreferenced,generated
0x0011A390,func_0011A390,,reached,generated
0x0011A4A8,func_0011A4A8,,reached,generated
0x0011A660,func_0011A660,,reached,generated
0x0011A800,func_0011A800,,reached,generated
0x0011A968,func_0011A968,,reached,generated
0x0011AA90,func_0011AA90,,reached,generated
0x0011ABF8,func_0011ABF8,,reached,generated
0x0011AC60,hh_model_mesh_block_packet_create,../hahig/hhmodel.c,reached,solo_string
0x0011BA08,hh_model_mesh_packet_create,../hahig/hhmodel.c,reached,solo_string
0x0011C098,hhmodel_0011C098,../hahig/hhmodel.c,reached,generated
0x0011C2F8,hhmodel_0011C2F8,../hahig/hhmodel.c,reached,generated
0x0011C440,MatrixInv,../hahig/hhmodel.c,unreferenced,prose_label
0x0011C590,hhmodel_0011C590,../hahig/hhmodel.c,reached,generated
0x0011C918,hhmodel_0011C918,../hahig/hhmodel.c,reached,generated
0x0011C990,hhmodel_0011C990,../hahig/hhmodel.c,unreferenced,generated
0x0011CA70,HahiGModelDraw,../hahig/hhmodel.c,reached,prose_label
0x0011DDA0,Model_Data,../hahig/hhmodel.c,reached,prose_label
0x0011DF08,hhmodel_0011DF08,../hahig/hhmodel.c,unreferenced,generated
0x0011DF50,hhmodel_0011DF50,../hahig/hhmodel.c,unreferenced,generated
0x0011DF58,hhmodel_0011DF58,../hahig/hhmodel.c,unreferenced,generated
0x0011DFC0,hhmodel_0011DFC0,../hahig/hhmodel.c,reached,generated
0x0011E038,hhmodel_0011E038,../hahig/hhmodel.c,reached,generated
0x0011E0F0,hhmodel_0011E0F0,../hahig/hhmodel.c,reached,generated
0x0011E130,hhmodel_0011E130,../hahig/hhmodel.c,reached,generated
0x0011E1C0,hhModelBoxCreate,../hahig/hhmodel.c,unreferenced,recovered
0x0011E508,hhModelAlphaSet,../hahig/hhmodel.c,reached,recovered
0x0011E710,hhmodel_0011E710,../hahig/hhmodel.c,unreferenced,generated
0x0011E7C0,hhmodel_0011E7C0,../hahig/hhmodel.c,unreferenced,generated
0x0011E840,hhModelMaterialTextureChange,../hahig/hhmodel.c,reached,recovered
0x0011E948,hhModelAlphaDoubleDisable,../hahig/hhmodel.c,reached,recovered
0x0011EA20,hhModelVerDataGet,../hahig/hhmodel.c,unreferenced,recovered
0x0011EAA0,hhModelNorDataGet,../hahig/hhmodel.c,unreferenced,recovered
0x0011EB20,hhModelUVDataGet,../hahig/hhmodel.c,unreferenced,recovered
0x0011EBA0,hhModelColDataGet,../hahig/hhmodel.c,unreferenced,recovered
0x0011EC20,hhModelVerCountGet,../hahig/hhmodel.c,unreferenced,recovered
0x0011ECA0,hhModelVerOffsetGet,../hahig/hhmodel.c,unreferenced,recovered
0x0011ED30,hhModelVerScaleGet,../hahig/hhmodel.c,unreferenced,recovered
0x0011EDB0,hhModelUVOffsetSet,../hahig/hhmodel.c,reached,recovered
0x0011EEF8,hhModelTextureCountGet,../hahig/hhmodel.c,unreferenced,recovered
0x0011EF78,hhModelTextureGet,../hahig/hhmodel.c,unreferenced,recovered
0x0011F018,hhModelTextureListGet,../hahig/hhmodel.c,unreferenced,recovered
0x0011F0A8,hhmodel_0011F0A8,../hahig/hhmodel.c,reached,generated
0x0011F128,hhmodel_0011F128,../hahig/hhmodel.c,reached,generated
0x0011F1A0,hhmodel_0011F1A0,../hahig/hhmodel.c,reached,generated
0x0011F258,hhmodel_0011F258,../hahig/hhmodel.c,unreferenced,generated
0x0011F260,hhmodel_0011F260,../hahig/hhmodel.c,unreferenced,generated
0x0011F270,hhmodel_0011F270,../hahig/hhmodel.c,unreferenced,generated
0x0011F278,hhmodel_0011F278,../hahig/hhmodel.c,unreferenced,generated
0x0011F290,hhmodel_0011F290,../hahig/hhmodel.c,unreferenced,generated
0x0011F2A0,hhmodel_0011F2A0,../hahig/hhmodel.c,reached,generated
0x0011F308,hhmodel_0011F308,../hahig/hhmodel.c,reached,generated
0x0011F318,hhmodel_0011F318,../hahig/hhmodel.c,reached,generated
0x0011F328,hhmodel_0011F328,../hahig/hhmodel.c,unreferenced,generated
0x0011F348,hhModelZWriteEnableSet,../hahig/hhmodel.c,unreferenced,recovered
0x0011F3E8,hhModelZTestEnableSet,../hahig/hhmodel.c,unreferenced,recovered
0x0011F488,hhModelLightAssign,../hahig/hhmodel.c,unreferenced,recovered
0x0011F5A0,hhModelMaterialAssign,../hahig/hhmodel.c,unreferenced,recovered
0x0011F818,hhmodel_0011F818,../hahig/hhmodel.c,unreferenced,generated
0x0011F820,hhmodel_0011F820,../hahig/hhmodel.c,reached,generated
0x0011F858,AlphaSort,../hahig/hhmodel.c,reached,manual
0x0011FAE8,hh_object_get_by_handle,../hahig/hhobject.c,reached,solo_string
0x001204C8,hh_object_update_chain_add,../hahig/hhobject.c,reached,solo_string
0x00120668,hh_object_update_chain_del,../hahig/hhobject.c,reached,solo_string
0x00120828,hh_object_draw_chain_add,../hahig/hhobject.c,reached,solo_string
0x001209C0,hh_object_draw_chain_del,../hahig/hhobject.c,reached,solo_string
0x00120B78,hh_object_free,../hahig/hhobject.c,reached,solo_string
0x00120DD0,Object_Block,../hahig/hhobject.c,reached,prose_label
0x00120E50,hhobject_00120E50,../hahig/hhobject.c,reached,generated
0x00120FF8,hhobject_00120FF8,../hahig/hhobject.c,reached,generated
0x00121040,hhObjectCreate,../hahig/hhobject.c,reached,recovered
0x001212D0,hhObjectDestroy,../hahig/hhobject.c,reached,recovered
0x001213D8,hhObjectEnableSet,../hahig/hhobject.c,reached,manual
0x001214A8,hhobject_001214A8,../hahig/hhobject.c,reached,generated
0x001214E0,hhobject_001214E0,../hahig/hhobject.c,reached,generated
0x001216C8,hhObjectQuatGet,../hahig/hhobject.c,reached,recovered
0x00121750,hhObjectQuatSet,../hahig/hhobject.c,reached,recovered
0x00121888,hhobject_00121888,../hahig/hhobject.c,reached,generated
0x001218B0,hhobject_001218B0,../hahig/hhobject.c,reached,generated
0x00121958,hhObjectRotVecSet,../hahig/hhobject.c,unreferenced,recovered
0x00121AA8,hhobject_00121AA8,../hahig/hhobject.c,unreferenced,generated
0x00121B08,hhobject_00121B08,../hahig/hhobject.c,unreferenced,generated
0x00121B48,hhObjectEulerSet,../hahig/hhobject.c,reached,recovered
0x00121C00,hhobject_00121C00,../hahig/hhobject.c,reached,generated
0x00121C08,UpdateAll,../hahig/hhobject.c,reached,manual
0x00121C38,hhobject_00121C38,../hahig/hhobject.c,reached,generated
0x00121DD0,hhobject_00121DD0,../hahig/hhobject.c,reached,generated
0x00122000,HahiGMotion,../hahig/hhobject.c,reached,prose_label
0x00122088,hhobject_00122088,../hahig/hhobject.c,reached,generated
0x001222C8,hhobject_001222C8,../hahig/hhobject.c,reached,generated
0x001222D0,hhObjectGetByID,../hahig/hhobject.c,reached,recovered
0x00122380,hhObjectGetByName,../hahig/hhobject.c,unreferenced,recovered
0x00122420,hhObjectNodeFindByName,../hahig/hhobject.c,reached,recovered
0x001224D0,hhObjectGroupMasterSet,../hahig/hhobject.c,reached,recovered
0x001225F8,HahiGDrawAll,../hahig/hhobject.c,reached,manual
0x00122760,hhobject_00122760,../hahig/hhobject.c,unreferenced,generated
0x00122778,hhObjectDrawPrioSet,../hahig/hhobject.c,reached,recovered
0x00122820,hhobject_00122820,../hahig/hhobject.c,reached,generated
0x00122880,hhobject_00122880,../hahig/hhobject.c,reached,generated
0x00122910,hhobject_00122910,../hahig/hhobject.c,reached,generated
0x00122960,hhobject_00122960,../hahig/hhobject.c,reached,generated
0x001229B8,hhobject_001229B8,../hahig/hhobject.c,reached,generated
0x00122A10,HahiGHierarchyAll,../hahig/hhobject.c,reached,manual
0x00122A38,hhobject_00122A38,../hahig/hhobject.c,reached,generated
0x00122A40,hhobject_00122A40,../hahig/hhobject.c,reached,generated
0x00122AA0,hhobject_00122AA0,../hahig/hhobject.c,reached,generated
0x00122AD0,hhobject_00122AD0,../hahig/hhobject.c,unreferenced,generated
0x00122B68,hhobject_00122B68,../hahig/hhobject.c,unreferenced,generated
0x00122BA0,hhobject_00122BA0,../hahig/hhobject.c,unreferenced,generated
0x00122C40,hhobject_00122C40,../hahig/hhobject.c,reached,generated
0x00122C88,hhobject_00122C88,../hahig/hhobject.c,unreferenced,generated
0x00122D00,hhobject_00122D00,../hahig/hhobject.c,reached,generated
0x00122D88,hhobject_00122D88,../hahig/hhobject.c,reached,generated
0x00122E30,hhobject_00122E30,../hahig/hhobject.c,unreferenced,generated
0x00122E88,hhObjectUserParamFuncSet,../hahig/hhobject.c,unreferenced,recovered
0x00122F50,hhobject_00122F50,../hahig/hhobject.c,unreferenced,generated
0x00122FA0,hhobject_00122FA0,../hahig/hhobject.c,unreferenced,generated
0x00123030,hhobject_00123030,../hahig/hhobject.c,reached,generated
0x001230D8,hhobject_001230D8,../hahig/hhobject.c,unreferenced,generated
0x00123110,hhobject_00123110,../hahig/hhobject.c,reached,generated
0x00123280,hhobject_00123280,../hahig/hhobject.c,reached,generated
0x00123368,hhobject_00123368,../hahig/hhobject.c,unreferenced,generated
0x001234C8,hhobject_001234C8,../hahig/hhobject.c,reached,generated
0x001234E0,hhobject_001234E0,../hahig/hhobject.c,unreferenced,generated
0x001234E8,hhObjectLoadByID,../hahig/hhobject.c,reached,recovered
0x001235D8,hhObjectLoadByName,../hahig/hhobject.c,unreferenced,recovered
0x001236B8,hhobject_001236B8,../hahig/hhobject.c,unreferenced,generated
0x001236C8,hhobject_001236C8,../hahig/hhobject.c,unreferenced,generated
0x001236D8,hhobject_001236D8,../hahig/hhobject.c,reached,generated
0x00123700,hhobject_00123700,../hahig/hhobject.c,unreferenced,generated
0x00123708,hh_object_matrix_calc,../hahig/hhobject.c,reached,solo_string
0x001239C0,hhobject_001239C0,../hahig/hhobject.c,reached,generated
0x001239F8,hhobject_001239F8,../hahig/hhobject.c,reached,generated
0x00123AB8,hhobject_00123AB8,../hahig/hhobject.c,unreferenced,generated
0x00123BA8,hhObjectNoteCurrentCountGet,../hahig/hhobject.c,unreferenced,recovered
0x00123D08,hhObjectNoteCurrentDataGet,../hahig/hhobject.c,reached,recovered
0x00123E10,hhobject_00123E10,../hahig/hhobject.c,unreferenced,generated
0x00123E88,hhobject_00123E88,../hahig/hhobject.c,unreferenced,generated
0x00123E90,hhobject_00123E90,../hahig/hhobject.c,unreferenced,generated
0x00123E98,hhobject_00123E98,../hahig/hhobject.c,unreferenced,generated
0x00123EA0,hhObjectUpdatePrioSet,../hahig/hhobject.c,reached,recovered
0x00123FB0,hhobject_00123FB0,../hahig/hhobject.c,reached,generated
0x00123FC8,hhobject_00123FC8,../hahig/hhobject.c,reached,generated
0x00123FD0,hhobject_00123FD0,../hahig/hhobject.c,unreferenced,generated
0x00123FF0,hh_object_test_draw,../hahig/hhobject.c,unreferenced,solo_string
0x00124078,hhobject_00124078,../hahig/hhobject.c,reached,generated
0x00124088,hhObjectDrawChainRefresh,../hahig/hhobject.c,reached,recovered
0x00124120,hhObjectCmdNop,../hahig/hhobject.c,reached,manual
0x00124128,hhobject_00124128,../hahig/hhobject.c,reached,generated
0x00124298,hhobject_00124298,../hahig/hhobject.c,reached,generated
0x00124458,hhobject_00124458,../hahig/hhobject.c,reached,generated
0x00124518,hhobject_00124518,../hahig/hhobject.c,reached,generated
0x001245C8,hhobject_001245C8,../hahig/hhobject.c,reached,generated
0x001248F8,hhobject_001248F8,../hahig/hhobject.c,reached,generated
0x00124C20,hhobject_00124C20,../hahig/hhobject.c,reached,generated
0x00124E00,hhobject_00124E00,../hahig/hhobject.c,reached,generated
0x00124F50,hhobject_00124F50,../hahig/hhobject.c,reached,generated
0x001251D8,hhobject_001251D8,../hahig/hhobject.c,reached,generated
0x00125390,hhobject_00125390,../hahig/hhobject.c,reached,generated
0x001254D8,hhobject_001254D8,../hahig/hhobject.c,reached,generated
0x00125690,hhobject_00125690,../hahig/hhobject.c,reached,generated
0x00125698,hhobject_00125698,../hahig/hhobject.c,reached,generated
0x00125760,hhobject_00125760,../hahig/hhobject.c,reached,generated
0x00125A28,hhobject_00125A28,../hahig/hhobject.c,reached,generated
0x00125D90,hhobject_00125D90,../hahig/hhobject.c,reached,generated
0x00125F08,hhobject_00125F08,../hahig/hhobject.c,reached,generated
0x00126110,hhobject_00126110,../hahig/hhobject.c,reached,generated
0x00126350,hhobject_00126350,../hahig/hhobject.c,reached,generated
0x00126400,hhobject_00126400,../hahig/hhobject.c,reached,generated
0x001264E8,hhObjectCmdExec,../hahig/hhobject.c,reached,manual
0x00126E28,func_00126E28,,reached,generated
0x00126F88,func_00126F88,,reached,generated
0x001272F0,func_001272F0,,reached,generated
0x00127308,func_00127308,,reached,generated
0x00127320,func_00127320,,reached,generated
0x00127490,func_00127490,,reached,generated
0x00127560,hhObjectMotionLoadByID,../hahig/hhobjmot.c,unreferenced,recovered
0x00127618,hhobjmot_00127618,../hahig/hhobjmot.c,unreferenced,generated
0x00127630,hhobjmot_00127630,../hahig/hhobjmot.c,reached,generated
0x00127648,hhobjmot_00127648,../hahig/hhobjmot.c,reached,generated
0x00127708,hhobjmot_00127708,../hahig/hhobjmot.c,reached,generated
0x00127710,hhobjmot_00127710,../hahig/hhobjmot.c,reached,generated
0x001277C8,hhobjmot_001277C8,../hahig/hhobjmot.c,reached,generated
0x001277E8,hhobjmot_001277E8,../hahig/hhobjmot.c,unreferenced,generated
0x00127828,hhobjmot_00127828,../hahig/hhobjmot.c,reached,generated
0x001278C0,hhobjmot_001278C0,../hahig/hhobjmot.c,unreferenced,generated
0x00127920,hhobjmot_00127920,../hahig/hhobjmot.c,unreferenced,generated
0x00127AF0,hhobjmot_00127AF0,../hahig/hhobjmot.c,unreferenced,generated
0x00127BB0,hhobjmot_00127BB0,../hahig/hhobjmot.c,unreferenced,generated
0x00127D08,hhobjmot_00127D08,../hahig/hhobjmot.c,unreferenced,generated
0x00127E10,hhobjmot_00127E10,../hahig/hhobjmot.c,unreferenced,generated
0x00127F18,hhobjmot_00127F18,../hahig/hhobjmot.c,unreferenced,generated
0x00128038,hhobjmot_00128038,../hahig/hhobjmot.c,unreferenced,generated
0x00128130,hhobjmot_00128130,../hahig/hhobjmot.c,unreferenced,generated
0x001281F0,hhobjmot_001281F0,../hahig/hhobjmot.c,unreferenced,generated
0x001282B0,hhObjectMotionLoadByNameWithIP,../hahig/hhobjmot.c,unreferenced,recovered
0x00128378,hhObjectMotionLoadByIDWithIP,../hahig/hhobjmot.c,reached,recovered
0x00128458,hhobjmot_00128458,../hahig/hhobjmot.c,reached,generated
0x00128470,hhobjmot_00128470,../hahig/hhobjmot.c,unreferenced,generated
0x001284A8,hhObjectMotionMarkerIndexGet,../hahig/hhobjmot.c,reached,recovered
0x001285E8,hhObjectMotionMarkerIDGet,../hahig/hhobjmot.c,reached,recovered
0x001286F0,hhobjmot_001286F0,../hahig/hhobjmot.c,unreferenced,generated
0x00128748,hhobjmot_00128748,../hahig/hhobjmot.c,reached,generated
0x00128790,hhObjectMotionMarkerFrameGet,../hahig/hhobjmot.c,reached,recovered
0x00128890,hhObjectMotionMarkerCurrentIndexGet,../hahig/hhobjmot.c,reached,recovered
0x001289B0,hhobjmot_001289B0,../hahig/hhobjmot.c,unreferenced,generated
0x001289C8,hhobjmot_001289C8,../hahig/hhobjmot.c,unreferenced,generated
0x001289D8,hhobjmot_001289D8,../hahig/hhobjmot.c,unreferenced,generated
0x00128A98,hhobjmot_00128A98,../hahig/hhobjmot.c,unreferenced,generated
0x00128CD8,hhobjmot_00128CD8,../hahig/hhobjmot.c,unreferenced,generated
0x00128EA8,hhobjmot_00128EA8,../hahig/hhobjmot.c,unreferenced,generated
0x00128EB0,hhObjectMotionControlDataGet,../hahig/hhobjmot.c,unreferenced,recovered
0x00128F98,hhobjmot_00128F98,../hahig/hhobjmot.c,reached,generated
0x00128FB0,hhobjmot_00128FB0,../hahig/hhobjmot.c,unreferenced,generated
0x00129078,hhobjmot_00129078,../hahig/hhobjmot.c,reached,generated
0x00129160,hhobjmot_00129160,../hahig/hhobjmot.c,reached,generated
0x00129248,hhobjmot_00129248,../hahig/hhobjmot.c,reached,generated
0x00129380,hhobjmot_00129380,../hahig/hhobjmot.c,reached,generated
0x00129598,hhobjmot_00129598,../hahig/hhobjmot.c,unreferenced,generated
0x00129738,hhobjmot_00129738,../hahig/hhobjmot.c,unreferenced,generated
0x001298D0,hhobjmot_001298D0,../hahig/hhobjmot.c,reached,generated
0x00129A68,hhobjmot_00129A68,../hahig/hhobjmot.c,reached,generated
0x00129BB8,hhobjmot_00129BB8,../hahig/hhobjmot.c,reached,generated
0x00129CA0,hhobjmot_00129CA0,../hahig/hhobjmot.c,unreferenced,generated
0x00129E10,hhobjmot_00129E10,../hahig/hhobjmot.c,reached,generated
0x00129EA0,hhobjmot_00129EA0,../hahig/hhobjmot.c,reached,generated
0x00129EB8,hhobjmot_00129EB8,../hahig/hhobjmot.c,reached,generated
0x00129ED0,hhobjmot_00129ED0,../hahig/hhobjmot.c,reached,generated
0x0012A068,hhobjmot_0012A068,../hahig/hhobjmot.c,reached,generated
0x0012A138,hhobjmot_0012A138,../hahig/hhobjmot.c,reached,generated
0x0012A1B8,hhobjmot_0012A1B8,../hahig/hhobjmot.c,reached,generated
0x0012A200,hhobjmot_0012A200,../hahig/hhobjmot.c,reached,generated
0x0012A340,hhobjmot_0012A340,../hahig/hhobjmot.c,unreferenced,generated
0x0012A358,hhobjmot_0012A358,../hahig/hhobjmot.c,reached,generated
0x0012A390,hhobjmot_0012A390,../hahig/hhobjmot.c,reached,generated
0x0012A3C8,hhobjmot_0012A3C8,../hahig/hhobjmot.c,reached,generated
0x0012A3F8,hhobjmot_0012A3F8,../hahig/hhobjmot.c,reached,generated
0x0012A488,hhobjmot_0012A488,../hahig/hhobjmot.c,unreferenced,generated
0x0012A490,hhobjmot_0012A490,../hahig/hhobjmot.c,unreferenced,generated
0x0012A498,hhobjmot_0012A498,../hahig/hhobjmot.c,unreferenced,generated
0x0012A4A0,hhobjmot_0012A4A0,../hahig/hhobjmot.c,unreferenced,generated
0x0012A4A8,hhobjmot_0012A4A8,../hahig/hhobjmot.c,unreferenced,generated
0x0012A4B0,hhobjmot_0012A4B0,../hahig/hhobjmot.c,unreferenced,generated
0x0012A4B8,hhobjmot_0012A4B8,../hahig/hhobjmot.c,unreferenced,generated
0x0012A508,hhobjmot_0012A508,../hahig/hhobjmot.c,unreferenced,generated
0x0012A528,hhobjmot_0012A528,../hahig/hhobjmot.c,reached,generated
0x0012A5B0,hhobjmot_0012A5B0,../hahig/hhobjmot.c,reached,generated
0x0012A5C8,hhobjmot_0012A5C8,../hahig/hhobjmot.c,reached,generated
0x0012A5F0,hhobjmot_0012A5F0,../hahig/hhobjmot.c,reached,generated
0x0012A718,hhobjmot_0012A718,../hahig/hhobjmot.c,reached,generated
0x0012A8B0,hhobjmot_0012A8B0,../hahig/hhobjmot.c,reached,generated
0x0012A8B8,hhobjmot_0012A8B8,../hahig/hhobjmot.c,reached,generated
0x0012B410,hhobjmot_0012B410,../hahig/hhobjmot.c,reached,generated
0x0012B458,hhobjmot_0012B458,../hahig/hhobjmot.c,reached,generated
0x0012B4A8,hhobjmot_0012B4A8,../hahig/hhobjmot.c,reached,generated
0x0012B598,hhPrimAddPrim,../hahig/hhobjmot.c,unreferenced,solo_string
0x0012B748,hhPrimAddPoint,hhprim.c,unreferenced,recovered
0x0012B7A0,hhprim_0012B7A0,hhprim.c,reached,generated
0x0012B8A0,hhPrimCreate,hhprim.c,reached,recovered
0x0012B9B0,hhprim_0012B9B0,hhprim.c,unreferenced,generated
0x0012BA10,hhPrimAddGRect,hhprim.c,reached,recovered
0x0012BD98,hhPrimAddFRect,hhprim.c,reached,recovered
0x0012C020,hhPrimAddFTri,hhprim.c,reached,recovered
0x0012C318,hhprim_0012C318,hhprim.c,reached,generated
0x0012C528,hhprim_0012C528,hhprim.c,reached,generated
0x0012C7E8,hhprim_0012C7E8,hhprim.c,unreferenced,generated
0x0012C9F8,hhprim_0012C9F8,hhprim.c,reached,generated
0x0012CBF0,hhprim_0012CBF0,hhprim.c,reached,generated
0x0012CC30,hhPrimAddFLines,hhprim.c,reached,recovered
0x0012CE40,hhPrimAddFLine,hhprim.c,reached,recovered
0x0012D0E8,hhPrimAddTRect,hhprim.c,reached,recovered
0x0012D3F0,hhPrimAddGTRect,hhprim.c,reached,recovered
0x0012D7C8,hhprim_0012D7C8,hhprim.c,reached,generated
0x0012D848,hhprim_0012D848,hhprim.c,reached,generated
0x0012D878,hhprim_0012D878,hhprim.c,reached,generated
0x0012DBF0,hhprim_0012DBF0,hhprim.c,unreferenced,generated
0x0012DC08,hhprim_0012DC08,hhprim.c,unreferenced,generated
0x0012DCC0,hhprim_0012DCC0,hhprim.c,unreferenced,generated
0x0012DD78,hhPrimAddGTrifan,hhprim.c,unreferenced,recovered
0x0012DF70,hhprim_0012DF70,hhprim.c,reached,generated
0x0012DFD0,hhprim_0012DFD0,hhprim.c,reached,generated
0x0012E028,hhprim_0012E028,hhprim.c,reached,generated
0x0012E050,hhprim_0012E050,hhprim.c,reached,generated
0x0012E070,hhprim_0012E070,hhprim.c,reached,generated
0x0012E088,hhprim_0012E088,hhprim.c,reached,generated
0x0012E098,hhprim_0012E098,hhprim.c,reached,generated
0x0012E168,hhprofil_0012E168,../hahig/hhprofil.c,reached,generated
0x0012E208,hhprofil_0012E208,../hahig/hhprofil.c,reached,generated
0x0012E3C0,func_0012E3C0,../hahig/hhprofil.c,reached,generated
0x0012E3D8,hhprofil_0012E3D8,../hahig/hhprofil.c,reached,generated
0x0012E410,ProfileBegin,../hahig/hhprofil.c,reached,manual
0x0012E5E0,ProfileEnd,../hahig/hhprofil.c,reached,manual
0x0012E7B0,hhprofil_0012E7B0,../hahig/hhprofil.c,reached,generated
0x0012E820,Profile,../hahig/hhprofil.c,reached,prose_label
0x0012EB78,hhprofil_0012EB78,../hahig/hhprofil.c,reached,generated
0x0012F198,hhprofil_0012F198,../hahig/hhprofil.c,reached,generated
0x0012F380,hhprofil_0012F380,../hahig/hhprofil.c,reached,generated
0x0012F470,hhprofil_0012F470,../hahig/hhprofil.c,reached,generated
0x0012F480,hhprofil_0012F480,../hahig/hhprofil.c,reached,generated
0x0012F490,func_0012F490,,reached,generated
0x0012F550,func_0012F550,,reached,generated
0x0012F700,func_0012F700,,reached,generated
0x0012F7A0,func_0012F7A0,,reached,generated
0x0012F7D8,func_0012F7D8,,reached,generated
0x0012F888,func_0012F888,,reached,generated
0x0012F960,hhsprite_0012F960,../hahig/hhsprite.c,reached,generated
0x0012F998,SPRITE,../hahig/hhsprite.c,reached,prose_label
0x0012FA80,hhsprite_0012FA80,../hahig/hhsprite.c,reached,generated
0x0012FAA0,hhsprite_0012FAA0,../hahig/hhsprite.c,reached,generated
0x0012FAC0,hhsprite_0012FAC0,../hahig/hhsprite.c,unreferenced,generated
0x0012FB00,hhsprite_0012FB00,../hahig/hhsprite.c,reached,generated
0x0012FB30,hhsprite_0012FB30,../hahig/hhsprite.c,unreferenced,generated
0x0012FB68,hhsprite_0012FB68,../hahig/hhsprite.c,reached,generated
0x0012FBB8,hhsprite_0012FBB8,../hahig/hhsprite.c,reached,generated
0x0012FBE8,hhsprite_0012FBE8,../hahig/hhsprite.c,reached,generated
0x0012FC30,hhsprite_0012FC30,../hahig/hhsprite.c,reached,generated
0x0012FC78,Sprite,../hahig/hhsprite.c,reached,prose_label
0x0012FCC8,hhsprite_0012FCC8,../hahig/hhsprite.c,reached,generated
0x0012FCE8,func_0012FCE8,,reached,generated
0x0012FD18,func_0012FD18,,reached,generated
0x0012FD48,func_0012FD48,,reached,generated
0x0012FE70,func_0012FE70,,reached,generated
0x0012FEB8,func_0012FEB8,,reached,generated
0x0012FF00,func_0012FF00,,reached,generated
0x0012FF20,func_0012FF20,,reached,generated
0x0012FF40,func_0012FF40,,reached,generated
0x0012FF70,func_0012FF70,,reached,generated
0x0012FF90,hhtex_0012FF90,../hahig/hhtex.c,reached,generated
0x00130518,hhtex_00130518,../hahig/hhtex.c,reached,generated
0x001305F8,hhtex_001305F8,../hahig/hhtex.c,reached,generated
0x00130638,hhtex_00130638,../hahig/hhtex.c,reached,generated
0x00130678,hhtex_00130678,../hahig/hhtex.c,reached,generated
0x001306C0,hhtex_001306C0,../hahig/hhtex.c,reached,generated
0x001306D8,hhtex_001306D8,../hahig/hhtex.c,reached,generated
0x00130728,hhtex_00130728,../hahig/hhtex.c,reached,generated
0x00130740,hhTextureLoadFromFile,../hahig/hhtex.c,reached,recovered
0x001308D0,Texture,../hahig/hhtex.c,reached,prose_label
0x00130928,hhtex_00130928,../hahig/hhtex.c,reached,generated
0x00130950,hhtex_00130950,../hahig/hhtex.c,reached,generated
0x00130A80,hhtex_00130A80,../hahig/hhtex.c,reached,generated
0x00130A98,hhtex_00130A98,../hahig/hhtex.c,reached,generated
0x00130BF8,hhtex_00130BF8,../hahig/hhtex.c,reached,generated
0x00130D48,hhtex_00130D48,../hahig/hhtex.c,reached,generated
0x00130DC8,hhtex_00130DC8,../hahig/hhtex.c,reached,generated
0x00130DE8,hhtex_00130DE8,../hahig/hhtex.c,reached,generated
0x00130E10,hhtex_00130E10,../hahig/hhtex.c,reached,generated
0x00130E38,hhtex_00130E38,../hahig/hhtex.c,reached,generated
0x00130ED8,hhtex_00130ED8,../hahig/hhtex.c,reached,generated
0x00130EE8,hhtex_00130EE8,../hahig/hhtex.c,reached,generated
0x00130EF8,hhtex_00130EF8,../hahig/hhtex.c,unreferenced,generated
0x00130FC0,hhtex_00130FC0,../hahig/hhtex.c,reached,generated
0x00131008,hhtex_00131008,../hahig/hhtex.c,unreferenced,generated
0x00131010,hhtex_00131010,../hahig/hhtex.c,unreferenced,generated
0x00131018,hhtext_put_char,../hahig/hhtex.c,reached,manual
0x00131088,hhtex_00131088,../hahig/hhtex.c,reached,generated
0x00131178,hhtext_format_number,../hahig/hhtex.c,reached,manual
0x00131408,hhtext_00131408,../hahig/hhtext.c,reached,generated
0x00131450,hhtext_00131450,../hahig/hhtext.c,reached,generated
0x00131768,hhtext_00131768,../hahig/hhtext.c,reached,generated
0x00131818,hhtext_parse_escape,../hahig/hhtext.c,reached,manual
0x00131858,hhtext_00131858,../hahig/hhtext.c,reached,generated
0x00131AF0,hhtext_00131AF0,../hahig/hhtext.c,reached,generated
0x00131AF8,hhtext_00131AF8,../hahig/hhtext.c,reached,generated
0x00131B70,hhtext_00131B70,../hahig/hhtext.c,reached,generated
0x00131BC8,hhtext_00131BC8,../hahig/hhtext.c,reached,generated
0x00131BD8,hhtext_00131BD8,../hahig/hhtext.c,reached,generated
0x00131BE8,hhTextLinkTexAdd,../hahig/hhtext.c,reached,recovered
0x00131DE0,hhTextPutc,../hahig/hhtext.c,reached,recovered
0x00132050,hhTextPuts,../hahig/hhtext.c,reached,recovered
0x001321C0,hhTextPrintf,../hahig/hhtext.c,reached,recovered
0x00132288,hhtext_00132288,../hahig/hhtext.c,reached,generated
0x00132330,hhtext_draw_string,../hahig/hhtext.c,reached,manual
0x00132708,hhTextAddCR,../hahig/hhtext.c,reached,recovered
0x00132798,hhTextCls,../hahig/hhtext.c,reached,recovered
0x00132938,hhtext_00132938,../hahig/hhtext.c,reached,generated
0x00132968,hhtext_00132968,../hahig/hhtext.c,reached,generated
0x00132B30,hhtext_00132B30,../hahig/hhtext.c,reached,generated
0x00132B38,hhtext_00132B38,../hahig/hhtext.c,reached,generated
0x00132B70,hhtext_00132B70,../hahig/hhtext.c,reached,generated
0x00132B88,hhtext_00132B88,../hahig/hhtext.c,reached,generated
0x00132BA0,hhtext_00132BA0,../hahig/hhtext.c,reached,generated
0x00132BC8,hhtext_00132BC8,../hahig/hhtext.c,reached,generated
0x00132BD8,hhtext_00132BD8,../hahig/hhtext.c,unreferenced,generated
0x00132BE8,hhtext_00132BE8,../hahig/hhtext.c,reached,generated
0x00132C20,hhtext_00132C20,../hahig/hhtext.c,unreferenced,generated
0x00132C70,hhtext_00132C70,../hahig/hhtext.c,reached,generated
0x00132CD0,hhtext_00132CD0,../hahig/hhtext.c,reached,generated
0x00132DC8,hhtext_00132DC8,../hahig/hhtext.c,reached,generated
0x00132EC8,hhtext_00132EC8,../hahig/hhtext.c,reached,generated
0x00133068,hhtext_00133068,../hahig/hhtext.c,reached,generated
0x001331C8,hhtext_001331C8,../hahig/hhtext.c,reached,generated
0x001331F0,hhtext_001331F0,../hahig/hhtext.c,reached,generated
0x00133230,hhtext_00133230,../hahig/hhtext.c,unreferenced,generated
0x00133318,hhtext_00133318,../hahig/hhtext.c,reached,generated
0x001333D8,hhtext_001333D8,../hahig/hhtext.c,reached,generated
0x00133690,hhtext_00133690,../hahig/hhtext.c,reached,generated
0x001337C0,hhtext_001337C0,../hahig/hhtext.c,unreferenced,generated
0x001337D8,hhtext_001337D8,../hahig/hhtext.c,unreferenced,generated
0x001337F0,hhtext_001337F0,../hahig/hhtext.c,reached,generated
0x00133818,hhtext_00133818,../hahig/hhtext.c,unreferenced,generated
0x00133840,hhtext_00133840,../hahig/hhtext.c,reached,generated
0x00133878,hhtext_00133878,../hahig/hhtext.c,reached,generated
0x00133898,hhtext_00133898,../hahig/hhtext.c,reached,generated
0x001339E0,hhtext_001339E0,../hahig/hhtext.c,reached,generated
0x00133B80,hhtext_00133B80,../hahig/hhtext.c,reached,generated
0x00133C08,hhtext_00133C08,../hahig/hhtext.c,reached,generated
0x00133C10,hhtext_00133C10,../hahig/hhtext.c,reached,generated
0x00133C78,hhtext_00133C78,../hahig/hhtext.c,reached,generated
0x00133CC0,hhtext_00133CC0,../hahig/hhtext.c,unreferenced,generated
0x00133CC8,hhtext_00133CC8,../hahig/hhtext.c,unreferenced,generated
0x00133CD0,Material,../hahig/hhtext.c,reached,prose_label
0x00133D08,hhtext_00133D08,../hahig/hhtext.c,reached,generated
0x00133D30,hhtext_00133D30,../hahig/hhtext.c,reached,generated
0x00133E08,hhtext_00133E08,../hahig/hhtext.c,reached,generated
0x00133E10,hhtext_00133E10,../hahig/hhtext.c,reached,generated
0x00133E28,hhtext_00133E28,../hahig/hhtext.c,unreferenced,generated
0x00133F08,hhtext_00133F08,../hahig/hhtext.c,reached,generated
0x00133F68,hhtext_00133F68,../hahig/hhtext.c,reached,generated
0x00133FF8,hhtext_00133FF8,../hahig/hhtext.c,reached,generated
0x00134010,hhtext_00134010,../hahig/hhtext.c,unreferenced,generated
0x00134020,hhtext_00134020,../hahig/hhtext.c,reached,generated
0x00134038,hhtext_00134038,../hahig/hhtext.c,reached,generated
0x00134040,hhtext_00134040,../hahig/hhtext.c,reached,generated
0x00134048,hhtext_00134048,../hahig/hhtext.c,reached,generated
0x00134060,hhtext_00134060,../hahig/hhtext.c,reached,generated
0x001340A8,hhtext_001340A8,../hahig/hhtext.c,reached,generated
0x001340F0,hhtext_001340F0,../hahig/hhtext.c,reached,generated
0x001340F8,hhtext_001340F8,../hahig/hhtext.c,reached,generated
0x00134100,hhtext_00134100,../hahig/hhtext.c,reached,generated
0x00134108,hhtext_00134108,../hahig/hhtext.c,reached,generated
0x00134130,hhtext_00134130,../hahig/hhtext.c,reached,generated
0x00134140,hhtext_00134140,../hahig/hhtext.c,reached,generated
0x00134150,hhtext_00134150,../hahig/hhtext.c,reached,generated
0x001341D0,hhtext_001341D0,../hahig/hhtext.c,reached,generated
0x001341D8,hhtext_001341D8,../hahig/hhtext.c,reached,generated
0x00134288,hhModelUseTexWaitSet,../hahig/hhtext.c,reached,prose_label
0x00134668,hhdrawlk_00134668,../hahig/hhdrawlk.c,reached,generated
0x00134698,hhdrawlk_00134698,../hahig/hhdrawlk.c,reached,generated
0x00134728,hhDrawLinkAdd,../hahig/hhdrawlk.c,reached,recovered
0x00134838,DrawLink,../hahig/hhdrawlk.c,reached,prose_label
0x00134888,hhdrawlk_00134888,../hahig/hhdrawlk.c,reached,generated
0x001348A8,hhdrawlk_001348A8,../hahig/hhdrawlk.c,reached,generated
0x00134920,hhdrawlk_00134920,../hahig/hhdrawlk.c,unreferenced,generated
0x001349D0,hhdrawlk_001349D0,../hahig/hhdrawlk.c,unreferenced,generated
0x00134AF0,hhdrawlk_00134AF0,../hahig/hhdrawlk.c,reached,generated
0x00134B58,hhDrawPrintf,../hahig/hhdrawlk.c,reached,manual
0x00134C90,hhdrawlk_00134C90,../hahig/hhdrawlk.c,reached,generated
0x001350D8,hhdrawlk_001350D8,../hahig/hhdrawlk.c,unreferenced,generated
0x00135180,hhdrawlk_00135180,../hahig/hhdrawlk.c,reached,generated
0x00135398,hhdrawlk_00135398,../hahig/hhdrawlk.c,unreferenced,generated
0x00135448,hhdrawlk_00135448,../hahig/hhdrawlk.c,unreferenced,generated
0x001354B8,hhdrawlk_001354B8,../hahig/hhdrawlk.c,reached,generated
0x001354C0,hhdrawlk_001354C0,../hahig/hhdrawlk.c,reached,generated
0x001356C8,hhdrawlk_001356C8,../hahig/hhdrawlk.c,reached,generated
0x001357F8,hhdrawlk_001357F8,../hahig/hhdrawlk.c,reached,generated
0x00135970,hhdrawlk_00135970,../hahig/hhdrawlk.c,reached,generated
0x001359C0,hhdrawlk_001359C0,../hahig/hhdrawlk.c,reached,generated
0x001359C8,hhdrawlk_001359C8,../hahig/hhdrawlk.c,reached,generated
0x00135A08,hhdrawlk_00135A08,../hahig/hhdrawlk.c,reached,generated
0x00135A90,MotionLink,../hahig/hhdrawlk.c,reached,prose_label
0x00135AE0,hhdrawlk_00135AE0,../hahig/hhdrawlk.c,reached,generated
0x00135B10,func_00135B10,,reached,generated
0x00135B78,func_00135B78,,reached,generated
0x00135BB0,func_00135BB0,,reached,generated
0x00135C10,func_00135C10,,reached,generated
0x00135C48,func_00135C48,,reached,generated
0x00135C80,func_00135C80,,unreferenced,generated
0x00135D28,func_00135D28,,reached,generated
0x00135DC8,func_00135DC8,,reached,generated
0x00135E80,func_00135E80,,reached,generated
0x00136410,func_00136410,,reached,generated
0x00136A28,func_00136A28,,reached,generated
0x00136A40,func_00136A40,,reached,generated
0x00136EB0,func_00136EB0,,reached,generated
0x00136FB8,func_00136FB8,,reached,generated
0x00136FD0,hh_task_set_stack,../hahig/hhtask.c,reached,solo_string
0x00137078,hhtask_00137078,../hahig/hhtask.c,unreferenced,generated
0x00137088,hhtask_00137088,../hahig/hhtask.c,unreferenced,generated
0x00137090,hhTaskTrans,../hahig/hhtask.c,reached,recovered
0x001371E8,hhtask_001371E8,../hahig/hhtask.c,reached,generated
0x001371F8,hhTaskTransTo,../hahig/hhtask.c,reached,manual
0x00137218,hhtask_00137218,../hahig/hhtask.c,reached,generated
0x00137220,hhtask_00137220,../hahig/hhtask.c,reached,generated
0x00137248,hhtask_00137248,../hahig/hhtask.c,reached,generated
0x00137250,GameTask,../hahig/hhtask.c,reached,manual
0x00137290,hhtask_00137290,../hahig/hhtask.c,reached,generated
0x001372D0,hhtask_001372D0,../hahig/hhtask.c,reached,generated
0x001374D0,hhTaskKill,../hahig/hhtask.c,reached,recovered
0x001375A0,hhtask_001375A0,../hahig/hhtask.c,reached,generated
0x00137600,hhtask_00137600,../hahig/hhtask.c,reached,generated
0x00137608,hhtask_00137608,../hahig/hhtask.c,unreferenced,generated
0x00137628,hhtask_00137628,../hahig/hhtask.c,reached,generated
0x00137630,hhtask_00137630,../hahig/hhtask.c,unreferenced,generated
0x00137658,hhtask_00137658,../hahig/hhtask.c,reached,generated
0x00137680,hhtask_00137680,../hahig/hhtask.c,reached,generated
0x00137688,hhtask_00137688,../hahig/hhtask.c,unreferenced,generated
0x001376E0,TaskMan,../hahig/hhtask.c,reached,prose_label
0x00137888,func_00137888,,reached,generated
0x001378C0,func_001378C0,,reached,generated
0x001378F8,func_001378F8,,reached,generated
0x001379F8,func_001379F8,,reached,generated
0x00137B68,hhfade_00137B68,../hahig/hhfade.c,reached,generated
0x00137B88,func_00137B88,../hahig/hhfade.c,reached,generated
0x00137D80,func_00137D80,../hahig/hhfade.c,reached,generated
0x00137DB8,func_00137DB8,../hahig/hhfade.c,reached,generated
0x00137E30,hh_fade_draw_func,../hahig/hhfade.c,reached,solo_string
0x00137FF0,hhfade_00137FF0,../hahig/hhfade.c,reached,generated
0x001380D0,hhfade_001380D0,../hahig/hhfade.c,reached,generated
0x00138108,hh_fade_work_gen,../hahig/hhfade.c,reached,solo_string
0x001381B8,hhfade_001381B8,../hahig/hhfade.c,reached,generated
0x00138220,hhfade_00138220,../hahig/hhfade.c,reached,generated
0x00138248,FADECONTROLLER,../hahig/hhfade.c,reached,prose_label
0x001382D8,hhfade_001382D8,../hahig/hhfade.c,reached,generated
0x00138318,hhfade_00138318,../hahig/hhfade.c,reached,generated
0x00138370,hhfade_00138370,../hahig/hhfade.c,unreferenced,generated
0x001383C0,hhfade_001383C0,../hahig/hhfade.c,reached,generated
0x00138410,hhFadeStart,../hahig/hhfade.c,reached,recovered
0x00138528,hhfade_00138528,../hahig/hhfade.c,reached,generated
0x00138580,hhfade_00138580,../hahig/hhfade.c,reached,generated
0x001385D0,FadeController,../hahig/hhfade.c,reached,prose_label
0x00138648,hhfade_00138648,../hahig/hhfade.c,unreferenced,generated
0x00138698,hhfade_00138698,../hahig/hhfade.c,reached,generated
0x001386E0,func_001386E0,,reached,generated
0x00138720,func_00138720,,reached,generated
0x00138758,func_00138758,,reached,generated
0x001387A8,func_001387A8,,reached,generated
0x001387F0,func_001387F0,,reached,generated
0x00138838,func_00138838,,reached,generated
0x00138850,func_00138850,,unreferenced,generated
0x00138870,func_00138870,,reached,generated
0x00138880,func_00138880,,reached,generated
0x00138890,func_00138890,,reached,generated
0x001388A0,func_001388A0,,reached,generated
0x001388B0,func_001388B0,,reached,generated
0x001388C0,func_001388C0,,reached,generated
0x001388D0,func_001388D0,,reached,generated
0x001388E0,func_001388E0,,reached,generated
0x001388F8,func_001388F8,,reached,generated
0x00138998,func_00138998,,reached,generated
0x001389F8,func_001389F8,,reached,generated
0x00138A18,func_00138A18,,reached,generated
0x00138AD0,func_00138AD0,,reached,generated
0x00138B90,func_00138B90,,reached,generated
0x00138BA8,hhSceneAssign,,unreferenced,prose_label
0x00138C00,hhscene_00138C00,../hahig/hhscene.c,reached,generated
0x00138C50,hhscene_00138C50,../hahig/hhscene.c,reached,generated
0x00138C70,hhSceneDispArea,../hahig/hhscene.c,unreferenced,recovered
0x00138CC8,hhSceneEnable,../hahig/hhscene.c,unreferenced,recovered
0x00138D20,hhSceneModelAdd,../hahig/hhscene.c,unreferenced,recovered
0x00138D78,hhSceneModelRemove,../hahig/hhscene.c,unreferenced,recovered
0x00138DD0,hhSceneDefaultFlgSet,../hahig/hhscene.c,unreferenced,recovered
0x00138E28,hhscene_00138E28,../hahig/hhscene.c,reached,generated
0x001390B8,hhscene_001390B8,../hahig/hhscene.c,reached,generated
0x00139138,hhscene_00139138,../hahig/hhscene.c,reached,generated
0x00139148,hhscene_00139148,../hahig/hhscene.c,reached,generated
0x00139158,hhscene_00139158,../hahig/hhscene.c,reached,generated
0x00139178,hhscene_00139178,../hahig/hhscene.c,reached,generated
0x00139180,SCENECONTROLLER,../hahig/hhscene.c,reached,prose_label
0x001391E0,func_001391E0,,reached,generated
0x00139240,func_00139240,,unreferenced,generated
0x00139280,func_00139280,,reached,generated
0x001396A0,hh_particle_line_packet_create,../hahig/hhpartic.c,reached,solo_string
0x00139AD8,hhpartic_00139AD8,../hahig/hhpartic.c,reached,generated
0x00139C88,hhpartic_00139C88,../hahig/hhpartic.c,reached,generated
0x0013A600,hhpartic_0013A600,../hahig/hhpartic.c,reached,generated
0x0013ADF0,hhpartic_0013ADF0,../hahig/hhpartic.c,reached,generated
0x0013B1B8,hhpartic_0013B1B8,../hahig/hhpartic.c,reached,generated
0x0013B1D8,HahiGParticleDraw,../hahig/hhpartic.c,reached,manual
0x0013B450,HahiGParticleDraw_2,../hahig/hhpartic.c,reached,manual
0x0013B710,hhpartic_0013B710,../hahig/hhpartic.c,reached,generated
0x0013B740,hh_particle_init,../hahig/hhpartic.c,reached,solo_string
0x0013B9C8,func_0013B9C8,,reached,generated
0x0013BA30,func_0013BA30,,reached,generated
0x0013BA58,func_0013BA58,,reached,generated
0x0013BA60,func_0013BA60,,reached,generated
0x0013BA70,func_0013BA70,,reached,generated
0x0013BAF0,func_0013BAF0,,reached,generated
0x0013BB00,func_0013BB00,,reached,generated
0x0013BB10,func_0013BB10,,reached,generated
0x0013BB20,func_0013BB20,,reached,generated
0x0013BB30,func_0013BB30,,reached,generated
0x0013BB40,func_0013BB40,,reached,generated
0x0013BB50,func_0013BB50,,reached,generated
0x0013BB60,func_0013BB60,,reached,generated
0x0013BB70,func_0013BB70,,reached,generated
0x0013BB80,func_0013BB80,,reached,generated
0x0013BB90,func_0013BB90,,reached,generated
0x0013BBA0,func_0013BBA0,,reached,generated
0x0013BBB0,func_0013BBB0,,reached,generated
0x0013BBC0,func_0013BBC0,,reached,generated
0x0013BBD0,func_0013BBD0,,unreferenced,generated
0x0013BC30,func_0013BC30,,unreferenced,generated
0x0013BC40,func_0013BC40,,unreferenced,generated
0x0013BCD0,func_0013BCD0,,reached,generated
0x0013BE08,func_0013BE08,,reached,generated
0x0013BE90,func_0013BE90,,reached,generated
0x0013BF38,func_0013BF38,,reached,generated
0x0013BFA8,func_0013BFA8,,reached,generated
0x0013C030,func_0013C030,,unreferenced,generated
0x0013C078,func_0013C078,,unreferenced,generated
0x0013C0C8,func_0013C0C8,,unreferenced,generated
0x0013C0D4,func_0013C0D4,,reached,generated
0x0013C18C,func_0013C18C,,reached,generated
0x0013C250,hhmesh_0013C250,../hahig/hhmesh.c,reached,generated
0x0013C260,hhMeshExit,../hahig/hhmesh.c,reached,recovered
0x0013C2D8,hhMeshOpenByID,../hahig/hhmesh.c,reached,recovered
0x0013C398,hhmesh_0013C398,../hahig/hhmesh.c,reached,generated
0x0013C430,hhmesh_0013C430,../hahig/hhmesh.c,reached,generated
0x0013C438,hhmesh_0013C438,../hahig/hhmesh.c,reached,generated
0x0013C480,hhmesh_0013C480,../hahig/hhmesh.c,reached,generated
0x0013C508,hhmesh_0013C508,../hahig/hhmesh.c,reached,generated
0x0013C558,hhmesh_0013C558,../hahig/hhmesh.c,reached,generated
0x0013C5A8,hhmesh_0013C5A8,../hahig/hhmesh.c,reached,generated
0x0013C6C8,hhmesh_0013C6C8,../hahig/hhmesh.c,reached,generated
0x0013C7B8,func_0013C7B8,,reached,generated
0x0013C838,func_0013C838,,unreferenced,generated
0x0013C848,func_0013C848,,reached,generated
0x0013C858,func_0013C858,,unreferenced,generated
0x0013C870,func_0013C870,,reached,generated
0x0013C880,func_0013C880,,reached,generated
0x0013C890,func_0013C890,,unreferenced,generated
0x0013C8A0,func_0013C8A0,,unreferenced,generated
0x0013C8B0,func_0013C8B0,,unreferenced,generated
0x0013C8C0,func_0013C8C0,,unreferenced,generated
0x0013C8D0,func_0013C8D0,,unreferenced,generated
0x0013C8D8,func_0013C8D8,,reached,generated
0x0013CD68,hhprim3d_0013CD68,../hahig/hhprim3d.c,reached,generated
0x0013CEF0,HahiG3DPrimDraw,../hahig/hhprim3d.c,reached,prose_label
0x0013D218,hhprim3d_0013D218,../hahig/hhprim3d.c,reached,generated
0x0013D260,Prim3d,../hahig/hhprim3d.c,reached,prose_label
0x0013D298,hhprim3d_0013D298,../hahig/hhprim3d.c,reached,generated
0x0013D2B8,hhprim3d_0013D2B8,../hahig/hhprim3d.c,unreferenced,generated
0x0013D348,hhprim3d_0013D348,../hahig/hhprim3d.c,unreferenced,generated
0x0013D370,hhprim3d_0013D370,../hahig/hhprim3d.c,unreferenced,generated
0x0013D398,hhprim3d_0013D398,../hahig/hhprim3d.c,unreferenced,generated
0x0013D3C0,hhprim3d_0013D3C0,../hahig/hhprim3d.c,unreferenced,generated
0x0013D3E8,hhprim3d_0013D3E8,../hahig/hhprim3d.c,unreferenced,generated
0x0013D410,hhprim3d_0013D410,../hahig/hhprim3d.c,unreferenced,generated
0x0013D438,hhprim3d_0013D438,../hahig/hhprim3d.c,unreferenced,generated
0x0013D4D0,hhprim3d_0013D4D0,../hahig/hhprim3d.c,unreferenced,generated
0x0013D4F0,hhprim3d_0013D4F0,../hahig/hhprim3d.c,unreferenced,generated
0x0013D538,hhprim3d_0013D538,../hahig/hhprim3d.c,unreferenced,generated
0x0013D580,hhprim3d_0013D580,../hahig/hhprim3d.c,reached,generated
0x0013D5A0,hhprim3d_0013D5A0,../hahig/hhprim3d.c,reached,generated
0x0013D638,hhprim3d_0013D638,../hahig/hhprim3d.c,reached,generated
0x0013D688,hhprim3d_0013D688,../hahig/hhprim3d.c,reached,generated
0x0013D798,hhprim3d_0013D798,../hahig/hhprim3d.c,reached,generated
0x0013D808,D_options,../hahig/hhprim3d.c,reached,menu_label
0x0013D850,hhprim3d_0013D850,../hahig/hhprim3d.c,reached,generated
0x0013D958,hhprim3d_0013D958,../hahig/hhprim3d.c,reached,generated
0x0013DA80,Primitives,../hahig/hhprim3d.c,reached,manual
0x0013DAD8,hhprim3d_0013DAD8,../hahig/hhprim3d.c,reached,generated
0x0013DBF8,hhprim3d_0013DBF8,../hahig/hhprim3d.c,reached,generated
0x0013DDC0,hhprim3d_0013DDC0,../hahig/hhprim3d.c,reached,generated
0x0013E130,Sprites,../hahig/hhprim3d.c,reached,menu_label
0x0013E1A8,Load_and_show_a_still,../hahig/hhprim3d.c,reached,menu_label
0x0013E2A0,Drawing_Packed_texture_parts,../hahig/hhprim3d.c,reached,menu_label
0x0013E3A0,Sprite_functions,../hahig/hhprim3d.c,reached,menu_label
0x0013E780,Texture_release_timing,../hahig/hhprim3d.c,reached,menu_label
0x0013E8D0,Sprite_parenting,../hahig/hhprim3d.c,reached,menu_label
0x0013EB78,Tasks,../hahig/hhprim3d.c,reached,menu_label
0x0013EBB0,hhprim3d_0013EBB0,../hahig/hhprim3d.c,reached,generated
0x0013EC70,hhprim3d_0013EC70,../hahig/hhprim3d.c,reached,generated
0x0013ED08,D_object_techniques,../hahig/hhprim3d.c,reached,menu_label
0x0013ED40,hhprim3d_0013ED40,../hahig/hhprim3d.c,reached,generated
0x0013EEB0,gsprim_0013EEB0,gsprim.c,reached,generated
0x0013EF00,gsprim_0013EF00,gsprim.c,reached,generated
0x0013EF70,gsprim_0013EF70,gsprim.c,reached,generated
0x0013F070,gsprim2_0013F070,gsprim2.c,reached,generated
0x0013F0C0,gsprim2_0013F0C0,gsprim2.c,reached,generated
0x0013F120,gsprim2_0013F120,gsprim2.c,reached,generated
0x0013F1A8,func_0013F1A8,,reached,generated
0x0013F228,gsenv_0013F228,gsenv.c,reached,generated
0x0013F408,gsenv_0013F408,gsenv.c,reached,generated
0x0013F500,gsenv_0013F500,gsenv.c,reached,generated
0x0013F578,gsenv_0013F578,gsenv.c,reached,generated
0x0013F660,gsenv_0013F660,gsenv.c,reached,generated
0x0013F768,gsenv_0013F768,gsenv.c,reached,generated
0x0013F7E8,gsenv_0013F7E8,gsenv.c,reached,generated
0x0013F8D8,gsenv_0013F8D8,gsenv.c,reached,generated
0x0013F9C8,gsenv_0013F9C8,gsenv.c,reached,generated
0x0013FA00,gsenv_0013FA00,gsenv.c,reached,generated
0x0013FA40,gsenv_0013FA40,gsenv.c,unreferenced,generated
0x0013FA58,gsenv_0013FA58,gsenv.c,unreferenced,generated
0x0013FA98,gsenv_0013FA98,gsenv.c,unreferenced,generated
0x0013FAD8,gsenv_0013FAD8,gsenv.c,reached,generated
0x0013FB30,gsenv_0013FB30,gsenv.c,unreferenced,generated
0x0013FBB8,gsenv_0013FBB8,gsenv.c,unreferenced,generated
0x0013FC00,gsenv_0013FC00,gsenv.c,reached,generated
0x0013FC20,gsenv_0013FC20,gsenv.c,reached,generated
0x0013FC48,gsenv_0013FC48,gsenv.c,unreferenced,generated
0x0013FC60,gsenv_0013FC60,gsenv.c,unreferenced,generated
0x0013FD30,gsenv_0013FD30,gsenv.c,unreferenced,generated
0x0013FD48,gsenv_0013FD48,gsenv.c,unreferenced,generated
0x0013FD68,gsenv_0013FD68,gsenv.c,reached,generated
0x0013FD90,gsenv_0013FD90,gsenv.c,unreferenced,generated
0x0013FDA8,gsenv_0013FDA8,gsenv.c,unreferenced,generated
0x0013FE00,gsenv_0013FE00,gsenv.c,reached,generated
0x0013FE18,gsenv_0013FE18,gsenv.c,unreferenced,generated
0x0013FE40,gsenv_0013FE40,gsenv.c,unreferenced,generated
0x0013FE70,gsenv_0013FE70,gsenv.c,reached,generated
0x0013FEA0,gsenv_0013FEA0,gsenv.c,reached,generated
0x0013FF00,gsenv_0013FF00,gsenv.c,reached,generated
0x0013FFC8,gsenv_0013FFC8,gsenv.c,reached,generated
0x00140048,SnapShotWriteBmp,gsenv.c,reached,manual
0x00140118,SnapShotTask,gsenv.c,reached,manual
0x00140178,gsenv_00140178,gsenv.c,reached,generated
0x00140188,SnapShotUpdate,gsenv.c,reached,manual
0x001401F0,SnapShotInit,gsenv.c,reached,manual
0x00140278,SnapShotExit,gsenv.c,reached,manual
0x001402D0,gsenv_001402D0,gsenv.c,unreferenced,generated
0x00140350,gsenv_00140350,gsenv.c,unreferenced,generated
0x001403C8,gsenv_001403C8,gsenv.c,unreferenced,generated
0x00140410,gsenv_00140410,gsenv.c,unreferenced,generated
0x001404F8,gsenv_001404F8,gsenv.c,reached,generated
0x00140678,func_00140678,gsenv.c,unreferenced,generated
0x00140690,gsenv_00140690,gsenv.c,reached,generated
0x001406F8,gsenv_001406F8,gsenv.c,reached,generated
0x00140768,gsenv_00140768,gsenv.c,reached,generated
0x001407E0,gsenv_001407E0,gsenv.c,reached,generated
0x001408A8,func_001408A8,,unreferenced,generated
0x001408B0,overlayLoad,,reached,manual
0x00140928,func_00140928,,unreferenced,generated
0x00140990,overlayEnter,,reached,manual
0x001409C8,func_001409C8,,reached,generated
0x00140A40,func_00140A40,,reached,generated
0x00140A78,func_00140A78,,reached,generated
0x00140AB8,func_00140AB8,,reached,generated
0x00140B10,memcard_00140B10,memcard.c,reached,generated
0x00140B20,memcard_00140B20,memcard.c,reached,generated
0x00140B30,func_00140B30,memcard.c,unreferenced,generated
0x00140B40,func_00140B40,memcard.c,unreferenced,generated
0x00140B50,func_00140B50,memcard.c,unreferenced,generated
0x00140B60,func_00140B60,memcard.c,reached,generated
0x00140B70,memcard_00140B70,memcard.c,reached,generated
0x00140BD8,memcard_00140BD8,memcard.c,unreferenced,generated
0x00140BE0,memcard_00140BE0,memcard.c,reached,generated
0x00140CF0,memcard_00140CF0,memcard.c,reached,generated
0x00140D80,memcard_00140D80,memcard.c,reached,generated
0x00140E20,memcard_00140E20,memcard.c,reached,generated
0x00140EA8,memcard_00140EA8,memcard.c,reached,generated
0x00140F48,memcard_00140F48,memcard.c,reached,generated
0x00140FD0,memcard_00140FD0,memcard.c,reached,generated
0x00141068,memcard_00141068,memcard.c,unreferenced,generated
0x001410F0,memcard_001410F0,memcard.c,reached,generated
0x001411F8,memcard_001411F8,memcard.c,unreferenced,generated
0x00141218,memcard_00141218,memcard.c,reached,generated
0x001412A0,memcard_001412A0,memcard.c,reached,generated
0x00141330,memcard_00141330,memcard.c,reached,generated
0x001413E8,memcard_001413E8,memcard.c,unreferenced,generated
0x00141478,memcard_00141478,memcard.c,reached,generated
0x00141530,memcard_00141530,memcard.c,unreferenced,generated
0x001415C0,memcard_001415C0,memcard.c,reached,generated
0x00141648,memcard_00141648,memcard.c,reached,generated
0x00141700,adpcm_00141700,adpcm.c,reached,generated
0x00141768,adpcm_00141768,adpcm.c,reached,generated
0x001417D8,adpcm_001417D8,adpcm.c,reached,generated
0x00141860,adpcm_00141860,adpcm.c,reached,generated
0x00141958,adpcm_00141958,adpcm.c,unreferenced,generated
0x00141A00,adpcm_00141A00,adpcm.c,reached,generated
0x00141A40,adpcm_00141A40,adpcm.c,reached,generated
0x00141AD0,adpcm_00141AD0,adpcm.c,reached,generated
0x00141BA0,adpcm_00141BA0,adpcm.c,unreferenced,generated
0x00141CF0,adpcm_00141CF0,adpcm.c,unreferenced,generated
0x00141D58,adpcm_00141D58,adpcm.c,reached,generated
0x00141DA0,adpcm_00141DA0,adpcm.c,unreferenced,generated
0x00141E40,adpcm_00141E40,adpcm.c,reached,generated
0x00141E98,adpcm_00141E98,adpcm.c,reached,generated
0x00141F20,adpcm_00141F20,adpcm.c,unreferenced,generated
0x00141F68,adpcm_00141F68,adpcm.c,reached,generated
0x00141F78,adpcm_00141F78,adpcm.c,reached,generated
0x00141F98,adpcm_00141F98,adpcm.c,reached,generated
0x00142038,adpcm_00142038,adpcm.c,reached,generated
0x00142090,adpcm_00142090,adpcm.c,reached,generated
0x00142158,adpcm_00142158,adpcm.c,reached,generated
0x001421D8,adpcm_001421D8,adpcm.c,unreferenced,generated
0x001421E8,adpcm_001421E8,adpcm.c,unreferenced,generated
0x001421F8,adpcm_001421F8,adpcm.c,reached,generated
0x00142210,adpcm_00142210,adpcm.c,reached,generated
0x001423B8,adpcm_001423B8,adpcm.c,reached,generated
0x00142608,adpcm_00142608,adpcm.c,reached,generated
0x00142668,adpcm_00142668,adpcm.c,reached,generated
0x001426F8,adpcm_001426F8,adpcm.c,reached,generated
0x001427B0,adpcm_001427B0,adpcm.c,reached,generated
0x00142878,adpcm_00142878,adpcm.c,reached,generated
0x001428F0,adpcm_001428F0,adpcm.c,reached,generated
0x001429A0,adpcm_001429A0,adpcm.c,reached,generated
0x00142A18,Frame1Clear,adpcm.c,reached,trace_string
0x00142A80,adpcm_00142A80,adpcm.c,reached,generated
0x00142B08,adpcm_00142B08,adpcm.c,reached,generated
0x00142B40,adpcm_00142B40,adpcm.c,reached,generated
0x00142BA0,adpcm_00142BA0,adpcm.c,reached,generated
0x00142BC8,adpcm_00142BC8,adpcm.c,reached,generated
0x00142C08,adpcm_00142C08,adpcm.c,reached,generated
0x00142C70,adpcm_00142C70,adpcm.c,reached,generated
0x00142CB8,adpcm_00142CB8,adpcm.c,unreferenced,generated
0x00142CC0,adpcm_00142CC0,adpcm.c,unreferenced,generated
0x00142CC8,adpcm_00142CC8,adpcm.c,reached,generated
0x00142CD0,adpcm_00142CD0,adpcm.c,unreferenced,generated
0x00142CD8,adpcm_00142CD8,adpcm.c,unreferenced,generated
0x00142CE0,adpcm_00142CE0,adpcm.c,reached,generated
0x00142DE8,adpcm_00142DE8,adpcm.c,reached,generated
0x00142F10,adpcm_00142F10,adpcm.c,reached,generated
0x00142F98,adpcm_00142F98,adpcm.c,reached,generated
0x00143010,adpcm_00143010,adpcm.c,reached,generated
0x00143060,adpcm_00143060,adpcm.c,reached,generated
0x00143138,adpcm_00143138,adpcm.c,reached,generated
0x00143188,adpcm_00143188,adpcm.c,unreferenced,generated
0x00143210,adpcm_00143210,adpcm.c,reached,generated
0x001432F8,adpcm_001432F8,adpcm.c,reached,generated
0x001433A8,dbgPrintf,adpcm.c,reached,manual
0x001434B0,adpcm_001434B0,adpcm.c,reached,generated
0x00143520,adpcm_00143520,adpcm.c,reached,generated
0x001435C8,adpcm_001435C8,adpcm.c,unreferenced,generated
0x00143678,adpcm_00143678,adpcm.c,reached,generated
0x001436F0,adpcm_001436F0,adpcm.c,reached,generated
0x00143740,adpcm_00143740,adpcm.c,reached,generated
0x001437C0,adpcm_001437C0,adpcm.c,reached,generated
0x00143858,adpcm_00143858,adpcm.c,reached,generated
0x001438C8,adpcm_001438C8,adpcm.c,reached,generated
0x00143908,adpcm_00143908,adpcm.c,reached,generated
0x00143918,adpcm_00143918,adpcm.c,reached,generated
0x00143928,adpcm_00143928,adpcm.c,reached,generated
0x001439E0,adpcm_001439E0,adpcm.c,reached,generated
0x00143A28,adpcm_00143A28,adpcm.c,reached,generated
0x00143A78,adpcm_00143A78,adpcm.c,reached,generated
0x00143AA0,InsockAccept,adpcm.c,reached,prose_label
0x00143B10,InsockBind,adpcm.c,reached,prose_label
0x00143B90,InsockConnect,adpcm.c,unreferenced,prose_label
0x00143C20,InsockListen,adpcm.c,reached,prose_label
0x00143C70,InsockRecv,adpcm.c,reached,prose_label
0x00143CC8,InsockSend,adpcm.c,unreferenced,prose_label
0x00143D20,InsockShutdown,adpcm.c,reached,prose_label
0x00143D80,InsockSocket,adpcm.c,reached,prose_label
0x00143DE8,InsockTerminate,adpcm.c,reached,prose_label
0x00143E60,InsockAbort,adpcm.c,reached,prose_label
0x00143EA8,adpcm_00143EA8,adpcm.c,reached,generated
0x00143FF0,inrecv_00143FF0,inrecv.c,reached,generated
0x00144128,inrecv_00144128,inrecv.c,reached,generated
0x00144188,inrecv_00144188,inrecv.c,reached,generated
0x001441F0,inrecv_001441F0,inrecv.c,unreferenced,generated
0x00144220,inrecv_00144220,inrecv.c,reached,generated
0x001442E8,inrecv_001442E8,inrecv.c,reached,generated
0x00144348,inrecv_00144348,inrecv.c,reached,generated
0x00144360,inrecv_00144360,inrecv.c,reached,generated
0x001443C0,inrecv_001443C0,inrecv.c,reached,generated
0x001446A8,inrecv_001446A8,inrecv.c,reached,generated
0x00144840,Creating_network_setup_file,inrecv.c,reached,prose_label
0x001449A0,inrecv_001449A0,inrecv.c,reached,generated
0x001449E8,inrecv_001449E8,inrecv.c,reached,generated
0x00144AA8,inrecv_00144AA8,inrecv.c,reached,generated
0x00144B30,inrecv_00144B30,inrecv.c,reached,generated
0x00144B48,inrecv_00144B48,inrecv.c,reached,generated
0x00144BD0,inrecv_00144BD0,inrecv.c,reached,generated
0x00144C90,inrecv_00144C90,inrecv.c,reached,generated
0x00144D08,inrecv_00144D08,inrecv.c,reached,generated
0x00144E08,inrecv_00144E08,inrecv.c,reached,generated
0x00144EB0,inrecv_00144EB0,inrecv.c,reached,generated
0x00144F20,inrecv_00144F20,inrecv.c,reached,generated
0x00145058,inrecv_00145058,inrecv.c,reached,generated
0x00145100,inrecv_00145100,inrecv.c,reached,generated
0x00145180,inrecv_00145180,inrecv.c,reached,generated
0x001453D0,inrecv_001453D0,inrecv.c,reached,generated
0x00145418,inrecv_00145418,inrecv.c,reached,generated
0x00145440,inrecv_00145440,inrecv.c,reached,generated
0x00145468,inrecv_00145468,inrecv.c,reached,generated
0x00145498,inrecv_00145498,inrecv.c,reached,generated
0x00145530,inrecv_00145530,inrecv.c,reached,generated
0x00145578,inrecv_00145578,inrecv.c,unreferenced,generated
0x001455A0,inrecv_001455A0,inrecv.c,unreferenced,generated
0x001455C8,inrecv_001455C8,inrecv.c,reached,generated
0x001455F0,inrecv_001455F0,inrecv.c,reached,generated
0x00145610,func_00145610,,reached,generated
0x00145698,func_00145698,,reached,generated
0x001456E8,func_001456E8,,reached,generated
0x00145700,func_00145700,,reached,generated
0x00145718,func_00145718,,reached,generated
0x00145760,func_00145760,,reached,generated
0x00145840,func_00145840,,reached,generated
0x00145950,func_00145950,,reached,generated
0x00145A38,func_00145A38,,reached,generated
0x00145B80,func_00145B80,,reached,generated
0x00145C78,func_00145C78,,reached,generated
0x00145E00,func_00145E00,,reached,generated
0x00145FD0,func_00145FD0,,reached,generated
0x00145FF8,func_00145FF8,,reached,generated
0x00146000,func_00146000,,reached,generated
0x00146130,func_00146130,,reached,generated
0x00146180,func_00146180,,reached,generated
0x001461C8,func_001461C8,,reached,generated
0x00146210,ui_place_piece,,reached,manual
0x00146260,func_00146260,,unreferenced,generated
0x001462A0,func_001462A0,,reached,generated
0x001462E0,func_001462E0,,reached,generated
0x001462F0,func_001462F0,,reached,generated
0x00146368,func_00146368,,reached,generated
0x00146420,func_00146420,,reached,generated
0x001464D8,func_001464D8,,reached,generated
0x001465A8,func_001465A8,,reached,generated
0x00146628,func_00146628,,reached,generated
0x00146780,bind_00146780,bind.c,reached,generated
0x001467C0,bind_001467C0,bind.c,reached,generated
0x001467F0,func_001467F0,bind.c,unreferenced,generated
0x00146858,bind_00146858,bind.c,reached,generated
0x001468F0,bind_001468F0,bind.c,reached,generated
0x00146988,bind_00146988,bind.c,reached,generated
0x001469B8,bind_001469B8,bind.c,reached,generated
0x00146A10,bind_00146A10,bind.c,reached,generated
0x00146B30,bind_00146B30,bind.c,reached,generated
0x00146C10,bind_00146C10,bind.c,reached,generated
0x00146C40,bind_00146C40,bind.c,reached,generated
0x00146C70,bind_00146C70,bind.c,reached,generated
0x00146CC0,bind_00146CC0,bind.c,reached,generated
0x00146D18,bind_00146D18,bind.c,reached,generated
0x00146D40,bind_00146D40,bind.c,reached,generated
0x00146DD0,bind_00146DD0,bind.c,reached,generated
0x00146E20,bind_00146E20,bind.c,reached,generated
0x00146E78,bind_00146E78,bind.c,reached,generated
0x00146F08,func_00146F08,,reached,generated
0x00146FA8,func_00146FA8,,reached,generated
0x00147058,func_00147058,,reached,generated
0x00147140,text_00147140,text.c,reached,generated
0x00147180,text_00147180,text.c,reached,generated
0x001471A8,text_001471A8,text.c,reached,generated
0x00147218,text_00147218,text.c,reached,generated
0x00147298,text_00147298,text.c,unreferenced,generated
0x00147338,text_00147338,text.c,reached,generated
0x00147398,text_00147398,text.c,reached,generated
0x001474A8,text_001474A8,text.c,unreferenced,generated
0x00147668,text_00147668,text.c,reached,generated
0x001477F8,text_001477F8,text.c,reached,generated
0x00147960,func_00147960,,reached,generated
0x001479F8,func_001479F8,,reached,generated
0x00147A20,func_00147A20,,reached,generated
0x00147A48,func_00147A48,,reached,generated
0x00147A70,func_00147A70,,reached,generated
0x00147A98,func_00147A98,,reached,generated
0x00147AD8,func_00147AD8,,reached,generated
0x00147B00,func_00147B00,,reached,generated
0x00147B08,func_00147B08,,reached,generated
0x00147B78,ui_text_rect,,reached,manual
0x00147C58,func_00147C58,,reached,generated
0x00147C90,ui_char_advance,,reached,manual
0x00147CC8,func_00147CC8,,reached,generated
0x00147D70,func_00147D70,,reached,generated
0x00147E38,func_00147E38,,reached,generated
0x00147E90,code_00147E90,code.c,reached,generated
0x00147ED8,func_00147ED8,code.c,reached,generated
0x00147F30,code_00147F30,code.c,reached,generated
0x00147FB0,code_00147FB0,code.c,unreferenced,generated
0x00147FD8,code_00147FD8,code.c,unreferenced,generated
0x00148000,code_00148000,code.c,reached,generated
0x001480A8,code_001480A8,code.c,unreferenced,generated
0x001481B8,code_001481B8,code.c,reached,generated
0x00148218,code_00148218,code.c,unreferenced,generated
0x00148240,code_00148240,code.c,reached,generated
0x00148268,code_00148268,code.c,reached,generated
0x00148320,code_00148320,code.c,reached,generated
0x00148348,code_00148348,code.c,reached,generated
0x00148370,code_00148370,code.c,reached,generated
0x001483F0,code_001483F0,code.c,reached,generated
0x00148418,code_00148418,code.c,reached,generated
0x00148570,code_00148570,code.c,reached,generated
0x001485D8,code_001485D8,code.c,reached,generated
0x00148600,code_00148600,code.c,reached,generated
0x00148628,code_00148628,code.c,unreferenced,generated
0x00148650,code_00148650,code.c,unreferenced,generated
0x00148668,code_00148668,code.c,reached,generated
0x00148700,code_00148700,code.c,reached,generated
0x00148788,code_00148788,code.c,unreferenced,generated
0x001487B0,code_001487B0,code.c,reached,generated
0x001487D8,fn_null,code.c,unreferenced,prose_label
0x00148818,fn_exit,code.c,unreferenced,prose_label
0x00148858,fn_goto,code.c,unreferenced,prose_label
0x001488A8,fn_call,code.c,unreferenced,prose_label
0x00148900,fn_return,code.c,unreferenced,prose_label
0x00148940,fn_ifcall,code.c,unreferenced,prose_label
0x00148A68,fn_ifgoto,code.c,unreferenced,prose_label
0x00148B80,code_00148B80,code.c,reached,generated
0x00148C00,code_00148C00,code.c,reached,generated
0x00148C48,code_00148C48,code.c,reached,generated
0x00148C60,code_00148C60,code.c,reached,generated
0x00148CA0,code_00148CA0,code.c,reached,generated
0x00148CD8,code_00148CD8,code.c,reached,generated
0x00148D68,code_00148D68,code.c,reached,generated
0x00148D98,code_00148D98,code.c,reached,generated
0x00148E00,code_00148E00,code.c,reached,generated
0x00148E20,code_00148E20,code.c,unreferenced,generated
0x00148E48,code_00148E48,code.c,unreferenced,generated
0x00148E70,code_00148E70,code.c,unreferenced,generated
0x00148EA8,code_00148EA8,code.c,unreferenced,generated
0x00148ED0,code_00148ED0,code.c,reached,generated
0x00148EE8,code_00148EE8,code.c,reached,generated
0x00148F50,code_00148F50,code.c,reached,generated
0x00148F98,code_00148F98,code.c,reached,generated
0x00148FD0,code_00148FD0,code.c,reached,generated
0x00149018,code_00149018,code.c,unreferenced,generated
0x00149050,code_00149050,code.c,unreferenced,generated
0x001490B8,code_001490B8,code.c,reached,generated
0x00149118,code_00149118,code.c,reached,generated
0x00149130,code_00149130,code.c,unreferenced,generated
0x00149140,code_00149140,code.c,reached,generated
0x00149160,code_00149160,code.c,reached,generated
0x00149178,code_00149178,code.c,reached,generated
0x001491A0,code_001491A0,code.c,reached,generated
0x00149258,Exiting,code.c,reached,prose_label
0x001492C0,Canceled,code.c,reached,prose_label
0x001493B8,code_001493B8,code.c,reached,generated
0x001494D8,code_001494D8,code.c,reached,generated
0x00149530,code_00149530,code.c,reached,generated
0x00149618,Can_t_pick,code.c,reached,prose_label
0x00149770,code_00149770,code.c,reached,generated
0x00149A70,code_00149A70,code.c,reached,generated
0x0014A268,func_0014A268,,reached,generated
0x0014A290,func_0014A290,,reached,generated
0x0014A2B0,my_heapadrs,malloc.c,reached,prose_label
0x0014A420,malloc_0014A420,malloc.c,reached,generated
0x0014A530,malloc_0014A530,malloc.c,reached,generated
0x0014A6B8,malloc_0014A6B8,malloc.c,reached,generated
0x0014A740,malloc_0014A740,malloc.c,reached,generated
0x0014A790,malloc_0014A790,malloc.c,reached,generated
0x0014A7D8,malloc_0014A7D8,malloc.c,reached,generated
0x0014A7F8,malloc_0014A7F8,malloc.c,reached,generated
0x0014A910,malloc_0014A910,malloc.c,reached,generated
0x0014ABA0,malloc_0014ABA0,malloc.c,unreferenced,generated
0x0014AF30,malloc_0014AF30,malloc.c,reached,generated
0x0014AFD0,malloc_0014AFD0,malloc.c,reached,generated
0x0014AFE0,malloc_0014AFE0,malloc.c,reached,generated
0x0014B038,malloc_0014B038,malloc.c,unreferenced,generated
0x0014B0A0,malloc_0014B0A0,malloc.c,unreferenced,generated
0x0014B108,malloc_0014B108,malloc.c,unreferenced,generated
0x0014B170,malloc_0014B170,malloc.c,unreferenced,generated
0x0014B1D8,malloc_0014B1D8,malloc.c,unreferenced,generated
0x0014B1E0,malloc_0014B1E0,malloc.c,unreferenced,generated
0x0014B218,malloc_0014B218,malloc.c,reached,generated
0x0014B258,malloc_0014B258,malloc.c,reached,generated
0x0014B3E8,malloc_0014B3E8,malloc.c,reached,generated
0x0014B410,ui_obj_enable,malloc.c,reached,manual
0x0014B458,malloc_0014B458,malloc.c,reached,generated
0x0014B4A0,malloc_0014B4A0,malloc.c,reached,generated
0x0014B520,malloc_0014B520,malloc.c,reached,generated
0x0014B5A0,ui_draw_sprite,malloc.c,reached,manual
0x0014B5D8,malloc_0014B5D8,malloc.c,reached,generated
0x0014B628,malloc_0014B628,malloc.c,unreferenced,generated
0x0014B668,malloc_0014B668,malloc.c,reached,generated
0x0014B6C8,malloc_0014B6C8,malloc.c,reached,generated
0x0014B738,malloc_0014B738,malloc.c,reached,generated
0x0014B7B8,malloc_0014B7B8,malloc.c,reached,generated
0x0014B838,malloc_0014B838,malloc.c,reached,generated
0x0014B898,malloc_0014B898,malloc.c,reached,generated
0x0014B988,malloc_0014B988,malloc.c,reached,generated
0x0014B9D8,malloc_0014B9D8,malloc.c,reached,generated
0x0014BA18,malloc_0014BA18,malloc.c,reached,generated
0x0014BA58,malloc_0014BA58,malloc.c,unreferenced,generated
0x0014BA90,malloc_0014BA90,malloc.c,reached,generated
0x0014BB08,malloc_0014BB08,malloc.c,unreferenced,generated
0x0014BB88,malloc_0014BB88,malloc.c,reached,generated
0x0014BCB8,malloc_0014BCB8,malloc.c,reached,generated
0x0014BCF8,malloc_0014BCF8,malloc.c,reached,generated
0x0014BD10,malloc_0014BD10,malloc.c,reached,generated
0x0014BD80,malloc_0014BD80,malloc.c,reached,generated
0x0014BDF0,malloc_0014BDF0,malloc.c,reached,generated
0x0014BE58,malloc_0014BE58,malloc.c,reached,generated
0x0014BE90,malloc_0014BE90,malloc.c,reached,generated
0x0014BF30,malloc_0014BF30,malloc.c,reached,generated
0x0014BF50,malloc_0014BF50,malloc.c,reached,generated
0x0014BF98,malloc_0014BF98,malloc.c,unreferenced,generated
0x0014BFE0,malloc_0014BFE0,malloc.c,unreferenced,generated
0x0014C008,malloc_0014C008,malloc.c,reached,generated
0x0014C100,malloc_0014C100,malloc.c,reached,generated
0x0014C168,malloc_0014C168,malloc.c,reached,generated
0x0014C1B0,malloc_0014C1B0,malloc.c,reached,generated
0x0014C1F8,malloc_0014C1F8,malloc.c,unreferenced,generated
0x0014C268,malloc_0014C268,malloc.c,reached,generated
0x0014C2F0,malloc_0014C2F0,malloc.c,reached,generated
0x0014C408,malloc_0014C408,malloc.c,reached,generated
0x0014C4A8,malloc_0014C4A8,malloc.c,reached,generated
0x0014C5D0,malloc_0014C5D0,malloc.c,reached,generated
0x0014C5F8,malloc_0014C5F8,malloc.c,unreferenced,generated
0x0014C610,malloc_0014C610,malloc.c,reached,generated
0x0014C670,malloc_0014C670,malloc.c,reached,generated
0x0014C6B0,ui_obj_printf,malloc.c,reached,manual
0x0014C720,malloc_0014C720,malloc.c,unreferenced,generated
0x0014C760,malloc_0014C760,malloc.c,reached,generated
0x0014C7A0,malloc_0014C7A0,malloc.c,reached,generated
0x0014C868,malloc_0014C868,malloc.c,reached,generated
0x0014C8C0,malloc_0014C8C0,malloc.c,reached,generated
0x0014C918,malloc_0014C918,malloc.c,reached,generated
0x0014C990,malloc_0014C990,malloc.c,unreferenced,generated
0x0014C9B8,malloc_0014C9B8,malloc.c,reached,generated
0x0014C9F8,malloc_0014C9F8,malloc.c,reached,generated
0x0014CC18,func_0014CC18,,unreferenced,generated
0x0014CC58,func_0014CC58,,reached,generated
0x0014CCD0,func_0014CCD0,,reached,generated
0x0014CD10,func_0014CD10,,reached,generated
0x0014CD38,func_0014CD38,,reached,generated
0x0014CDB0,func_0014CDB0,,unreferenced,generated
0x0014CDF0,func_0014CDF0,,reached,generated
0x0014CE20,func_0014CE20,,reached,generated
0x0014CE48,func_0014CE48,,reached,generated
0x0014CE90,func_0014CE90,,reached,generated
0x0014CEB8,choose_text_set_pos,,reached,manual
0x0014CFB0,func_0014CFB0,,reached,generated
0x0014D0A0,func_0014D0A0,,reached,generated
0x0014D0E8,func_0014D0E8,,reached,generated
0x0014D128,func_0014D128,,reached,generated
0x0014D170,func_0014D170,,reached,generated
0x0014D1B8,func_0014D1B8,,reached,generated
0x0014D1F8,func_0014D1F8,,reached,generated
0x0014D238,choose_text_draw_fmt,,reached,manual
0x0014D2A8,func_0014D2A8,,reached,generated
0x0014D2E8,func_0014D2E8,,unreferenced,generated
0x0014D358,func_0014D358,,reached,generated
0x0014D3C8,func_0014D3C8,,reached,generated
0x0014D430,func_0014D430,,reached,generated
0x0014D498,func_0014D498,,reached,generated
0x0014D4D8,func_0014D4D8,,unreferenced,generated
0x0014D500,func_0014D500,,unreferenced,generated
0x0014D528,choose_text_width,,reached,manual
0x0014D5A0,choose_text_height,,reached,manual
0x0014D618,choose_text_set_colour,,reached,manual
0x0014D690,func_0014D690,,reached,generated
0x0014D700,func_0014D700,,reached,generated
0x0014D740,choose_0014D740,choose.c,reached,generated
0x0014D790,func_0014D790,choose.c,reached,generated
0x0014D7F8,choose_menu_add_items,choose.c,reached,manual
0x0014D980,choose_0014D980,choose.c,reached,generated
0x0014DA88,choose_0014DA88,choose.c,reached,generated
0x0014DAB0,choose_menu_create,choose.c,reached,manual
0x0014DC50,choose_0014DC50,choose.c,reached,generated
0x0014DCB0,choose_0014DCB0,choose.c,reached,generated
0x0014DCE0,choose_0014DCE0,choose.c,reached,generated
0x0014DD50,choose_0014DD50,choose.c,reached,generated
0x0014DDF8,choose_0014DDF8,choose.c,reached,generated
0x0014E228,choose_0014E228,choose.c,unreferenced,generated
0x0014E258,choose_0014E258,choose.c,reached,generated
0x0014E2B0,choose_0014E2B0,choose.c,reached,generated
0x0014E2D8,choose_0014E2D8,choose.c,reached,generated
0x0014E300,choose_0014E300,choose.c,reached,generated
0x0014E3C0,choose_0014E3C0,choose.c,reached,generated
0x0014E438,choose_0014E438,choose.c,reached,generated
0x0014E4A0,choose_0014E4A0,choose.c,reached,generated
0x0014E508,choose_0014E508,choose.c,reached,generated
0x0014E530,choose_0014E530,choose.c,reached,generated
0x0014E560,choose_0014E560,choose.c,reached,generated
0x0014E5F8,choose_0014E5F8,choose.c,reached,generated
0x0014E620,choose_0014E620,choose.c,unreferenced,generated
0x0014E648,choose_0014E648,choose.c,reached,generated
0x0014E6B0,choose_0014E6B0,choose.c,reached,generated
0x0014E6F0,choose_0014E6F0,choose.c,reached,generated
0x0014E770,choose_0014E770,choose.c,reached,generated
0x0014E7F0,choose_0014E7F0,choose.c,reached,generated
0x0014E870,choose_0014E870,choose.c,unreferenced,generated
0x0014E8B8,choose_0014E8B8,choose.c,reached,generated
0x0014E900,choose_set_menu_pos,choose.c,reached,manual
0x0014E9D8,choose_0014E9D8,choose.c,reached,generated
0x0014EA18,choose_0014EA18,choose.c,reached,generated
0x0014EA70,choose_0014EA70,choose.c,reached,generated
0x0014EAE8,choose_0014EAE8,choose.c,reached,generated
0x0014EB78,choose_0014EB78,choose.c,reached,generated
0x0014EC08,choose_0014EC08,choose.c,unreferenced,generated
0x0014EC38,choose_0014EC38,choose.c,unreferenced,generated
0x0014EC68,choose_0014EC68,choose.c,reached,generated
0x0014ECB0,choose_0014ECB0,choose.c,reached,generated
0x0014EED8,choose_0014EED8,choose.c,reached,generated
0x0014EF18,choose_0014EF18,choose.c,reached,generated
0x0014EF40,choose_0014EF40,choose.c,reached,generated
0x0014F000,choose_0014F000,choose.c,reached,generated
0x0014F040,choose_0014F040,choose.c,reached,generated
0x0014F0E8,choose_0014F0E8,choose.c,reached,generated
0x0014F180,choose_0014F180,choose.c,reached,generated
0x0014F1D8,choose_0014F1D8,choose.c,reached,generated
0x0014F230,choose_0014F230,choose.c,reached,generated
0x0014F2A0,choose_0014F2A0,choose.c,reached,generated
0x0014F310,choose_0014F310,choose.c,reached,generated
0x0014F380,choose_0014F380,choose.c,reached,generated
0x0014F398,choose_0014F398,choose.c,reached,generated
0x0014F500,choose_0014F500,choose.c,reached,generated
0x0014F568,choose_0014F568,choose.c,reached,generated
0x0014F5E8,choose_0014F5E8,choose.c,reached,generated
0x0014F610,choose_0014F610,choose.c,reached,generated
0x0014F638,choose_0014F638,choose.c,reached,generated
0x0014F660,choose_0014F660,choose.c,reached,generated
0x0014F6C8,choose_0014F6C8,choose.c,reached,generated
0x0014F730,choose_0014F730,choose.c,reached,generated
0x0014F758,choose_0014F758,choose.c,reached,generated
0x0014F968,choose_0014F968,choose.c,reached,generated
0x0014F9D8,choose_0014F9D8,choose.c,reached,generated
0x0014FAA0,choose_0014FAA0,choose.c,reached,generated
0x0014FAF8,choose_0014FAF8,choose.c,reached,generated
0x0014FB68,choose_0014FB68,choose.c,reached,generated
0x0014FBD0,choose_0014FBD0,choose.c,reached,generated
0x0014FBE8,ui_resolve_x,choose.c,reached,manual
0x0014FC10,ui_resolve_y,choose.c,reached,manual
0x0014FC38,choose_0014FC38,choose.c,reached,generated
0x0014FCB8,choose_0014FCB8,choose.c,reached,generated
0x0014FD68,choose_0014FD68,choose.c,reached,generated
0x0014FD80,choose_0014FD80,choose.c,unreferenced,generated
0x0014FDB0,choose_0014FDB0,choose.c,reached,generated
0x0014FE78,choose_0014FE78,choose.c,reached,generated
0x0014FEB8,choose_0014FEB8,choose.c,reached,generated
0x0014FEE8,choose_0014FEE8,choose.c,reached,generated
0x0014FF10,choose_0014FF10,choose.c,reached,generated
0x00150168,choose_00150168,choose.c,reached,generated
0x001501B0,choose_001501B0,choose.c,reached,generated
0x001502D8,choose_001502D8,choose.c,reached,generated
0x00150300,choose_00150300,choose.c,reached,generated
0x00150308,choose_00150308,choose.c,reached,generated
0x00150350,choose_00150350,choose.c,reached,generated
0x00150388,choose_00150388,choose.c,reached,generated
0x001503D0,choose_001503D0,choose.c,reached,generated
0x001504C0,choose_001504C0,choose.c,reached,generated
0x00150650,choose_00150650,choose.c,reached,generated
0x001507C8,choose_001507C8,choose.c,reached,generated
0x001509A0,choose_001509A0,choose.c,reached,generated
0x001509E0,choose_001509E0,choose.c,reached,generated
0x00150A50,choose_00150A50,choose.c,reached,generated
0x00150AA0,choose_00150AA0,choose.c,reached,generated
0x00150AE0,choose_00150AE0,choose.c,reached,generated
0x00150B10,choose_00150B10,choose.c,reached,generated
0x00150B50,choose_00150B50,choose.c,reached,generated
0x00150C50,choose_00150C50,choose.c,reached,generated
0x00150CB0,choose_00150CB0,choose.c,reached,generated
0x00150E90,choose_00150E90,choose.c,reached,generated
0x00150FD8,choose_00150FD8,choose.c,unreferenced,generated
0x00151020,choose_00151020,choose.c,reached,generated
0x00151068,choose_00151068,choose.c,reached,generated
0x00151140,choose_00151140,choose.c,reached,generated
0x00151198,choose_00151198,choose.c,reached,generated
0x001511F0,choose_draw_cursor_arrows,choose.c,reached,manual
0x00151368,choose_00151368,choose.c,reached,generated
0x00151380,choose_00151380,choose.c,reached,generated
0x001515A8,gmmemory_001515A8,gmmemory.c,reached,generated
0x001518A0,func_001518A0,,reached,generated
0x001518C0,func_001518C0,,reached,generated
0x001518E0,func_001518E0,,reached,generated
0x00151900,func_00151900,,unreferenced,generated
0x00151958,func_00151958,,reached,generated
0x001519D0,func_001519D0,,unreferenced,generated
0x00151A28,func_00151A28,,reached,generated
0x00151AC0,func_00151AC0,,reached,generated
0x00151B18,func_00151B18,,reached,generated
0x00151B68,func_00151B68,,reached,generated
0x00151BB8,func_00151BB8,,reached,generated
0x00151D40,func_00151D40,,reached,generated
0x00151F18,func_00151F18,,reached,generated
0x00151F30,func_00151F30,,reached,generated
0x00152028,func_00152028,,unreferenced,generated
0x00152128,func_00152128,,unreferenced,generated
0x00152228,func_00152228,,unreferenced,generated
0x00152370,func_00152370,,unreferenced,generated
0x00152390,func_00152390,,unreferenced,generated
0x001523B0,func_001523B0,,reached,generated
0x001523D8,func_001523D8,,reached,generated
0x001523F0,func_001523F0,,unreferenced,generated
0x00152418,func_00152418,,reached,generated
0x00152428,func_00152428,,unreferenced,generated
0x00152480,func_00152480,,unreferenced,generated
0x001524D0,func_001524D0,,unreferenced,generated
0x00152530,func_00152530,,unreferenced,generated
0x00152588,func_00152588,,unreferenced,generated
0x001525E8,func_001525E8,,unreferenced,generated
0x00152638,func_00152638,,unreferenced,generated
0x00152690,func_00152690,,reached,generated
0x001526F0,func_001526F0,,reached,generated
0x00152740,func_00152740,,reached,generated
0x001527C8,func_001527C8,,reached,generated
0x001527F8,func_001527F8,,reached,generated
0x00152A90,func_00152A90,,reached,generated
0x00152B40,func_00152B40,,reached,generated
0x00152BC8,func_00152BC8,,reached,generated
0x00152BE8,func_00152BE8,,unreferenced,generated
0x00152C08,func_00152C08,,reached,generated
0x00152C40,func_00152C40,,reached,generated
0x00152C78,func_00152C78,,reached,generated
0x00152CB0,func_00152CB0,,reached,generated
0x00152D08,func_00152D08,,reached,generated
0x00152DE0,cpget_00152DE0,cpget.c,unreferenced,generated
0x00152E50,func_00152E50,,unreferenced,generated
0x00152E68,func_00152E68,,unreferenced,generated
0x00152E90,func_00152E90,,reached,generated
0x00152EB0,func_00152EB0,,reached,generated
0x00152ED8,cpparams_00152ED8,cpparams.c,reached,generated
0x00153010,cpparams_00153010,cpparams.c,unreferenced,generated
0x00153148,cpparams_00153148,cpparams.c,reached,generated
0x001538F0,cpparams_001538F0,cpparams.c,reached,generated
0x00153918,cpparams_00153918,cpparams.c,reached,generated
0x00153A88,cpparams_00153A88,cpparams.c,reached,generated
0x00153B50,cpparams_00153B50,cpparams.c,reached,generated
0x00153BA0,cpparams_00153BA0,cpparams.c,reached,generated
0x00153BF0,cpparams_00153BF0,cpparams.c,unreferenced,generated
0x00153C10,cpparams_00153C10,cpparams.c,reached,generated
0x00153C40,cpparams_00153C40,cpparams.c,unreferenced,generated
0x00153C98,cpparams_00153C98,cpparams.c,unreferenced,generated
0x00153CC8,cpparams_00153CC8,cpparams.c,unreferenced,generated
0x00153D80,cpparams_00153D80,cpparams.c,reached,generated
0x00153F60,cpparams_00153F60,cpparams.c,reached,generated
0x00154850,cpparams_00154850,cpparams.c,reached,generated
0x00154DA8,cpparams_00154DA8,cpparams.c,reached,generated
0x00155680,cpparams_00155680,cpparams.c,reached,generated
0x001556E0,cpparams_001556E0,cpparams.c,reached,generated
0x001557B0,cpparams_001557B0,cpparams.c,reached,generated
0x00155820,cpparams_00155820,cpparams.c,reached,generated
0x00155870,cpparams_00155870,cpparams.c,reached,generated
0x001558E8,cpparams_001558E8,cpparams.c,reached,generated
0x00155940,cpparams_00155940,cpparams.c,reached,generated
0x001559A0,cpparams_001559A0,cpparams.c,reached,generated
0x00155A28,cpparams_00155A28,cpparams.c,reached,generated
0x00155A78,cpparams_00155A78,cpparams.c,unreferenced,generated
0x00155AD0,cpparams_00155AD0,cpparams.c,unreferenced,generated
0x00155AE0,cpparams_00155AE0,cpparams.c,unreferenced,generated
0x00155AF0,cpparams_00155AF0,cpparams.c,unreferenced,generated
0x00155B38,func_00155B38,cpparams.c,reached,generated
0x00155B40,func_00155B40,cpparams.c,reached,generated
0x00155BC0,func_00155BC0,cpparams.c,unreferenced,generated
0x00155C10,cpparams_00155C10,cpparams.c,reached,generated
0x001560F8,cpparams_001560F8,cpparams.c,reached,generated
0x00156300,func_00156300,cpparams.c,reached,generated
0x00156380,func_00156380,cpparams.c,reached,generated
0x00156420,func_00156420,cpparams.c,reached,generated
0x001564B8,func_001564B8,cpparams.c,reached,generated
0x00156560,func_00156560,cpparams.c,reached,generated
0x001566D8,func_001566D8,cpparams.c,reached,generated
0x001567F8,func_001567F8,cpparams.c,reached,generated
0x00156900,func_00156900,cpparams.c,reached,generated
0x001569D8,func_001569D8,cpparams.c,reached,generated
0x00156AB8,func_00156AB8,cpparams.c,reached,generated
0x00156B70,func_00156B70,cpparams.c,reached,generated
0x00156C58,func_00156C58,cpparams.c,reached,generated
0x00156D88,func_00156D88,cpparams.c,reached,generated
0x00156E88,func_00156E88,cpparams.c,reached,generated
0x00156E90,func_00156E90,cpparams.c,reached,generated
0x00156ED8,func_00156ED8,cpparams.c,reached,generated
0x00156FD8,func_00156FD8,cpparams.c,reached,generated
0x00157140,func_00157140,cpparams.c,reached,generated
0x001571D8,func_001571D8,cpparams.c,reached,generated
0x00157338,func_00157338,cpparams.c,reached,generated
0x00157380,func_00157380,cpparams.c,reached,generated
0x001573D8,func_001573D8,cpparams.c,reached,generated
0x00157438,func_00157438,cpparams.c,reached,generated
0x001574C8,func_001574C8,cpparams.c,reached,generated
0x001574F8,func_001574F8,cpparams.c,reached,generated
0x00157520,func_00157520,cpparams.c,reached,generated
0x00157548,func_00157548,cpparams.c,reached,generated
0x001575D0,func_001575D0,cpparams.c,reached,generated
0x00157688,func_00157688,cpparams.c,reached,generated
0x001576A8,func_001576A8,cpparams.c,reached,generated
0x001576E8,func_001576E8,cpparams.c,reached,generated
0x00157820,func_00157820,cpparams.c,reached,generated
0x001579A8,func_001579A8,cpparams.c,reached,generated
0x001579C8,func_001579C8,cpparams.c,reached,generated
0x00157A70,func_00157A70,cpparams.c,unreferenced,generated
0x00157B18,func_00157B18,cpparams.c,unreferenced,generated
0x00157B40,func_00157B40,cpparams.c,unreferenced,generated
0x00157B68,func_00157B68,cpparams.c,unreferenced,generated
0x00157B90,func_00157B90,cpparams.c,unreferenced,generated
0x00157BB8,func_00157BB8,cpparams.c,unreferenced,generated
0x00157BE8,gm_memory_area_load,cpparams.c,reached,manual
0x00157C48,func_00157C48,cpparams.c,reached,generated
0x00157CF8,func_00157CF8,cpparams.c,reached,generated
0x00157D68,func_00157D68,cpparams.c,unreferenced,generated
0x00157D88,func_00157D88,cpparams.c,reached,generated
0x00157E10,func_00157E10,cpparams.c,unreferenced,generated
0x00157E30,func_00157E30,cpparams.c,reached,generated
0x00157E88,func_00157E88,cpparams.c,unreferenced,generated
0x00157EA8,func_00157EA8,cpparams.c,reached,generated
0x00157EE0,func_00157EE0,cpparams.c,unreferenced,generated
0x00157F00,func_00157F00,cpparams.c,reached,generated
0x00157F38,func_00157F38,cpparams.c,unreferenced,generated
0x00157F58,cpparams_00157F58,cpparams.c,reached,generated
0x00158018,func_00158018,,reached,generated
0x00158088,func_00158088,,reached,generated
0x00158108,func_00158108,,reached,generated
0x00158178,func_00158178,,reached,generated
0x001581A0,func_001581A0,,unreferenced,generated
0x001581C0,cpdesire_001581C0,cpdesire.c,reached,generated
0x00158250,func_00158250,,reached,generated
0x001582A8,func_001582A8,,reached,generated
0x001582F0,func_001582F0,,unreferenced,generated
0x001583A0,func_001583A0,,reached,generated
0x001583F8,cpconst_001583F8,cpconst.c,unreferenced,generated
0x00158450,cpconst_00158450,cpconst.c,reached,generated
0x001584F8,cpconst_001584F8,cpconst.c,reached,generated
0x00158500,cpconst_00158500,cpconst.c,reached,generated
0x00158508,cpconst_00158508,cpconst.c,reached,generated
0x00158510,cpconst_00158510,cpconst.c,reached,generated
0x00158518,cpconst_00158518,cpconst.c,reached,generated
0x00158520,cpconst_00158520,cpconst.c,reached,generated
0x00158550,cpconst_00158550,cpconst.c,unreferenced,generated
0x001585A8,cpconst_001585A8,cpconst.c,reached,generated
0x00158600,cpconst_00158600,cpconst.c,reached,generated
0x00158658,cpconst_00158658,cpconst.c,reached,generated
0x001586B0,func_001586B0,,reached,generated
0x001586C8,func_001586C8,,reached,generated
0x001586E0,func_001586E0,,reached,generated
0x00158740,func_00158740,,reached,generated
0x00158770,func_00158770,,reached,generated
0x001587D8,func_001587D8,,reached,generated
0x00158818,func_00158818,,reached,generated
0x00158858,func_00158858,,reached,generated
0x001588B0,func_001588B0,,reached,generated
0x00158928,func_00158928,,reached,generated
0x001589A0,func_001589A0,,reached,generated
0x001589E0,func_001589E0,,reached,generated
0x00158A68,func_00158A68,,reached,generated
0x00158AB8,func_00158AB8,,reached,generated
0x00158AF8,func_00158AF8,,reached,generated
0x00158B18,func_00158B18,,reached,generated
0x00158B68,func_00158B68,,reached,generated
0x00158BC8,func_00158BC8,,reached,generated
0x00158C08,func_00158C08,,reached,generated
0x00158C68,func_00158C68,,unreferenced,generated
0x00158CA8,func_00158CA8,,reached,generated
0x00158D50,func_00158D50,,reached,generated
0x00158D60,func_00158D60,,reached,generated
0x00158E40,func_00158E40,,reached,generated
0x00158EA0,func_00158EA0,,reached,generated
0x00158ED8,func_00158ED8,,reached,generated
0x00158F10,func_00158F10,,reached,generated
0x00158F68,func_00158F68,,reached,generated
0x00158FA8,func_00158FA8,,reached,generated
0x00158FF0,func_00158FF0,,reached,generated
0x00159078,func_00159078,,reached,generated
0x001590B8,func_001590B8,,reached,generated
0x00159128,func_00159128,,reached,generated
0x00159180,func_00159180,,reached,generated
0x001591C0,func_001591C0,,reached,generated
0x00159230,func_00159230,,reached,generated
0x00159268,func_00159268,,reached,generated
0x00159340,func_00159340,,reached,generated
0x00159360,func_00159360,,unreferenced,generated
0x00159448,func_00159448,,unreferenced,generated
0x001594C0,func_001594C0,,unreferenced,generated
0x001594D8,func_001594D8,,reached,generated
0x00159518,func_00159518,,reached,generated
0x00159520,func_00159520,,reached,generated
0x00159528,func_00159528,,reached,generated
0x00159530,func_00159530,,reached,generated
0x00159538,func_00159538,,reached,generated
0x00159560,func_00159560,,reached,generated
0x00159588,func_00159588,,unreferenced,generated
0x001595B0,func_001595B0,,reached,generated
0x00159618,func_00159618,,reached,generated
0x00159650,func_00159650,,reached,generated
0x00159668,func_00159668,,unreferenced,generated
0x00159680,func_00159680,,unreferenced,generated
0x00159698,func_00159698,,unreferenced,generated
0x001596B0,func_001596B0,,unreferenced,generated
0x001596C8,func_001596C8,,unreferenced,generated
0x001596E0,func_001596E0,,unreferenced,generated
0x001596F8,gmchara_001596F8,gmchara.c,reached,generated
0x001597B8,gmchara_001597B8,gmchara.c,reached,generated
0x001597E0,gmchara_001597E0,gmchara.c,reached,generated
0x00159880,func_00159880,,reached,generated
0x00159898,func_00159898,,unreferenced,generated
0x001598B8,func_001598B8,,unreferenced,generated
0x001598D8,func_001598D8,,unreferenced,generated
0x001598F8,func_001598F8,,reached,generated
0x00159910,func_00159910,,unreferenced,generated
0x00159930,func_00159930,,unreferenced,generated
0x00159950,func_00159950,,unreferenced,generated
0x00159970,func_00159970,,reached,generated
0x00159988,func_00159988,,unreferenced,generated
0x001599A8,func_001599A8,,unreferenced,generated
0x001599C8,func_001599C8,,unreferenced,generated
0x001599E8,func_001599E8,,reached,generated
0x00159A00,func_00159A00,,unreferenced,generated
0x00159A20,func_00159A20,,unreferenced,generated
0x00159A40,func_00159A40,,unreferenced,generated
0x00159A60,func_00159A60,,reached,generated
0x00159A78,func_00159A78,,unreferenced,generated
0x00159A98,func_00159A98,,unreferenced,generated
0x00159AB8,func_00159AB8,,unreferenced,generated
0x00159AD8,func_00159AD8,,reached,generated
0x00159BA0,func_00159BA0,,reached,generated
0x00159D20,global_3846C8_get,,reached,manual
0x00159D30,global_3846C8_set,,reached,manual
0x00159D40,func_00159D40,,reached,generated
0x00159DA8,gmSaveDataInitAll,gmsave.c,reached,manual
0x00159E88,gmsave_00159E88,gmsave.c,reached,generated
0x00159EB0,gmsave_00159EB0,gmsave.c,reached,generated
0x00159F08,gmSaveChunkMemory,gmsave.c,reached,manual
0x00159F28,gmSaveChunkCondition,gmsave.c,reached,manual
0x00159F88,gmSaveChunkSkills,gmsave.c,reached,manual
0x00159FE8,gmsave_00159FE8,gmsave.c,reached,generated
0x0015A048,gmSaveChunkMoney,gmsave.c,reached,manual
0x0015A068,gmsave_0015A068,gmsave.c,reached,generated
0x0015A0C8,gmsave_0015A0C8,gmsave.c,reached,generated
0x0015A128,gmsave_0015A128,gmsave.c,reached,generated
0x0015A200,gmsave_0015A200,gmsave.c,reached,generated
0x0015A220,gmsave_0015A220,gmsave.c,reached,generated
0x0015A2D0,gmsave_0015A2D0,gmsave.c,reached,generated
0x0015A2D8,gm_savedata_initialize_statplayer,gmsave.c,reached,solo_string
0x0015A310,gmsave_0015A310,gmsave.c,reached,generated
0x0015A340,gmsave_0015A340,gmsave.c,reached,generated
0x0015A360,gmsave_0015A360,gmsave.c,reached,generated
0x0015A410,gmsave_0015A410,gmsave.c,reached,generated
0x0015A450,gmsave_0015A450,gmsave.c,reached,generated
0x0015A4F0,gmsave_0015A4F0,gmsave.c,reached,generated
0x0015A510,gmsave_0015A510,gmsave.c,reached,generated
0x0015A530,gmsave_0015A530,gmsave.c,reached,generated
0x0015A550,gmsave_0015A550,gmsave.c,reached,generated
0x0015A5A8,gmsave_0015A5A8,gmsave.c,reached,generated
0x0015A5C8,gmsave_0015A5C8,gmsave.c,reached,generated
0x0015A5E8,gmsave_0015A5E8,gmsave.c,reached,generated
0x0015A650,gmsave_0015A650,gmsave.c,reached,generated
0x0015A6C8,gmsave_0015A6C8,gmsave.c,reached,generated
0x0015A6F0,gmsave_0015A6F0,gmsave.c,reached,generated
0x0015A740,gmsave_0015A740,gmsave.c,reached,generated
0x0015A760,gmsave_0015A760,gmsave.c,reached,generated
0x0015A780,gmsave_0015A780,gmsave.c,reached,generated
0x0015A7A0,gmsave_0015A7A0,gmsave.c,reached,generated
0x0015A7C0,func_0015A7C0,,reached,generated
0x0015A868,func_0015A868,,reached,generated
0x0015A908,func_0015A908,,reached,generated
0x0015A968,func_0015A968,,reached,generated
0x0015A988,func_0015A988,,reached,generated
0x0015A9C8,func_0015A9C8,,unreferenced,generated
0x0015AA50,func_0015AA50,,reached,generated
0x0015AAB0,func_0015AAB0,,unreferenced,generated
0x0015AAB8,func_0015AAB8,,reached,generated
0x0015AAE0,func_0015AAE0,,unreferenced,generated
0x0015AAF0,func_0015AAF0,,unreferenced,generated
0x0015AB40,func_0015AB40,,reached,generated
0x0015AB90,func_0015AB90,,unreferenced,generated
0x0015ABA0,func_0015ABA0,,reached,generated
0x0015ABB8,func_0015ABB8,,reached,generated
0x0015ABD0,func_0015ABD0,,reached,generated
0x0015ABE8,func_0015ABE8,,reached,generated
0x0015AC18,func_0015AC18,,reached,generated
0x0015AC50,func_0015AC50,,reached,generated
0x0015ACB0,func_0015ACB0,,reached,generated
0x0015AE90,func_0015AE90,,reached,generated
0x0015AEC0,func_0015AEC0,,reached,generated
0x0015AF80,func_0015AF80,,reached,generated
0x0015AFB0,func_0015AFB0,,unreferenced,generated
0x0015AFC0,func_0015AFC0,,reached,generated
0x0015AFE0,func_0015AFE0,,reached,generated
0x0015B000,func_0015B000,,reached,generated
0x0015B020,func_0015B020,,unreferenced,generated
0x0015B040,func_0015B040,,reached,generated
0x0015B060,func_0015B060,,reached,generated
0x0015B080,func_0015B080,,reached,generated
0x0015B0B0,func_0015B0B0,,reached,generated
0x0015B198,func_0015B198,,reached,generated
0x0015B208,func_0015B208,,unreferenced,generated
0x0015B270,func_0015B270,,reached,generated
0x0015B2B0,func_0015B2B0,,unreferenced,generated
0x0015B2F0,func_0015B2F0,,reached,generated
0x0015B310,func_0015B310,,reached,generated
0x0015B328,gmdebug_0015B328,gmdebug.c,reached,generated
0x0015B498,gmdebug_0015B498,gmdebug.c,unreferenced,generated
0x0015B4E8,gmdebug_0015B4E8,gmdebug.c,reached,generated
0x0015B4F8,gmdebug_0015B4F8,gmdebug.c,unreferenced,generated
0x0015B610,gmdebug_0015B610,gmdebug.c,reached,generated
0x0015B628,gmdebug_0015B628,gmdebug.c,reached,generated
0x0015B740,gmdebug_0015B740,gmdebug.c,reached,generated
0x0015B828,gmdebug_0015B828,gmdebug.c,unreferenced,generated
0x0015B8C0,gmdebug_0015B8C0,gmdebug.c,reached,generated
0x0015B8E8,gmdebug_0015B8E8,gmdebug.c,reached,generated
0x0015B918,gmdebug_0015B918,gmdebug.c,reached,generated
0x0015B928,gmdebug_0015B928,gmdebug.c,unreferenced,generated
0x0015B9E0,gmdebug_0015B9E0,gmdebug.c,reached,generated
0x0015B9F0,gmdebug_0015B9F0,gmdebug.c,reached,generated
0x0015BA00,gmdebug_0015BA00,gmdebug.c,reached,generated
0x0015BA10,Misato,gmdebug.c,reached,prose_label
0x0015BA20,Gendou,gmdebug.c,reached,prose_label
0x0015BA30,Fuyutsuki,gmdebug.c,reached,prose_label
0x0015BA40,Ritsuko,gmdebug.c,reached,prose_label
0x0015BA50,gmdebug_0015BA50,gmdebug.c,reached,generated
0x0015BA60,gmdebug_0015BA60,gmdebug.c,reached,generated
0x0015BA70,gmdebug_0015BA70,gmdebug.c,reached,generated
0x0015BA80,gmdebug_0015BA80,gmdebug.c,reached,generated
0x0015BA90,Hikari,gmdebug.c,reached,prose_label
0x0015BAA0,gmdebug_0015BAA0,gmdebug.c,reached,generated
0x0015BAB0,Kensuke,gmdebug.c,reached,prose_label
0x0015BAC0,Kaworu,gmdebug.c,reached,prose_label
0x0015BAD0,Penpen,gmdebug.c,reached,prose_label
0x0015BAE0,gmdebug_0015BAE0,gmdebug.c,reached,generated
0x0015BAF0,gmdebug_0015BAF0,gmdebug.c,reached,generated
0x0015BB00,gmdebug_0015BB00,gmdebug.c,reached,generated
0x0015BB10,gmdebug_0015BB10,gmdebug.c,reached,generated
0x0015BB20,gmdebug_0015BB20,gmdebug.c,reached,generated
0x0015BB30,gmdebug_0015BB30,gmdebug.c,reached,generated
0x0015BB40,gmdebug_0015BB40,gmdebug.c,reached,generated
0x0015BB50,gmdebug_0015BB50,gmdebug.c,reached,generated
0x0015BB60,gmdebug_0015BB60,gmdebug.c,reached,generated
0x0015BB70,gmdebug_0015BB70,gmdebug.c,reached,generated
0x0015BB80,gmdebug_0015BB80,gmdebug.c,reached,generated
0x0015BB90,gmdebug_0015BB90,gmdebug.c,reached,generated
0x0015BBA0,gmdebug_0015BBA0,gmdebug.c,reached,generated
0x0015BBB0,gmdebug_0015BBB0,gmdebug.c,reached,generated
0x0015BBC0,gmdebug_0015BBC0,gmdebug.c,reached,generated
0x0015BBD0,gmdebug_0015BBD0,gmdebug.c,reached,generated
0x0015BBE0,gmdebug_0015BBE0,gmdebug.c,reached,generated
0x0015BBF0,gmdebug_0015BBF0,gmdebug.c,reached,generated
0x0015BC00,gmdebug_0015BC00,gmdebug.c,reached,generated
0x0015BC10,gmdebug_0015BC10,gmdebug.c,reached,generated
0x0015BC20,gmdebug_0015BC20,gmdebug.c,reached,generated
0x0015BC30,gmdebug_0015BC30,gmdebug.c,reached,generated
0x0015BC40,gmdebug_0015BC40,gmdebug.c,reached,generated
0x0015BC50,gmdebug_0015BC50,gmdebug.c,reached,generated
0x0015BC60,gmdebug_0015BC60,gmdebug.c,reached,generated
0x0015BC70,gmdebug_0015BC70,gmdebug.c,reached,generated
0x0015BC80,gmdebug_0015BC80,gmdebug.c,reached,generated
0x0015BC90,gmdebug_0015BC90,gmdebug.c,reached,generated
0x0015BCA0,gmdebug_0015BCA0,gmdebug.c,reached,generated
0x0015BCB0,gmdebug_0015BCB0,gmdebug.c,reached,generated
0x0015BCC0,gmdebug_0015BCC0,gmdebug.c,reached,generated
0x0015BCD0,gmdebug_0015BCD0,gmdebug.c,reached,generated
0x0015BCE0,gmdebug_0015BCE0,gmdebug.c,reached,generated
0x0015BCF0,gmdebug_0015BCF0,gmdebug.c,reached,generated
0x0015BD00,gmdebug_0015BD00,gmdebug.c,reached,generated
0x0015BD10,gmdebug_0015BD10,gmdebug.c,reached,generated
0x0015BD20,gmdebug_0015BD20,gmdebug.c,reached,generated
0x0015BD30,gmdebug_0015BD30,gmdebug.c,reached,generated
0x0015BD40,gmdebug_0015BD40,gmdebug.c,reached,generated
0x0015BD50,gmdebug_0015BD50,gmdebug.c,reached,generated
0x0015BD60,gmdebug_0015BD60,gmdebug.c,reached,generated
0x0015BD70,UnknownPid,gmdebug.c,reached,prose_label
0x0015BD80,gmdebug_0015BD80,gmdebug.c,unreferenced,generated
0x0015BDB8,gmdebug_0015BDB8,gmdebug.c,reached,generated
0x0015BDC8,gmdebug_0015BDC8,gmdebug.c,reached,generated
0x0015BDD8,gmdebug_0015BDD8,gmdebug.c,reached,generated
0x0015BDE8,gmdebug_0015BDE8,gmdebug.c,reached,generated
0x0015BDF8,gmdebug_0015BDF8,gmdebug.c,reached,generated
0x0015BE08,gmdebug_0015BE08,gmdebug.c,reached,generated
0x0015BE18,gmdebug_0015BE18,gmdebug.c,reached,generated
0x0015BE28,gmdebug_0015BE28,gmdebug.c,reached,generated
0x0015BE38,gmdebug_0015BE38,gmdebug.c,reached,generated
0x0015BE48,gmdebug_0015BE48,gmdebug.c,reached,generated
0x0015BE58,gmdebug_0015BE58,gmdebug.c,reached,generated
0x0015BE68,gmdebug_0015BE68,gmdebug.c,reached,generated
0x0015BE78,gmdebug_0015BE78,gmdebug.c,reached,generated
0x0015BE88,gmdebug_0015BE88,gmdebug.c,reached,generated
0x0015BE98,Leliel,gmdebug.c,reached,prose_label
0x0015BEA8,gmdebug_0015BEA8,gmdebug.c,reached,generated
0x0015BEB8,gmdebug_0015BEB8,gmdebug.c,reached,generated
0x0015BEC8,gmdebug_0015BEC8,gmdebug.c,reached,generated
0x0015BED8,gmdebug_0015BED8,gmdebug.c,reached,generated
0x0015BEE8,gmdebug_0015BEE8,gmdebug.c,reached,generated
0x0015BEF8,gmdebug_0015BEF8,gmdebug.c,reached,generated
0x0015BF08,gmdebug_0015BF08,gmdebug.c,reached,generated
0x0015BF18,U_N_Force,gmdebug.c,reached,prose_label
0x0015BF28,gmdebug_0015BF28,gmdebug.c,reached,generated
0x0015BF38,Attack_Build,gmdebug.c,reached,prose_label
0x0015BF48,Shield_Build,gmdebug.c,reached,prose_label
0x0015BF58,Power_Build,gmdebug.c,reached,prose_label
0x0015BF68,Weapon_Build,gmdebug.c,reached,prose_label
0x0015BF78,New_Tokyo,gmdebug.c,reached,prose_label
0x0015BF88,IsrafelW,gmdebug.c,reached,prose_label
0x0015BF98,UnknownUid,gmdebug.c,reached,prose_label
0x0015BFA8,gmdebug_0015BFA8,gmdebug.c,unreferenced,generated
0x0015BFE0,SmashHawk,gmdebug.c,reached,prose_label
0x0015BFF0,SonicGrave,gmdebug.c,reached,prose_label
0x0015C000,Eva06Sword,gmdebug.c,reached,prose_label
0x0015C010,Palette,gmdebug.c,reached,prose_label
0x0015C020,HandGun,gmdebug.c,reached,prose_label
0x0015C030,Bazooka,gmdebug.c,reached,prose_label
0x0015C040,gmdebug_0015C040,gmdebug.c,reached,generated
0x0015C050,PositronRifle,gmdebug.c,reached,prose_label
0x0015C060,SniperPositron,gmdebug.c,reached,prose_label
0x0015C070,Shield,gmdebug.c,reached,prose_label
0x0015C080,gmdebug_0015C080,gmdebug.c,unreferenced,generated
0x0015C088,gmdebug_0015C088,gmdebug.c,unreferenced,generated
0x0015C0D8,UnknownIMP,gmdebug.c,unreferenced,prose_label
0x0015C110,gmdebug_0015C110,gmdebug.c,unreferenced,generated
0x0015C128,gmdebug_0015C128,gmdebug.c,unreferenced,generated
0x0015C140,gmdebug_0015C140,gmdebug.c,unreferenced,generated
0x0015C168,gmdebug_0015C168,gmdebug.c,reached,generated
0x0015C280,gmdebug_0015C280,gmdebug.c,reached,generated
0x0015C2B8,gmdebug_0015C2B8,gmdebug.c,reached,generated
0x0015C328,gmdebug_0015C328,gmdebug.c,unreferenced,generated
0x0015C348,gmModeManager,gmdebug.c,reached,manual
0x0015C590,gmdebug_0015C590,gmdebug.c,reached,generated
0x0015C5A0,gmdebug_0015C5A0,gmdebug.c,unreferenced,generated
0x0015C5B0,gmdebug_0015C5B0,gmdebug.c,unreferenced,generated
0x0015C5C0,gmdebug_0015C5C0,gmdebug.c,reached,generated
0x0015C5D0,gmdebug_0015C5D0,gmdebug.c,reached,generated
0x0015C6A0,gmdebug_0015C6A0,gmdebug.c,reached,generated
0x0015C718,gmmain_0015C718,gmmain.c,unreferenced,generated
0x0015C780,gmmain_0015C780,gmmain.c,unreferenced,generated
0x0015C7F0,func_0015C7F0,,unreferenced,generated
0x0015C830,func_0015C830,,reached,generated
0x0015C868,func_0015C868,,unreferenced,generated
0x0015C8A0,func_0015C8A0,,reached,generated
0x0015C8B0,func_0015C8B0,,reached,generated
0x0015C8C0,func_0015C8C0,,unreferenced,generated
0x0015C8F0,func_0015C8F0,,unreferenced,generated
0x0015C928,func_0015C928,,reached,generated
0x0015C938,func_0015C938,,reached,generated
0x0015C948,func_0015C948,,reached,generated
0x0015C958,func_0015C958,,reached,generated
0x0015C968,func_0015C968,,unreferenced,generated
0x0015C998,func_0015C998,,reached,generated
0x0015C9A8,func_0015C9A8,,reached,generated
0x0015C9B8,func_0015C9B8,,unreferenced,generated
0x0015C9E0,func_0015C9E0,,reached,generated
0x0015CA08,func_0015CA08,,reached,generated
0x0015CA18,func_0015CA18,,reached,generated
0x0015CA28,func_0015CA28,,reached,generated
0x0015CA38,func_0015CA38,,unreferenced,generated
0x0015CA88,func_0015CA88,,reached,generated
0x0015CA98,func_0015CA98,,reached,generated
0x0015CAA8,func_0015CAA8,,unreferenced,generated
0x0015CAD8,func_0015CAD8,,reached,generated
0x0015CAE8,func_0015CAE8,,reached,generated
0x0015CAF8,func_0015CAF8,,reached,generated
0x0015CB08,func_0015CB08,,unreferenced,generated
0x0015CB18,func_0015CB18,,unreferenced,generated
0x0015CB28,func_0015CB28,,unreferenced,generated
0x0015CB38,func_0015CB38,,reached,generated
0x0015CB48,func_0015CB48,,reached,generated
0x0015CB58,func_0015CB58,,unreferenced,generated
0x0015CB78,gmbattle_0015CB78,gmbattle.c,reached,generated
0x0015CCB0,func_0015CCB0,gmbattle.c,reached,generated
0x0015CCB8,func_0015CCB8,gmbattle.c,unreferenced,generated
0x0015CCC0,gmbattle_0015CCC0,gmbattle.c,unreferenced,generated
0x0015CD38,gmBattleEvaOfPilot,gmbattle.c,reached,trace_string
0x0015CDC8,gmbattle_0015CDC8,gmbattle.c,reached,generated
0x0015CE38,gmbattle_0015CE38,gmbattle.c,reached,generated
0x0015CE70,gmbattle_0015CE70,gmbattle.c,unreferenced,generated
0x0015CEB0,gmbattle_0015CEB0,gmbattle.c,reached,generated
0x0015CF00,gmbattle_0015CF00,gmbattle.c,reached,generated
0x0015CF70,gmbattle_0015CF70,gmbattle.c,unreferenced,generated
0x0015CF78,gmbattle_0015CF78,gmbattle.c,reached,generated
0x0015CFA0,gmbattle_0015CFA0,gmbattle.c,reached,generated
0x0015CFC8,gmbattle_0015CFC8,gmbattle.c,reached,generated
0x0015CFF0,gmbattle_0015CFF0,gmbattle.c,reached,generated
0x0015D018,gmbattle_0015D018,gmbattle.c,unreferenced,generated
0x0015D020,gmbattle_0015D020,gmbattle.c,reached,generated
0x0015D058,gmbattle_0015D058,gmbattle.c,unreferenced,generated
0x0015D150,gmbattle_0015D150,gmbattle.c,reached,generated
0x0015D170,gmbattle_0015D170,gmbattle.c,reached,generated
0x0015D190,gmbattle_0015D190,gmbattle.c,reached,generated
0x0015D1E0,gmbattle_0015D1E0,gmbattle.c,reached,generated
0x0015D218,gmbattle_0015D218,gmbattle.c,reached,generated
0x0015D338,gmbattle_0015D338,gmbattle.c,reached,generated
0x0015D390,gmbattle_0015D390,gmbattle.c,unreferenced,generated
0x0015D400,gmbattle_0015D400,gmbattle.c,unreferenced,generated
0x0015D530,gmbattle_0015D530,gmbattle.c,reached,generated
0x0015D568,gmbattle_0015D568,gmbattle.c,unreferenced,generated
0x0015D5D0,gmbattle_0015D5D0,gmbattle.c,reached,generated
0x0015D5F8,gmbattle_0015D5F8,gmbattle.c,reached,generated
0x0015D668,gmbattle_0015D668,gmbattle.c,reached,generated
0x0015D688,gmbattle_0015D688,gmbattle.c,reached,generated
0x0015D6A8,gmbattle_0015D6A8,gmbattle.c,unreferenced,generated
0x0015D6C8,gmbattle_0015D6C8,gmbattle.c,unreferenced,generated
0x0015D6E8,gmbattle_0015D6E8,gmbattle.c,unreferenced,generated
0x0015D708,gmbattle_0015D708,gmbattle.c,unreferenced,generated
0x0015D728,gmbattle_0015D728,gmbattle.c,reached,generated
0x0015D748,gmbattle_0015D748,gmbattle.c,reached,generated
0x0015D768,gmbattle_0015D768,gmbattle.c,reached,generated
0x0015D788,gmbattle_0015D788,gmbattle.c,reached,generated
0x0015D7F8,gmbattle_0015D7F8,gmbattle.c,reached,generated
0x0015D830,gmbattle_0015D830,gmbattle.c,unreferenced,generated
0x0015D858,gmbattle_0015D858,gmbattle.c,unreferenced,generated
0x0015D8A8,gmbattle_0015D8A8,gmbattle.c,unreferenced,generated
0x0015D900,gmbattle_0015D900,gmbattle.c,reached,generated
0x0015D928,gmbattle_0015D928,gmbattle.c,reached,generated
0x0015D960,gmbattle_0015D960,gmbattle.c,reached,generated
0x0015DA08,gmbattle_0015DA08,gmbattle.c,reached,generated
0x0015DAE8,gmbattle_0015DAE8,gmbattle.c,reached,generated
0x0015DB78,gmbattle_0015DB78,gmbattle.c,reached,generated
0x0015DB80,gmbattle_0015DB80,gmbattle.c,unreferenced,generated
0x0015DB88,gmbattle_0015DB88,gmbattle.c,reached,generated
0x0015DCB8,memstr_0015DCB8,memstr.c,reached,generated
0x0015DDA0,memstr_0015DDA0,memstr.c,unreferenced,generated
0x0015DF38,memstr_0015DF38,memstr.c,reached,generated
0x0015DF58,memstr_0015DF58,memstr.c,reached,generated
0x0015E038,memstr_0015E038,memstr.c,reached,generated
0x0015E160,memstr_0015E160,memstr.c,reached,generated
0x0015E1F8,memstr_0015E1F8,memstr.c,reached,generated
0x0015E260,memstr_0015E260,memstr.c,reached,generated
0x0015E360,memstr_0015E360,memstr.c,reached,generated
0x0015E398,memstr_0015E398,memstr.c,reached,generated
0x0015E3E8,memstr_0015E3E8,memstr.c,reached,generated
0x0015E438,memstr_0015E438,memstr.c,reached,generated
0x0015E488,memstr_0015E488,memstr.c,reached,generated
0x0015E558,memstr_0015E558,memstr.c,reached,generated
0x0015E5A0,memstr_0015E5A0,memstr.c,reached,generated
0x0015E650,memstr_0015E650,memstr.c,reached,generated
0x0015E658,memstr_0015E658,memstr.c,reached,generated
0x0015E698,memstr_0015E698,memstr.c,reached,generated
0x0015E700,memstr_0015E700,memstr.c,reached,generated
0x0015E7A8,memstr_0015E7A8,memstr.c,reached,generated
0x0015E888,memstr_0015E888,memstr.c,unreferenced,generated
0x0015EA18,memfind_0015EA18,memfind.c,reached,generated
0x0015EA70,memfind_0015EA70,memfind.c,reached,generated
0x0015EA90,memfind_0015EA90,memfind.c,reached,generated
0x0015EB08,memfind_0015EB08,memfind.c,reached,generated
0x0015EB50,memfind_0015EB50,memfind.c,reached,generated
0x0015EC48,memfind_0015EC48,memfind.c,reached,generated
0x0015EC60,memfind_0015EC60,memfind.c,reached,generated
0x0015ECD8,memfind_0015ECD8,memfind.c,reached,generated
0x0015ED08,memfind_0015ED08,memfind.c,reached,generated
0x0015ED20,memfind_0015ED20,memfind.c,reached,generated
0x0015ED40,memfind_0015ED40,memfind.c,reached,generated
0x0015ED78,memfind_0015ED78,memfind.c,reached,generated
0x0015EE10,memfind_0015EE10,memfind.c,reached,generated
0x0015EE70,memfind_0015EE70,memfind.c,reached,generated
0x0015EEE8,memfind_0015EEE8,memfind.c,reached,generated
0x0015EF48,memfind_0015EF48,memfind.c,reached,generated
0x0015EFC0,memfind_0015EFC0,memfind.c,reached,generated
0x0015F020,memfind_0015F020,memfind.c,reached,generated
0x0015F048,memfind_0015F048,memfind.c,reached,generated
0x0015F0B0,memfind_0015F0B0,memfind.c,reached,generated
0x0015F0E8,memfind_0015F0E8,memfind.c,reached,generated
0x0015F118,memfind_0015F118,memfind.c,reached,generated
0x0015F180,memfind_0015F180,memfind.c,reached,generated
0x0015F1E8,memfind_0015F1E8,memfind.c,reached,generated
0x0015F250,memfind_0015F250,memfind.c,reached,generated
0x0015F288,memfind_0015F288,memfind.c,reached,generated
0x0015F2B8,memfind_0015F2B8,memfind.c,reached,generated
0x0015F320,memfind_0015F320,memfind.c,reached,generated
0x0015F338,memfind_0015F338,memfind.c,reached,generated
0x0015F3A8,memfind_0015F3A8,memfind.c,unreferenced,generated
0x0015F410,memfind_0015F410,memfind.c,reached,generated
0x0015F450,memfind_0015F450,memfind.c,reached,generated
0x0015F4C0,memfind_0015F4C0,memfind.c,reached,generated
0x0015F4D0,memfind_0015F4D0,memfind.c,reached,generated
0x0015F518,memfind_0015F518,memfind.c,unreferenced,generated
0x0015F558,memfind_0015F558,memfind.c,reached,generated
0x0015F598,memfind_0015F598,memfind.c,unreferenced,generated
0x0015F670,memfind_0015F670,memfind.c,unreferenced,generated
0x0015F840,memfind_0015F840,memfind.c,reached,generated
0x0015F960,memfind_0015F960,memfind.c,unreferenced,generated
0x0015F9C0,memfind_0015F9C0,memfind.c,reached,generated
0x0015FA48,memfind_0015FA48,memfind.c,reached,generated
0x0015FBB8,memfind_0015FBB8,memfind.c,reached,generated
0x0015FC10,memfind_0015FC10,memfind.c,reached,generated
0x0015FC28,memfind_0015FC28,memfind.c,reached,generated
0x0015FC98,memfind_0015FC98,memfind.c,reached,generated
0x0015FD48,memfind_0015FD48,memfind.c,reached,generated
0x0015FE28,memfind_0015FE28,memfind.c,reached,generated
0x0015FF40,memfind_0015FF40,memfind.c,reached,generated
0x0015FFD0,Memory_Card_Manager,memfind.c,reached,prose_label
0x00160180,memfind_00160180,memfind.c,reached,generated
0x00160340,memfind_00160340,memfind.c,reached,generated
0x001603F8,memfind_001603F8,memfind.c,reached,generated
0x00160468,memfind_00160468,memfind.c,reached,generated
0x00160588,memfind_00160588,memfind.c,reached,generated
0x001606A8,memfind_001606A8,memfind.c,reached,generated
0x001607E0,memfind_001607E0,memfind.c,reached,generated
0x00160990,memfind_00160990,memfind.c,unreferenced,generated
0x00160998,memfind_00160998,memfind.c,unreferenced,generated
0x001609A0,memfind_001609A0,memfind.c,reached,generated
0x00160A10,memfind_00160A10,memfind.c,reached,generated
0x00160A38,memfind_00160A38,memfind.c,reached,generated
0x00160A50,memfind_00160A50,memfind.c,unreferenced,generated
0x00160AC8,memfind_00160AC8,memfind.c,unreferenced,generated
0x00160B40,memfind_00160B40,memfind.c,reached,generated
0x00160EA8,memfind_00160EA8,memfind.c,reached,generated
0x00161070,memfind_00161070,memfind.c,reached,generated
0x00161178,memfind_00161178,memfind.c,reached,generated
0x00161198,memfind_00161198,memfind.c,reached,generated
0x001612D8,memfind_001612D8,memfind.c,unreferenced,generated
0x00161348,memfind_00161348,memfind.c,reached,generated
0x001614C8,memfind_001614C8,memfind.c,reached,generated
0x00161558,memfind_00161558,memfind.c,unreferenced,generated
0x00161578,memfind_00161578,memfind.c,unreferenced,generated
0x00161598,memfind_00161598,memfind.c,unreferenced,generated
0x001615B0,memfind_001615B0,memfind.c,unreferenced,generated
0x00161628,memfind_00161628,memfind.c,unreferenced,generated
0x00161650,memfind_00161650,memfind.c,unreferenced,generated
0x001616A8,memfind_001616A8,memfind.c,reached,generated
0x001616F0,memfind_001616F0,memfind.c,reached,generated
0x00161748,memfind_00161748,memfind.c,unreferenced,generated
0x00161788,memfind_00161788,memfind.c,reached,generated
0x001617C8,memfind_001617C8,memfind.c,reached,generated
0x00161800,memfind_00161800,memfind.c,reached,generated
0x00161830,memfind_00161830,memfind.c,reached,generated
0x00161928,memfind_00161928,memfind.c,reached,generated
0x00161988,memfind_00161988,memfind.c,reached,generated
0x00161A10,memfind_00161A10,memfind.c,unreferenced,generated
0x00161A68,memfind_00161A68,memfind.c,unreferenced,generated
0x00161AC0,memfind_00161AC0,memfind.c,reached,generated
0x00161B00,memfind_00161B00,memfind.c,reached,generated
0x00161B78,memfind_00161B78,memfind.c,unreferenced,generated
0x00161B80,memfind_00161B80,memfind.c,reached,generated
0x00161BD0,memfind_00161BD0,memfind.c,reached,generated
0x00161C08,memfind_00161C08,memfind.c,reached,generated
0x00161CE0,memfind_00161CE0,memfind.c,reached,generated
0x00161CF8,memfind_00161CF8,memfind.c,unreferenced,generated
0x00161D38,memfind_00161D38,memfind.c,reached,generated
0x00161E10,memfind_00161E10,memfind.c,reached,generated
0x00161E88,memfind_00161E88,memfind.c,reached,generated
0x00162198,memfind_00162198,memfind.c,reached,generated
0x00162210,memfind_00162210,memfind.c,reached,generated
0x001623E0,memfind_001623E0,memfind.c,unreferenced,generated
0x00162458,memfind_00162458,memfind.c,unreferenced,generated
0x00162480,memfind_00162480,memfind.c,reached,generated
0x00162528,memfind_00162528,memfind.c,reached,generated
0x00162548,memfind_00162548,memfind.c,reached,generated
0x00162560,memfind_00162560,memfind.c,unreferenced,generated
0x00162570,memfind_00162570,memfind.c,unreferenced,generated
0x00162580,memfind_00162580,memfind.c,unreferenced,generated
0x00162590,memfind_00162590,memfind.c,unreferenced,generated
0x001625A0,memfind_001625A0,memfind.c,reached,generated
0x001625E8,memfind_001625E8,memfind.c,reached,generated
0x00162628,memfind_00162628,memfind.c,reached,generated
0x00162640,memfind_00162640,memfind.c,reached,generated
0x001626A0,memfind_001626A0,memfind.c,reached,generated
0x00162880,memfind_00162880,memfind.c,reached,generated
0x00162998,memfind_00162998,memfind.c,reached,generated
0x001629F8,memfind_001629F8,memfind.c,reached,generated
0x00162B88,memfind_00162B88,memfind.c,reached,generated
0x00162CD8,memfind_00162CD8,memfind.c,reached,generated
0x00162D88,memfind_00162D88,memfind.c,reached,generated
0x00162E38,memfind_00162E38,memfind.c,reached,generated
0x00162E68,memfind_00162E68,memfind.c,reached,generated
0x00162E98,memfind_00162E98,memfind.c,reached,generated
0x00162EC8,memfind_00162EC8,memfind.c,reached,generated
0x00162F38,memfind_00162F38,memfind.c,reached,generated
0x00162F68,memfind_00162F68,memfind.c,reached,generated
0x00162FD8,memfind_00162FD8,memfind.c,reached,generated
0x00163028,memfind_00163028,memfind.c,reached,generated
0x00163098,memfind_00163098,memfind.c,reached,generated
0x001631F0,face_001631F0,face.c,reached,generated
0x00163278,face_00163278,face.c,reached,generated
0x00163368,face_00163368,face.c,reached,generated
0x00163448,face_00163448,face.c,reached,generated
0x00163488,face_00163488,face.c,reached,generated
0x001634C8,face_001634C8,face.c,reached,generated
0x00163508,face_00163508,face.c,reached,generated
0x00163548,face_00163548,face.c,reached,generated
0x00163588,face_00163588,face.c,unreferenced,generated
0x001635C8,face_001635C8,face.c,unreferenced,generated
0x00163620,face_00163620,face.c,reached,generated
0x00163688,face_00163688,face.c,reached,generated
0x00163798,face_00163798,face.c,reached,generated
0x00163900,face_00163900,face.c,reached,generated
0x00163910,face_00163910,face.c,unreferenced,generated
0x00163920,face_00163920,face.c,reached,generated
0x00163930,face_00163930,face.c,reached,generated
0x00163940,face_00163940,face.c,reached,generated
0x00163950,face_00163950,face.c,unreferenced,generated
0x00163960,face_00163960,face.c,reached,generated
0x00163970,face_00163970,face.c,unreferenced,generated
0x00163980,face_00163980,face.c,reached,generated
0x00163A00,face_00163A00,face.c,unreferenced,generated
0x00163A90,face_00163A90,face.c,unreferenced,generated
0x00163AC0,face_00163AC0,face.c,reached,generated
0x00163AF8,face_00163AF8,face.c,reached,generated
0x00163CE0,face_00163CE0,face.c,reached,generated
0x001643A0,faceplt_001643A0,faceplt.c,reached,generated
0x001643D8,hhFileSizeGetByName,faceplt.c,reached,trace_string
0x001645C0,faceplt_001645C0,faceplt.c,reached,generated
0x00164650,faceplt_00164650,faceplt.c,reached,generated
0x00164698,faceplt_00164698,faceplt.c,reached,generated
0x001646E0,faceplt_001646E0,faceplt.c,reached,generated
0x00164758,faceplt_00164758,faceplt.c,reached,generated
0x00164790,faceplt_00164790,faceplt.c,reached,generated
0x001647E0,faceplt_001647E0,faceplt.c,reached,generated
0x00164828,faceplt_00164828,faceplt.c,reached,generated
0x00164890,faceplt_00164890,faceplt.c,reached,generated
0x001648E0,faceplt_001648E0,faceplt.c,reached,generated
0x00164910,faceplt_00164910,faceplt.c,reached,generated
0x00164978,faceplt_00164978,faceplt.c,reached,generated
0x00164AE0,faceplt_00164AE0,faceplt.c,reached,generated
0x00164B18,faceplt_00164B18,faceplt.c,reached,generated
0x00164B50,faceplt_00164B50,faceplt.c,reached,generated
0x00164B70,faceplt_00164B70,faceplt.c,reached,generated
0x00164BB0,faceplt_00164BB0,faceplt.c,reached,generated
0x00164C08,faceplt_00164C08,faceplt.c,reached,generated
0x00164C10,faceplt_00164C10,faceplt.c,reached,generated
0x00164C18,faceplt_00164C18,faceplt.c,reached,generated
0x00164CA0,faceplt_00164CA0,faceplt.c,reached,generated
0x00164CE8,faceplt_00164CE8,faceplt.c,unreferenced,generated
0x00164D18,faceplt_00164D18,faceplt.c,unreferenced,generated
0x00164D58,fn_getemotionrate,faceplt.c,unreferenced,prose_label
0x00164DD8,fn_getlove,faceplt.c,unreferenced,prose_label
0x00164E48,faceplt_00164E48,faceplt.c,reached,generated
0x00164EC8,func_00164EC8,,reached,generated
0x00164F70,func_00164F70,,reached,generated
0x00165090,func_00165090,,reached,generated
0x001650B8,func_001650B8,,reached,generated
0x001650E0,func_001650E0,,reached,generated
0x00165148,func_00165148,,reached,generated
0x00165160,func_00165160,,reached,generated
0x00165180,func_00165180,,reached,generated
0x00165208,func_00165208,,reached,generated
0x00165290,func_00165290,,reached,generated
0x001652B0,func_001652B0,,reached,generated
0x001652D0,func_001652D0,,reached,generated
0x001652F0,func_001652F0,,reached,generated
0x00165310,func_00165310,,reached,generated
0x00165330,func_00165330,,reached,generated
0x00165350,func_00165350,,reached,generated
0x00165370,func_00165370,,reached,generated
0x001653B0,func_001653B0,,unreferenced,generated
0x001653D8,func_001653D8,,reached,generated
0x001653F0,func_001653F0,,unreferenced,generated
0x001653F8,func_001653F8,,unreferenced,generated
0x00165428,func_00165428,,reached,generated
0x00165430,func_00165430,,reached,generated
0x00165438,func_00165438,,reached,generated
0x00165440,func_00165440,,reached,generated
0x00165448,func_00165448,,reached,generated
0x00165450,func_00165450,,reached,generated
0x00165458,func_00165458,,reached,generated
0x00165460,func_00165460,,reached,generated
0x00165468,func_00165468,,reached,generated
0x00165470,func_00165470,,reached,generated
0x00165498,func_00165498,,reached,generated
0x001654A0,func_001654A0,,unreferenced,generated
0x00165528,func_00165528,,reached,generated
0x00165570,func_00165570,,reached,generated
0x00165588,func_00165588,,reached,generated
0x00165598,func_00165598,,reached,generated
0x001655D8,func_001655D8,,reached,generated
0x001655F0,func_001655F0,,reached,generated
0x00165610,func_00165610,,reached,generated
0x00165630,func_00165630,,reached,generated
0x00165670,func_00165670,,reached,generated
0x001656A8,func_001656A8,,unreferenced,generated
0x001656E0,func_001656E0,,reached,generated
0x00165700,func_00165700,,reached,generated
0x00165720,func_00165720,,unreferenced,generated
0x00165780,cpmoney_00165780,cpmoney.c,reached,generated
0x001657D0,func_001657D0,,reached,generated
0x001657F0,func_001657F0,,reached,generated
0x00165810,gm_money_set,,reached,manual
0x00165850,func_00165850,,reached,generated
0x00165888,func_00165888,,reached,generated
0x001658C0,cpskill_001658C0,cpskill.c,reached,generated
0x00165910,cpskill_00165910,cpskill.c,reached,generated
0x00165928,cpskill_00165928,cpskill.c,reached,generated
0x00165988,cpskill_00165988,cpskill.c,reached,generated
0x00165A38,func_00165A38,,reached,generated
0x00165A88,gm_skill_set,,reached,manual
0x00165AA0,func_00165AA0,,unreferenced,generated
0x00165B10,func_00165B10,,unreferenced,generated
0x00165B60,cpitem_00165B60,cpitem.c,reached,generated
0x00165BB0,cpitem_00165BB0,cpitem.c,reached,generated
0x00165C68,cpitem_00165C68,cpitem.c,reached,generated
0x00165C88,cpitem_00165C88,cpitem.c,unreferenced,generated
0x00165CE8,cpitem_00165CE8,cpitem.c,unreferenced,generated
0x00165D48,cpitem_00165D48,cpitem.c,unreferenced,generated
0x00165DA8,cpitem_00165DA8,cpitem.c,unreferenced,generated
0x00165E08,cpitem_00165E08,cpitem.c,reached,generated
0x00165EC8,cpitem_00165EC8,cpitem.c,reached,generated
0x00165F58,cpitem_00165F58,cpitem.c,reached,generated
0x00165FE8,cpitem_00165FE8,cpitem.c,reached,generated
0x001660D0,cpitem_001660D0,cpitem.c,reached,generated
0x001661B8,cpitem_001661B8,cpitem.c,unreferenced,generated
0x001661E8,cpitem_001661E8,cpitem.c,unreferenced,generated
0x00166218,cpitem_00166218,cpitem.c,unreferenced,generated
0x00166320,cpitem_00166320,cpitem.c,reached,generated
0x001663C0,cpitem_001663C0,cpitem.c,reached,generated
0x00166410,cpitem_00166410,cpitem.c,unreferenced,generated
0x00166450,cpitem_00166450,cpitem.c,unreferenced,generated
0x00166530,cpitem_00166530,cpitem.c,unreferenced,generated
0x001665F0,cpitem_001665F0,cpitem.c,unreferenced,generated
0x00166650,cpitem_00166650,cpitem.c,reached,generated
0x00166790,cpitem_00166790,cpitem.c,unreferenced,generated
0x00166808,cpitem_00166808,cpitem.c,unreferenced,generated
0x00166838,cpitem_00166838,cpitem.c,reached,generated
0x00166868,cpitem_00166868,cpitem.c,unreferenced,generated
0x001668D0,cpitem_001668D0,cpitem.c,unreferenced,generated
0x00166938,cpitem_00166938,cpitem.c,reached,generated
0x001669D0,cpitem_001669D0,cpitem.c,unreferenced,generated
0x00166A28,func_00166A28,,unreferenced,generated
0x00166A48,func_00166A48,,unreferenced,generated
0x00166A68,func_00166A68,,unreferenced,generated
0x00166AC8,func_00166AC8,,unreferenced,generated
0x00166B30,cpstate_00166B30,cpstate.c,reached,generated
0x00166B80,func_00166B80,,reached,generated
0x00166BA0,func_00166BA0,,reached,generated
0x00166BC8,func_00166BC8,,reached,generated
0x00166BE8,func_00166BE8,,reached,generated
0x00166C10,func_00166C10,,reached,generated
0x00166C40,func_00166C40,,reached,generated
0x00166C90,func_00166C90,,reached,generated
0x00166CC8,func_00166CC8,,reached,generated
0x00166CE8,func_00166CE8,,reached,generated
0x00166D10,func_00166D10,,reached,generated
0x00166D40,func_00166D40,,reached,generated
0x00166D98,func_00166D98,,reached,generated
0x00166DF0,func_00166DF0,,reached,generated
0x00166E10,func_00166E10,,reached,generated
0x00166E50,func_00166E50,,unreferenced,generated
0x00166E88,func_00166E88,,reached,generated
0x00166ED8,func_00166ED8,,unreferenced,generated
0x00166F10,func_00166F10,,unreferenced,generated
0x00166F48,func_00166F48,,reached,generated
0x00166FD0,func_00166FD0,,unreferenced,generated
0x00167010,func_00167010,,unreferenced,generated
0x001670A8,func_001670A8,,unreferenced,generated
0x001670C8,func_001670C8,,reached,generated
0x001670F0,cpmyster_001670F0,cpmyster.c,reached,generated
0x00167140,func_00167140,,reached,generated
0x00167170,func_00167170,,reached,generated
0x001671A8,func_001671A8,,reached,generated
0x00167220,func_00167220,,reached,generated
0x001672B0,func_001672B0,,reached,generated
0x00167300,cpmess_00167300,cpmess.c,reached,generated
0x00167350,func_00167350,,unreferenced,generated
0x001673A0,func_001673A0,,unreferenced,generated
0x001673D0,func_001673D0,,unreferenced,generated
0x00167400,cpflag_00167400,cpflag.c,reached,generated
0x00167450,func_00167450,,reached,generated
0x001674A8,func_001674A8,,reached,generated
0x001674D8,func_001674D8,,reached,generated
0x001674F8,func_001674F8,,reached,generated
0x00167510,func_00167510,,unreferenced,generated
0x00167550,func_00167550,,unreferenced,generated
0x00167588,func_00167588,,unreferenced,generated
0x001675F8,func_001675F8,,unreferenced,generated
0x00167668,func_00167668,,unreferenced,generated
0x001676A0,func_001676A0,,unreferenced,generated
0x00167710,func_00167710,,unreferenced,generated
0x00167780,func_00167780,,unreferenced,generated
0x001677A8,func_001677A8,,reached,generated
0x001677C8,func_001677C8,,reached,generated
0x001677E8,func_001677E8,,reached,generated
0x00167848,func_00167848,,reached,generated
0x00167868,func_00167868,,reached,generated
0x00167890,cpreport_00167890,cpreport.c,reached,generated
0x001678E0,cpreport_001678E0,cpreport.c,unreferenced,generated
0x00167900,cpreport_00167900,cpreport.c,unreferenced,generated
0x00167928,cpreport_00167928,cpreport.c,reached,generated
0x00167948,cpreport_00167948,cpreport.c,unreferenced,generated
0x00167978,cpreport_00167978,cpreport.c,unreferenced,generated
0x00167998,cpreport_00167998,cpreport.c,unreferenced,generated
0x00167A08,cpreport_00167A08,cpreport.c,unreferenced,generated
0x00167A90,cpreport_00167A90,cpreport.c,unreferenced,generated
0x00167AF8,cpreport_00167AF8,cpreport.c,reached,generated
0x00167B28,cpreport_00167B28,cpreport.c,unreferenced,generated
0x00167B58,cpreport_00167B58,cpreport.c,unreferenced,generated
0x00167B88,cpreport_00167B88,cpreport.c,reached,generated
0x00167C10,cpreport_00167C10,cpreport.c,reached,generated
0x00167DC0,func_00167DC0,,reached,generated
0x00167DE0,func_00167DE0,,reached,generated
0x00167E08,func_00167E08,,reached,generated
0x00167E10,func_00167E10,,reached,generated
0x00167EA0,func_00167EA0,,reached,generated
0x00167EC0,func_00167EC0,,reached,generated
0x00167ED0,func_00167ED0,,unreferenced,generated
0x00167ED8,func_00167ED8,,unreferenced,generated
0x00167EE0,func_00167EE0,,reached,generated
0x00167F00,func_00167F00,,reached,generated
0x00167F28,func_00167F28,,unreferenced,generated
0x00167F58,func_00167F58,,reached,generated
0x00167FA0,func_00167FA0,,reached,generated
0x00167FB8,func_00167FB8,,unreferenced,generated
0x00167FD0,func_00167FD0,,unreferenced,generated
0x00167FF0,func_00167FF0,,reached,generated
0x00168018,func_00168018,,reached,generated
0x00168040,func_00168040,,unreferenced,generated
0x00168068,func_00168068,,unreferenced,generated
0x00168090,func_00168090,,reached,generated
0x001680D8,func_001680D8,,unreferenced,generated
0x001680F8,func_001680F8,,reached,generated
0x00168178,func_00168178,,unreferenced,generated
0x001681B8,func_001681B8,,unreferenced,generated
0x001681F8,func_001681F8,,unreferenced,generated
0x00168240,func_00168240,,unreferenced,generated
0x001682D0,func_001682D0,,reached,generated
0x00168300,func_00168300,,unreferenced,generated
0x00168350,bumpu_00168350,bumpu.c,reached,generated
0x001683C8,bumpu_001683C8,bumpu.c,reached,generated
0x00168410,bumpu_00168410,bumpu.c,reached,generated
0x001684A8,bumpu_001684A8,bumpu.c,reached,generated
0x00168560,bumpu_00168560,bumpu.c,reached,generated
0x001685B8,bumpu_001685B8,bumpu.c,reached,generated
0x00168618,bumpu_00168618,bumpu.c,reached,generated
0x00168620,bumpu_00168620,bumpu.c,reached,generated
0x00168678,im_00168678,im.c,reached,generated
0x001686B8,func_001686B8,im.c,reached,generated
0x001686D0,gmImCodeLoad,im.c,reached,trace_string
0x001687A8,gmImCodeFree,im.c,reached,trace_string
0x00168818,im_00168818,im.c,reached,generated
0x001688F0,im_001688F0,im.c,reached,generated
0x00168950,im_00168950,im.c,unreferenced,generated
0x00168978,im_00168978,im.c,unreferenced,generated
0x001689A8,im_001689A8,im.c,unreferenced,generated
0x00168AC0,im_00168AC0,im.c,reached,generated
0x00168B18,No_message,im.c,unreferenced,prose_label
0x00168B88,im_00168B88,im.c,unreferenced,generated
0x00168C10,im_00168C10,im.c,unreferenced,generated
0x00168CA8,im_00168CA8,im.c,unreferenced,generated
0x00168CC8,im_00168CC8,im.c,unreferenced,generated
0x00168D98,im_00168D98,im.c,reached,generated
0x00168E20,im_00168E20,im.c,reached,generated
0x00168F08,im_00168F08,im.c,unreferenced,generated
0x00168F50,im_00168F50,im.c,unreferenced,generated
0x00168FA8,im_00168FA8,im.c,reached,generated
0x00168FB0,im_00168FB0,im.c,reached,generated
0x00168FB8,im_00168FB8,im.c,reached,generated
0x00168FD0,im_00168FD0,im.c,unreferenced,generated
0x00168FE8,im_00168FE8,im.c,unreferenced,generated
0x00169000,im_00169000,im.c,reached,generated
0x00169030,im_00169030,im.c,unreferenced,generated
0x00169050,im_00169050,im.c,unreferenced,generated
0x00169070,im_00169070,im.c,unreferenced,generated
0x00169160,im_00169160,im.c,reached,generated
0x001691E0,im_001691E0,im.c,reached,generated
0x00169300,im_00169300,im.c,reached,generated
0x001693D8,im_001693D8,im.c,reached,generated
0x00169498,im_00169498,im.c,reached,generated
0x001695A0,im_001695A0,im.c,unreferenced,generated
0x001695D8,im_001695D8,im.c,reached,generated
0x001697A8,im_001697A8,im.c,reached,generated
0x001697C8,im_001697C8,im.c,reached,generated
0x00169850,im_00169850,im.c,unreferenced,generated
0x00169920,im_00169920,im.c,reached,generated
0x00169968,im_00169968,im.c,reached,generated
0x001699C0,im_001699C0,im.c,reached,generated
0x00169A08,im_00169A08,im.c,unreferenced,generated
0x00169A20,im_00169A20,im.c,unreferenced,generated
0x00169A38,im_00169A38,im.c,unreferenced,generated
0x00169A50,im_00169A50,im.c,reached,generated
0x00169A70,im_00169A70,im.c,unreferenced,generated
0x00169A98,im_00169A98,im.c,unreferenced,generated
0x00169AC0,im_00169AC0,im.c,reached,generated
0x00169B08,im_00169B08,im.c,reached,generated
0x00169B98,im_00169B98,im.c,reached,generated
0x00169BB0,im_00169BB0,im.c,unreferenced,generated
0x00169BC8,im_00169BC8,im.c,reached,generated
0x00169BE0,im_00169BE0,im.c,reached,generated
0x00169C48,im_00169C48,im.c,reached,generated
0x00169C88,im_00169C88,im.c,unreferenced,generated
0x00169CC8,im_00169CC8,im.c,unreferenced,generated
0x00169D08,im_00169D08,im.c,unreferenced,generated
0x00169D78,im_00169D78,im.c,unreferenced,generated
0x00169DD8,im_00169DD8,im.c,reached,generated
0x00169F10,im_00169F10,im.c,reached,generated
0x00169F28,im_00169F28,im.c,unreferenced,generated
0x0016A000,im_0016A000,im.c,reached,generated
0x0016A0B8,im_0016A0B8,im.c,reached,generated
0x0016A130,im_0016A130,im.c,reached,generated
0x0016A1C0,im_0016A1C0,im.c,reached,generated
0x0016A268,im_0016A268,im.c,reached,generated
0x0016A308,im_0016A308,im.c,reached,generated
0x0016A3B0,im_0016A3B0,im.c,reached,generated
0x0016A3D8,im_0016A3D8,im.c,reached,generated
0x0016A4C8,im_0016A4C8,im.c,reached,generated
0x0016A548,func_0016A548,im.c,reached,generated
0x0016A708,func_0016A708,im.c,reached,generated
0x0016A928,im_0016A928,im.c,reached,generated
0x0016A9D8,func_0016A9D8,im.c,reached,generated
0x0016AA48,func_0016AA48,im.c,reached,generated
0x0016AAC0,func_0016AAC0,im.c,reached,generated
0x0016AAF0,func_0016AAF0,im.c,reached,generated
0x0016AB18,im_0016AB18,im.c,reached,generated
0x0016ABA8,func_0016ABA8,,unreferenced,generated
0x0016ABE8,window_0016ABE8,window.c,reached,generated
0x0016AC30,window_0016AC30,window.c,unreferenced,generated
0x0016AC58,window_0016AC58,window.c,unreferenced,generated
0x0016AC80,func_0016AC80,window.c,reached,generated
0x0016ACF8,func_0016ACF8,window.c,reached,generated
0x0016ADD0,func_0016ADD0,window.c,reached,generated
0x0016AEA8,func_0016AEA8,window.c,reached,generated
0x0016AF90,func_0016AF90,window.c,reached,generated
0x0016B090,func_0016B090,window.c,reached,generated
0x0016B180,func_0016B180,window.c,reached,generated
0x0016B250,func_0016B250,window.c,reached,generated
0x0016B2A8,func_0016B2A8,window.c,reached,generated
0x0016B308,window_0016B308,window.c,reached,generated
0x0016B690,window_0016B690,window.c,reached,generated
0x0016B728,window_0016B728,window.c,reached,generated
0x0016B740,window_0016B740,window.c,reached,generated
0x0016B770,window_0016B770,window.c,reached,generated
0x0016B7B0,window_0016B7B0,window.c,unreferenced,generated
0x0016B7F0,window_0016B7F0,window.c,reached,generated
0x0016B830,window_0016B830,window.c,unreferenced,generated
0x0016B8A0,window_0016B8A0,window.c,reached,generated
0x0016B930,window_0016B930,window.c,reached,generated
0x0016B9C0,window_0016B9C0,window.c,reached,generated
0x0016BA68,window_layout,window.c,reached,manual
0x0016BC90,window_0016BC90,window.c,reached,generated
0x0016BD68,window_0016BD68,window.c,unreferenced,generated
0x0016BE40,window_0016BE40,window.c,unreferenced,generated
0x0016BEC0,window_0016BEC0,window.c,reached,generated
0x0016BF40,window_0016BF40,window.c,reached,generated
0x0016C0A8,window_0016C0A8,window.c,unreferenced,generated
0x0016C1D0,window_0016C1D0,window.c,unreferenced,generated
0x0016C210,window_0016C210,window.c,unreferenced,generated
0x0016C250,window_0016C250,window.c,unreferenced,generated
0x0016C280,window_0016C280,window.c,unreferenced,generated
0x0016C2A8,window_0016C2A8,window.c,reached,generated
0x0016C2F0,window_0016C2F0,window.c,unreferenced,generated
0x0016C318,window_0016C318,window.c,unreferenced,generated
0x0016C340,window_0016C340,window.c,unreferenced,generated
0x0016C440,window_0016C440,window.c,unreferenced,generated
0x0016C490,window_0016C490,window.c,unreferenced,generated
0x0016C4D0,window_0016C4D0,window.c,unreferenced,generated
0x0016C510,window_0016C510,window.c,unreferenced,generated
0x0016C550,window_0016C550,window.c,unreferenced,generated
0x0016C590,window_0016C590,window.c,unreferenced,generated
0x0016C5E8,window_0016C5E8,window.c,unreferenced,generated
0x0016C640,window_0016C640,window.c,unreferenced,generated
0x0016C680,window_0016C680,window.c,unreferenced,generated
0x0016C6C0,window_0016C6C0,window.c,unreferenced,generated
0x0016C700,window_0016C700,window.c,unreferenced,generated
0x0016C780,window_0016C780,window.c,unreferenced,generated
0x0016C7C0,window_0016C7C0,window.c,unreferenced,generated
0x0016C830,window_0016C830,window.c,unreferenced,generated
0x0016C870,window_0016C870,window.c,unreferenced,generated
0x0016C8B0,window_0016C8B0,window.c,unreferenced,generated
0x0016CA90,window_0016CA90,window.c,unreferenced,generated
0x0016CB40,window_0016CB40,window.c,reached,generated
0x0016CBC8,window_0016CBC8,window.c,unreferenced,generated
0x0016CC38,window_0016CC38,window.c,reached,generated
0x0016CCB0,window_0016CCB0,window.c,reached,generated
0x0016CCF8,window_0016CCF8,window.c,reached,generated
0x0016CD18,window_0016CD18,window.c,reached,generated
0x0016CD48,window_0016CD48,window.c,reached,generated
0x0016CD80,window_0016CD80,window.c,reached,generated
0x0016CDA0,window_0016CDA0,window.c,reached,generated
0x0016CDC8,window_0016CDC8,window.c,reached,generated
0x0016CDD0,window_0016CDD0,window.c,reached,generated
0x0016CE00,window_0016CE00,window.c,reached,generated
0x0016CE38,window_0016CE38,window.c,reached,generated
0x0016CE88,window_0016CE88,window.c,reached,generated
0x0016CED8,window_0016CED8,window.c,reached,generated
0x0016CFC8,window_0016CFC8,window.c,reached,generated
0x0016D068,window_0016D068,window.c,reached,generated
0x0016D0F0,restore_0016D0F0,restore.c,unreferenced,generated
0x0016D2C8,restore_0016D2C8,restore.c,unreferenced,generated
0x0016D3F8,restore_0016D3F8,restore.c,unreferenced,generated
0x0016D4D8,restore_0016D4D8,restore.c,unreferenced,generated
0x0016D518,restore_0016D518,restore.c,reached,generated
0x0016D538,restore_0016D538,restore.c,reached,generated
0x0016D560,restore_0016D560,restore.c,unreferenced,generated
0x0016D580,restore_0016D580,restore.c,reached,generated
0x0016D5A0,restore_0016D5A0,restore.c,reached,generated
0x0016D5C8,restore_0016D5C8,restore.c,unreferenced,generated
0x0016D5E8,restore_0016D5E8,restore.c,reached,generated
0x0016D6D8,restore_0016D6D8,restore.c,reached,generated
0x0016D778,restore_0016D778,restore.c,reached,generated
0x0016D7C8,restore_0016D7C8,restore.c,reached,generated
0x0016D9A8,restore_0016D9A8,restore.c,reached,generated
0x0016D9B8,restore_0016D9B8,restore.c,reached,generated
0x0016D9C0,restore_0016D9C0,restore.c,reached,generated
0x0016D9D8,restore_0016D9D8,restore.c,reached,generated
0x0016D9F0,restore_0016D9F0,restore.c,reached,generated
0x0016DA78,restore_0016DA78,restore.c,reached,generated
0x0016DA90,restore_0016DA90,restore.c,reached,generated
0x0016DAA8,evsStep,restore.c,reached,manual
0x0016DAD0,restore_0016DAD0,restore.c,reached,generated
0x0016DB08,restore_0016DB08,restore.c,reached,generated
0x0016DB68,restore_0016DB68,restore.c,reached,generated
0x0016DBA8,evsIsOp1,restore.c,reached,manual
0x0016DBD0,evsIsOp140,restore.c,reached,manual
0x0016DBF8,evsIsOp141,restore.c,reached,manual
0x0016DC20,evsIsOp146,restore.c,reached,manual
0x0016DC48,evsIsOp145,restore.c,reached,manual
0x0016DC70,evsIsOp144,restore.c,reached,manual
0x0016DC98,restore_0016DC98,restore.c,reached,generated
0x0016DD00,restore_0016DD00,restore.c,reached,generated
0x0016DD70,restore_0016DD70,restore.c,reached,generated
0x0016DD88,evsStepField4,restore.c,reached,manual
0x0016DDA8,restore_0016DDA8,restore.c,reached,generated
0x0016DE80,restore_0016DE80,restore.c,reached,generated
0x0016DEB0,evsCallHook20,restore.c,reached,manual
0x0016DEF0,evsCallHook2C,restore.c,reached,manual
0x0016DF30,restore_0016DF30,restore.c,reached,generated
0x0016DF68,restore_0016DF68,restore.c,reached,generated
0x0016DFA0,restore_0016DFA0,restore.c,reached,generated
0x0016E030,restore_0016E030,restore.c,reached,generated
0x0016E048,restore_0016E048,restore.c,reached,generated
0x0016E060,restore_0016E060,restore.c,reached,generated
0x0016E078,restore_0016E078,restore.c,reached,generated
0x0016E090,restore_0016E090,restore.c,reached,generated
0x0016E120,restore_0016E120,restore.c,reached,generated
0x0016E280,restore_0016E280,restore.c,reached,generated
0x0016E330,restore_0016E330,restore.c,reached,generated
0x0016E378,restore_0016E378,restore.c,reached,generated
0x0016E398,restore_0016E398,restore.c,reached,generated
0x0016E4F8,restore_0016E4F8,restore.c,reached,generated
0x0016E720,restore_0016E720,restore.c,reached,generated
0x0016E758,restore_0016E758,restore.c,reached,generated
0x0016E790,restore_0016E790,restore.c,reached,generated
0x0016E7A0,restore_0016E7A0,restore.c,reached,generated
0x0016E7C8,restore_0016E7C8,restore.c,reached,generated
0x0016E870,restore_0016E870,restore.c,reached,generated
0x0016E8A8,restore_0016E8A8,restore.c,reached,generated
0x0016E8E0,restore_0016E8E0,restore.c,reached,generated
0x0016E910,restore_0016E910,restore.c,reached,generated
0x0016E958,restore_0016E958,restore.c,reached,generated
0x0016E9B0,restore_0016E9B0,restore.c,reached,generated
0x0016E9F8,restore_0016E9F8,restore.c,reached,generated
0x0016EA40,restore_0016EA40,restore.c,reached,generated
0x0016EA58,restore_0016EA58,restore.c,reached,generated
0x0016EB70,restore_0016EB70,restore.c,reached,generated
0x0016EBD0,restore_0016EBD0,restore.c,reached,generated
0x0016EE40,restore_0016EE40,restore.c,reached,generated
0x0016EE90,restore_0016EE90,restore.c,reached,generated
0x0016F048,restore_0016F048,restore.c,reached,generated
0x0016F098,restore_0016F098,restore.c,reached,generated
0x0016F2A0,restore_0016F2A0,restore.c,reached,generated
0x0016F318,restore_0016F318,restore.c,reached,generated
0x0016F6C8,restore_0016F6C8,restore.c,reached,generated
0x0016F708,restore_0016F708,restore.c,reached,generated
0x0016F780,restore_0016F780,restore.c,reached,generated
0x0016F8D8,restore_0016F8D8,restore.c,unreferenced,generated
0x0016F940,restore_0016F940,restore.c,reached,generated
0x0016FA48,restore_0016FA48,restore.c,reached,generated
0x0016FBA8,restore_0016FBA8,restore.c,reached,generated
0x0016FC28,restore_0016FC28,restore.c,reached,generated
0x0016FC48,restore_0016FC48,restore.c,reached,generated
0x0016FD00,restore_0016FD00,restore.c,reached,generated
0x0016FDB0,func_0016FDB0,,reached,generated
0x0016FDC8,func_0016FDC8,,reached,generated
0x0016FDD0,evseq_0016FDD0,evseq.c,unreferenced,generated
0x0016FDE8,gmEventSequenceExec,evseq.c,reached,manual
0x0016FE28,evseqRun,evseq.c,reached,manual
0x00170288,evseq_00170288,evseq.c,reached,generated
0x00170318,evseq_00170318,evseq.c,reached,generated
0x00170390,evseqCreate,evseq.c,reached,manual
0x00170668,evseq_00170668,evseq.c,reached,generated
0x00170680,evseqDestroy,evseq.c,reached,manual
0x00170850,evseq_00170850,evseq.c,reached,generated
0x00170888,evseq_00170888,evseq.c,reached,generated
0x001708D0,evseq_001708D0,evseq.c,reached,generated
0x00170958,evseq_00170958,evseq.c,reached,generated
0x00170A28,evseq_00170A28,evseq.c,reached,generated
0x00170B78,evseq_00170B78,evseq.c,unreferenced,generated
0x00170C00,evseq_00170C00,evseq.c,unreferenced,generated
0x00170C88,evseq_00170C88,evseq.c,reached,generated
0x00170D48,evseq_00170D48,evseq.c,reached,generated
0x00170DF8,evseq_00170DF8,evseq.c,reached,generated
0x00170E98,evseq_00170E98,evseq.c,reached,generated
0x00170F30,evseq_00170F30,evseq.c,reached,generated
0x00171020,evseq_00171020,evseq.c,reached,generated
0x001710F0,evseq_001710F0,evseq.c,reached,generated
0x00171278,evseq_00171278,evseq.c,reached,generated
0x00171388,evseq_00171388,evseq.c,reached,generated
0x001713B8,evseq_001713B8,evseq.c,reached,generated
0x001713D8,evseq_001713D8,evseq.c,reached,generated
0x00171438,evseq_00171438,evseq.c,reached,generated
0x001715D8,evseq_001715D8,evseq.c,reached,generated
0x001716B0,gmVoicePlay,evseq.c,reached,trace_string
0x00171950,evseq_00171950,evseq.c,reached,generated
0x00171AF8,evseq_00171AF8,evseq.c,reached,generated
0x00171C98,evseq_00171C98,evseq.c,reached,generated
0x00171CC8,evseq_00171CC8,evseq.c,reached,generated
0x00171CD0,evseq_00171CD0,evseq.c,reached,generated
0x00171CD8,evseq_00171CD8,evseq.c,reached,generated
0x00171CE0,evseq_00171CE0,evseq.c,reached,generated
0x00171CE8,evseq_00171CE8,evseq.c,reached,generated
0x00171CF0,evseq_00171CF0,evseq.c,reached,generated
0x00171CF8,evseq_00171CF8,evseq.c,reached,generated
0x00171D00,evseq_00171D00,evseq.c,reached,generated
0x00171D08,evseq_00171D08,evseq.c,reached,generated
0x00171D10,evseq_00171D10,evseq.c,reached,generated
0x00171DE8,evseq_00171DE8,evseq.c,reached,generated
0x00171F10,evseq_00171F10,evseq.c,reached,generated
0x00171F30,evseq_00171F30,evseq.c,reached,generated
0x00171F50,evseq_00171F50,evseq.c,reached,generated
0x00171F70,evseq_00171F70,evseq.c,reached,generated
0x001720B8,evseq_001720B8,evseq.c,reached,generated
0x001720E0,evseq_001720E0,evseq.c,reached,generated
0x00172108,evsWalkOp1,evseq.c,reached,manual
0x00172290,evseq_00172290,evseq.c,reached,generated
0x001722B8,evseq_001722B8,evseq.c,reached,generated
0x001722E0,evseq_001722E0,evseq.c,reached,generated
0x00172430,evseq_00172430,evseq.c,reached,generated
0x00172538,evseq_00172538,evseq.c,reached,generated
0x00172560,evseq_00172560,evseq.c,reached,generated
0x001725A0,evseq_001725A0,evseq.c,reached,generated
0x001725C8,evsRunSteps,evseq.c,reached,manual
0x00172770,evseq_00172770,evseq.c,reached,generated
0x00172808,evseq_00172808,evseq.c,reached,generated
0x00172848,evseq_00172848,evseq.c,reached,generated
0x00172878,evseq_00172878,evseq.c,reached,generated
0x001728A8,evseq_001728A8,evseq.c,reached,generated
0x001729E0,evseq_001729E0,evseq.c,reached,generated
0x00172A48,evseq_00172A48,evseq.c,reached,generated
0x00172BA8,evseq_00172BA8,evseq.c,reached,generated
0x00172C08,evseq_00172C08,evseq.c,reached,generated
0x00172D78,evseqBranchIfEq,evseq.c,reached,manual
0x00172DA8,evseq_00172DA8,evseq.c,reached,generated
0x00172E28,evseq_00172E28,evseq.c,reached,generated
0x00172E88,evseq_00172E88,evseq.c,reached,generated
0x00172EE8,evseq_00172EE8,evseq.c,reached,generated
0x00172F48,evseq_00172F48,evseq.c,reached,generated
0x00172FA8,evseq_00172FA8,evseq.c,reached,generated
0x00173008,evseq_00173008,evseq.c,reached,generated
0x00173068,evseq_00173068,evseq.c,reached,generated
0x001730E0,evseq_001730E0,evseq.c,reached,generated
0x00173160,evseq_00173160,evseq.c,reached,generated
0x001731C0,evseq_001731C0,evseq.c,reached,generated
0x00173230,evseq_00173230,evseq.c,reached,generated
0x00173270,evseq_00173270,evseq.c,reached,generated
0x001732F0,evseq_001732F0,evseq.c,reached,generated
0x00173370,evseq_00173370,evseq.c,reached,generated
0x001733D8,evseq_001733D8,evseq.c,reached,generated
0x00173460,evseq_00173460,evseq.c,reached,generated
0x001734E0,evseq_001734E0,evseq.c,reached,generated
0x00173558,evseq_00173558,evseq.c,reached,generated
0x001735E8,evseq_001735E8,evseq.c,reached,generated
0x00173678,evseq_00173678,evseq.c,reached,generated
0x001736F0,evseq_001736F0,evseq.c,reached,generated
0x00173760,evseq_00173760,evseq.c,reached,generated
0x00173820,evseq_00173820,evseq.c,reached,generated
0x00173860,evseq_00173860,evseq.c,reached,generated
0x001738A0,evseq_001738A0,evseq.c,reached,generated
0x00173910,evseq_00173910,evseq.c,reached,generated
0x00173978,evseq_00173978,evseq.c,reached,generated
0x001739E0,evseq_001739E0,evseq.c,reached,generated
0x00173A48,evseq_00173A48,evseq.c,reached,generated
0x00173AB0,evseq_00173AB0,evseq.c,reached,generated
0x00173AE0,evseq_00173AE0,evseq.c,reached,generated
0x00173B40,evseq_00173B40,evseq.c,reached,generated
0x00173BE0,evseq_00173BE0,evseq.c,reached,generated
0x00173C10,evseq_00173C10,evseq.c,reached,generated
0x00173C40,evseq_00173C40,evseq.c,reached,generated
0x00173CE8,evseq_00173CE8,evseq.c,reached,generated
0x00173D40,evseq_00173D40,evseq.c,reached,generated
0x00173D78,evseq_00173D78,evseq.c,reached,generated
0x00173DB0,evseq_00173DB0,evseq.c,reached,generated
0x00173E40,evseq_00173E40,evseq.c,reached,generated
0x00173E78,evseq_00173E78,evseq.c,reached,generated
0x00173EB0,evseq_00173EB0,evseq.c,reached,generated
0x00173EE8,evseq_00173EE8,evseq.c,reached,generated
0x00173F20,evseq_00173F20,evseq.c,reached,generated
0x00173F58,evseqBranchIfEq2,evseq.c,reached,manual
0x00173FB0,evseq_00173FB0,evseq.c,reached,generated
0x00174008,evseq_00174008,evseq.c,reached,generated
0x00174040,evseq_00174040,evseq.c,reached,generated
0x00174078,evseq_00174078,evseq.c,reached,generated
0x001740B0,evseq_001740B0,evseq.c,reached,generated
0x001740E8,evseq_001740E8,evseq.c,reached,generated
0x00174120,evseq_00174120,evseq.c,reached,generated
0x00174158,evseq_00174158,evseq.c,reached,generated
0x00174190,evseq_00174190,evseq.c,reached,generated
0x001741C8,evseq_001741C8,evseq.c,reached,generated
0x00174200,evseq_00174200,evseq.c,reached,generated
0x00174238,evseq_00174238,evseq.c,reached,generated
0x00174258,evseq_00174258,evseq.c,reached,generated
0x00174290,evseq_00174290,evseq.c,reached,generated
0x001742B0,evseq_001742B0,evseq.c,reached,generated
0x001742E8,evseq_001742E8,evseq.c,reached,generated
0x00174348,evseq_00174348,evseq.c,reached,generated
0x00174380,evseq_00174380,evseq.c,reached,generated
0x001743E0,evseq_001743E0,evseq.c,reached,generated
0x001744D8,evseq_001744D8,evseq.c,reached,generated
0x00174508,evseq_00174508,evseq.c,reached,generated
0x00174540,evseq_00174540,evseq.c,reached,generated
0x00174578,evseq_00174578,evseq.c,reached,generated
0x001745B0,evseq_001745B0,evseq.c,reached,generated
0x00174600,evseq_00174600,evseq.c,reached,generated
0x00174658,evseq_00174658,evseq.c,reached,generated
0x00174690,evseq_00174690,evseq.c,reached,generated
0x001746C8,evseq_001746C8,evseq.c,reached,generated
0x00174700,evseq_00174700,evseq.c,reached,generated
0x00174758,evseq_00174758,evseq.c,reached,generated
0x001747B0,evseq_001747B0,evseq.c,reached,generated
0x00174808,evseq_00174808,evseq.c,reached,generated
0x001748E0,evseq_001748E0,evseq.c,reached,generated
0x001749D0,evseq_001749D0,evseq.c,reached,generated
0x00174A68,evseq_00174A68,evseq.c,reached,generated
0x00174AA0,evseq_00174AA0,evseq.c,reached,generated
0x00174AF8,evseq_00174AF8,evseq.c,reached,generated
0x00174B30,evseq_00174B30,evseq.c,reached,generated
0x00174B78,evseq_00174B78,evseq.c,reached,generated
0x00174BC0,evseq_00174BC0,evseq.c,reached,generated
0x00174BF8,evseq_00174BF8,evseq.c,reached,generated
0x00174C50,evseq_00174C50,evseq.c,reached,generated
0x00174C88,evseq_00174C88,evseq.c,reached,generated
0x00174CC0,evseq_00174CC0,evseq.c,reached,generated
0x00174DC0,evseq_00174DC0,evseq.c,reached,generated
0x00174E08,evseq_00174E08,evseq.c,reached,generated
0x00174EA0,evseq_00174EA0,evseq.c,reached,generated
0x00174ED8,evseq_00174ED8,evseq.c,reached,generated
0x00174F10,evseq_00174F10,evseq.c,reached,generated
0x00174F48,evseq_00174F48,evseq.c,reached,generated
0x00174F80,evseq_00174F80,evseq.c,reached,generated
0x00175008,evseq_00175008,evseq.c,reached,generated
0x00175060,evseq_00175060,evseq.c,reached,generated
0x001750B8,evseq_001750B8,evseq.c,reached,generated
0x00175100,evseq_00175100,evseq.c,reached,generated
0x00175138,evseq_00175138,evseq.c,reached,generated
0x001751E0,evseq_001751E0,evseq.c,reached,generated
0x00175218,evseq_00175218,evseq.c,reached,generated
0x00175258,evseq_00175258,evseq.c,reached,generated
0x00175290,evseq_00175290,evseq.c,reached,generated
0x001752E0,evseq_001752E0,evseq.c,reached,generated
0x00175338,evseq_00175338,evseq.c,reached,generated
0x00175468,evseq_00175468,evseq.c,reached,generated
0x001754C8,evseq_001754C8,evseq.c,reached,generated
0x001754F8,evseq_001754F8,evseq.c,reached,generated
0x00175520,evseq_00175520,evseq.c,reached,generated
0x00175548,evseq_00175548,evseq.c,reached,generated
0x00175578,evseq_00175578,evseq.c,reached,generated
0x001755A8,evseq_001755A8,evseq.c,reached,generated
0x001755D8,evseq_001755D8,evseq.c,reached,generated
0x00175608,evseq_00175608,evseq.c,reached,generated
0x00175638,evseq_00175638,evseq.c,reached,generated
0x00175660,OnEffect,evseq.c,reached,prose_label
0x00175B18,evseq_00175B18,evseq.c,reached,generated
0x00175BB8,evseq_00175BB8,evseq.c,reached,generated
0x00175C70,evseq_00175C70,evseq.c,reached,generated
0x00175CD8,evseq_00175CD8,evseq.c,reached,generated
0x00175D80,evseq_00175D80,evseq.c,reached,generated
0x00175DF8,evseq_00175DF8,evseq.c,reached,generated
0x00175EB8,evseq_00175EB8,evseq.c,reached,generated
0x00175F78,evseq_00175F78,evseq.c,reached,generated
0x00176078,evseq_00176078,evseq.c,reached,generated
0x001760F0,evseq_001760F0,evseq.c,reached,generated
0x00176248,evseq_00176248,evseq.c,reached,generated
0x00176350,evseq_00176350,evseq.c,reached,generated
0x00176428,AlertFree,evseq.c,reached,trace_string
0x001764D0,OnAlert,evseq.c,reached,trace_string
0x00176660,evseq_00176660,evseq.c,reached,generated
0x001766B8,evseq_001766B8,evseq.c,unreferenced,generated
0x00176710,evseq_00176710,evseq.c,reached,generated
0x00176748,evseq_00176748,evseq.c,reached,generated
0x001767B8,evseq_001767B8,evseq.c,reached,generated
0x00176808,evseq_00176808,evseq.c,reached,generated
0x00176850,evseq_00176850,evseq.c,reached,generated
0x00176888,evseq_00176888,evseq.c,reached,generated
0x00176998,evseq_00176998,evseq.c,reached,generated
0x001769C0,evseq_001769C0,evseq.c,reached,generated
0x00176A38,evseq_00176A38,evseq.c,reached,generated
0x00176B30,evseq_00176B30,evseq.c,reached,generated
0x00176BA8,evseq_00176BA8,evseq.c,reached,generated
0x00176C20,evseq_00176C20,evseq.c,reached,generated
0x00176C78,evseq_00176C78,evseq.c,reached,generated
0x00176CF0,evseq_00176CF0,evseq.c,reached,generated
0x00176D98,evseq_00176D98,evseq.c,reached,generated
0x00176DF8,evseq_00176DF8,evseq.c,reached,generated
0x00176E28,evseq_00176E28,evseq.c,reached,generated
0x00176E48,evseq_00176E48,evseq.c,reached,generated
0x00176E68,evseq_00176E68,evseq.c,reached,generated
0x00176E88,evseq_00176E88,evseq.c,reached,generated
0x00176EA8,evseq_00176EA8,evseq.c,reached,generated
0x00176EC8,evseq_00176EC8,evseq.c,reached,generated
0x00176EE8,evseq_00176EE8,evseq.c,reached,generated
0x00176F08,evseq_00176F08,evseq.c,reached,generated
0x00176F28,evseq_00176F28,evseq.c,reached,generated
0x00176F50,evseq_00176F50,evseq.c,reached,generated
0x00176F70,evseq_00176F70,evseq.c,reached,generated
0x00176F90,evseq_00176F90,evseq.c,reached,generated
0x00176FB0,evseq_00176FB0,evseq.c,reached,generated
0x00176FD0,evseq_00176FD0,evseq.c,reached,generated
0x00176FF0,evseq_00176FF0,evseq.c,reached,generated
0x00177018,evseq_00177018,evseq.c,reached,generated
0x00177038,evseq_00177038,evseq.c,reached,generated
0x00177058,evseq_00177058,evseq.c,reached,generated
0x00177078,evseq_00177078,evseq.c,reached,generated
0x00177098,evseq_00177098,evseq.c,reached,generated
0x001770C0,evseq_001770C0,evseq.c,reached,generated
0x001770E8,evseq_001770E8,evseq.c,reached,generated
0x00177110,evseq_00177110,evseq.c,reached,generated
0x00177138,evseq_00177138,evseq.c,reached,generated
0x00177160,evseq_00177160,evseq.c,reached,generated
0x00177188,evseq_00177188,evseq.c,reached,generated
0x001771B0,evseq_001771B0,evseq.c,reached,generated
0x001771D8,evseq_001771D8,evseq.c,reached,generated
0x00177200,evseq_00177200,evseq.c,reached,generated
0x00177228,evseq_00177228,evseq.c,reached,generated
0x00177250,evseq_00177250,evseq.c,reached,generated
0x00177280,evseq_00177280,evseq.c,reached,generated
0x001772B0,evseq_001772B0,evseq.c,reached,generated
0x001772D8,evseq_001772D8,evseq.c,reached,generated
0x00177300,evseq_00177300,evseq.c,reached,generated
0x00177328,evseq_00177328,evseq.c,reached,generated
0x00177350,evseq_00177350,evseq.c,reached,generated
0x00177380,evseq_00177380,evseq.c,reached,generated
0x001773B0,evseq_001773B0,evseq.c,reached,generated
0x001773D8,evseq_001773D8,evseq.c,reached,generated
0x00177408,evseq_00177408,evseq.c,reached,generated
0x00177438,evseq_00177438,evseq.c,reached,generated
0x00177460,evseq_00177460,evseq.c,reached,generated
0x00177490,evseq_00177490,evseq.c,reached,generated
0x001774B8,evseq_001774B8,evseq.c,reached,generated
0x001774E0,evseq_001774E0,evseq.c,reached,generated
0x00177508,evseq_00177508,evseq.c,reached,generated
0x00177530,evseq_00177530,evseq.c,reached,generated
0x00177558,evseq_00177558,evseq.c,reached,generated
0x00177580,evseq_00177580,evseq.c,reached,generated
0x001775A8,evseq_001775A8,evseq.c,reached,generated
0x001775D0,evseq_001775D0,evseq.c,reached,generated
0x001775F8,evseq_001775F8,evseq.c,reached,generated
0x00177620,evseq_00177620,evseq.c,reached,generated
0x00177648,evseq_00177648,evseq.c,reached,generated
0x00177678,evseq_00177678,evseq.c,reached,generated
0x001776A0,evseq_001776A0,evseq.c,reached,generated
0x001776C8,evseq_001776C8,evseq.c,reached,generated
0x001776F0,evseq_001776F0,evseq.c,reached,generated
0x00177718,evseq_00177718,evseq.c,reached,generated
0x00177740,evseq_00177740,evseq.c,reached,generated
0x00177768,evseq_00177768,evseq.c,reached,generated
0x00177790,evseq_00177790,evseq.c,reached,generated
0x001777B8,evseq_001777B8,evseq.c,reached,generated
0x001777E0,evseq_001777E0,evseq.c,reached,generated
0x00177808,evseq_00177808,evseq.c,reached,generated
0x00177830,evseq_00177830,evseq.c,reached,generated
0x00177858,evseq_00177858,evseq.c,reached,generated
0x00177880,evseq_00177880,evseq.c,reached,generated
0x001778A8,evseq_001778A8,evseq.c,reached,generated
0x001778D0,evseq_001778D0,evseq.c,reached,generated
0x001778F8,evseq_001778F8,evseq.c,reached,generated
0x00177920,evseq_00177920,evseq.c,reached,generated
0x00177948,evseq_00177948,evseq.c,reached,generated
0x00177970,evseq_00177970,evseq.c,reached,generated
0x00177998,evseq_00177998,evseq.c,reached,generated
0x001779C0,evseq_001779C0,evseq.c,reached,generated
0x001779E8,evseq_001779E8,evseq.c,reached,generated
0x00177A10,evseq_00177A10,evseq.c,reached,generated
0x00177A38,evseq_00177A38,evseq.c,reached,generated
0x00177A60,evseq_00177A60,evseq.c,reached,generated
0x00177A88,evseq_00177A88,evseq.c,reached,generated
0x00177AB0,evseq_00177AB0,evseq.c,reached,generated
0x00177AD8,evseq_00177AD8,evseq.c,reached,generated
0x00177B00,evseq_00177B00,evseq.c,reached,generated
0x00177B28,evseq_00177B28,evseq.c,reached,generated
0x00177B50,evseq_00177B50,evseq.c,reached,generated
0x00177B78,evseq_00177B78,evseq.c,reached,generated
0x00177BA0,evseq_00177BA0,evseq.c,reached,generated
0x00177BC0,evseq_00177BC0,evseq.c,reached,generated
0x00177BE0,evseq_00177BE0,evseq.c,reached,generated
0x00177C00,evseq_00177C00,evseq.c,reached,generated
0x00177C20,evseq_00177C20,evseq.c,reached,generated
0x00177C40,evseq_00177C40,evseq.c,reached,generated
0x00177C60,evseq_00177C60,evseq.c,reached,generated
0x00177C80,evseq_00177C80,evseq.c,reached,generated
0x00177CA0,evseq_00177CA0,evseq.c,reached,generated
0x00177CC0,evseq_00177CC0,evseq.c,reached,generated
0x00177CE0,evseq_00177CE0,evseq.c,reached,generated
0x00177D00,evseq_00177D00,evseq.c,reached,generated
0x00177D20,evseq_00177D20,evseq.c,reached,generated
0x00177D48,evseq_00177D48,evseq.c,reached,generated
0x00177D70,evseq_00177D70,evseq.c,reached,generated
0x00177D90,evseq_00177D90,evseq.c,reached,generated
0x00177DB0,evseq_00177DB0,evseq.c,reached,generated
0x00177DD0,evseq_00177DD0,evseq.c,reached,generated
0x00177DF0,evseq_00177DF0,evseq.c,reached,generated
0x00177E08,evseq_00177E08,evseq.c,reached,generated
0x00177E20,evseq_00177E20,evseq.c,reached,generated
0x00177E38,evseq_00177E38,evseq.c,reached,generated
0x00177E50,evseq_00177E50,evseq.c,reached,generated
0x00177E68,evseq_00177E68,evseq.c,reached,generated
0x00177E80,evseq_00177E80,evseq.c,reached,generated
0x00177E98,evseq_00177E98,evseq.c,reached,generated
0x00177EB0,evseq_00177EB0,evseq.c,reached,generated
0x00177EC8,evseq_00177EC8,evseq.c,reached,generated
0x00177EE0,evseq_00177EE0,evseq.c,reached,generated
0x00177EF8,evseq_00177EF8,evseq.c,reached,generated
0x00177F10,evseq_00177F10,evseq.c,reached,generated
0x00177F28,evseq_00177F28,evseq.c,reached,generated
0x00177F40,evseq_00177F40,evseq.c,reached,generated
0x00177F58,evseq_00177F58,evseq.c,reached,generated
0x00177F80,evseq_00177F80,evseq.c,reached,generated
0x00177FA0,evseq_00177FA0,evseq.c,reached,generated
0x00177FB8,evseq_00177FB8,evseq.c,reached,generated
0x00177FD0,evseq_00177FD0,evseq.c,reached,generated
0x00177FE8,evseq_00177FE8,evseq.c,reached,generated
0x00178000,evseq_00178000,evseq.c,reached,generated
0x00178020,evseq_00178020,evseq.c,reached,generated
0x00178040,evseq_00178040,evseq.c,reached,generated
0x00178060,evseq_00178060,evseq.c,reached,generated
0x00178078,evseq_00178078,evseq.c,reached,generated
0x00178090,evseq_00178090,evseq.c,reached,generated
0x001780B0,evseq_001780B0,evseq.c,reached,generated
0x001780D0,evseq_001780D0,evseq.c,reached,generated
0x001780F0,evseq_001780F0,evseq.c,reached,generated
0x00178110,evseq_00178110,evseq.c,reached,generated
0x00178130,evseq_00178130,evseq.c,reached,generated
0x00178148,evseq_00178148,evseq.c,reached,generated
0x00178168,evseq_00178168,evseq.c,reached,generated
0x001781A0,evseq_001781A0,evseq.c,reached,generated
0x001781C8,evseq_001781C8,evseq.c,reached,generated
0x00178200,evseq_00178200,evseq.c,reached,generated
0x00178218,evseq_00178218,evseq.c,reached,generated
0x00178240,evseq_00178240,evseq.c,reached,generated
0x00178268,evseq_00178268,evseq.c,reached,generated
0x00178290,evseq_00178290,evseq.c,reached,generated
0x001782B0,evseq_001782B0,evseq.c,reached,generated
0x001782D0,evseq_001782D0,evseq.c,reached,generated
0x001782F0,evseq_001782F0,evseq.c,reached,generated
0x00178310,evseq_00178310,evseq.c,reached,generated
0x00178330,evseq_00178330,evseq.c,reached,generated
0x00178358,evseq_00178358,evseq.c,reached,generated
0x00178378,evseq_00178378,evseq.c,reached,generated
0x00178398,evseq_00178398,evseq.c,reached,generated
0x001783B0,evseq_001783B0,evseq.c,reached,generated
0x001783F8,evseq_001783F8,evseq.c,reached,generated
0x00178478,evseq_00178478,evseq.c,reached,generated
0x00178510,evseq_00178510,evseq.c,reached,generated
0x00178538,evseq_00178538,evseq.c,reached,generated
0x00178588,SidToSeFree1,evseq.c,reached,trace_string
0x00178620,SidToSeFree2,evseq.c,reached,trace_string
0x001786B8,SidToSeFree3,evseq.c,reached,trace_string
0x00178750,SidToSeFree4,evseq.c,reached,trace_string
0x001787E8,SidToSeFree5,evseq.c,reached,trace_string
0x00178880,SidToSeFree6,evseq.c,reached,trace_string
0x00178918,SidToSeFree7,evseq.c,reached,trace_string
0x001789B0,SidToSeFree8,evseq.c,reached,trace_string
0x00178A48,SidToSeFree9,evseq.c,reached,trace_string
0x00178AE0,SidToSeFree10,evseq.c,reached,trace_string
0x00178B78,evseq_00178B78,evseq.c,reached,generated
0x00178C10,SidToSeBattle03,evseq.c,reached,trace_string
0x00178CA8,SidToSeBattle04,evseq.c,reached,trace_string
0x00178D40,SidToSeBattle06,evseq.c,reached,trace_string
0x00178DD8,SidToSeBattle16,evseq.c,reached,trace_string
0x00178E70,SidToSeBattle17,evseq.c,reached,trace_string
0x00178F08,SidToSeBattle18,evseq.c,reached,trace_string
0x00178FA0,SidToSeBattle20,evseq.c,reached,trace_string
0x00179038,SidToSeBattle39,evseq.c,reached,trace_string
0x001790D0,SidToSeBattle57,evseq.c,reached,trace_string
0x00179168,SidToSeBattle87,evseq.c,reached,trace_string
0x00179200,SidToSeBattle91,evseq.c,reached,trace_string
0x00179298,SidToSeBattle94,evseq.c,reached,trace_string
0x00179330,SidToSeBattle95,evseq.c,reached,trace_string
0x001793C8,SidToSeAngel,evseq.c,reached,trace_string
0x00179460,SidToSeStart01,evseq.c,reached,trace_string
0x001794F8,SidToSeStart02,evseq.c,reached,trace_string
0x00179590,SidToSeStart03,evseq.c,reached,trace_string
0x00179628,SidToSeStart04,evseq.c,reached,trace_string
0x001796C0,SidToSeStart05,evseq.c,reached,trace_string
0x00179758,SidToSeStart06,evseq.c,reached,trace_string
0x001797F0,SidToSeStart09,evseq.c,reached,trace_string
0x00179888,SidToSeStart10,evseq.c,reached,trace_string
0x00179920,SidToSeStart11,evseq.c,reached,trace_string
0x001799B8,SidToSeEnd1,evseq.c,reached,trace_string
0x00179A50,SidToSeEnd2,evseq.c,unreferenced,trace_string
0x00179AE8,SidToSeEnd3,evseq.c,unreferenced,trace_string
0x00179B80,SidToSeEnd4,evseq.c,unreferenced,trace_string
0x00179C18,evseq_00179C18,evseq.c,reached,generated
0x00179D78,SidToSeSelect,evseq.c,reached,manual
0x00179ED0,evseq_00179ED0,evseq.c,reached,generated
0x00179FE0,evseq_00179FE0,evseq.c,reached,generated
0x0017A080,evseq_0017A080,evseq.c,reached,generated
0x0017A0E0,evseq_0017A0E0,evseq.c,unreferenced,generated
0x0017A120,evseq_0017A120,evseq.c,reached,generated
0x0017A260,evseq_0017A260,evseq.c,reached,generated
0x0017A2B8,evseq_0017A2B8,evseq.c,reached,generated
0x0017A300,evseq_0017A300,evseq.c,reached,generated
0x0017A418,evseq_0017A418,evseq.c,reached,generated
0x0017A448,evseq_0017A448,evseq.c,reached,generated
0x0017A488,evseq_0017A488,evseq.c,reached,generated
0x0017A4B0,evseq_0017A4B0,evseq.c,reached,generated
0x0017A4D8,evseq_0017A4D8,evseq.c,reached,generated
0x0017A500,evseq_0017A500,evseq.c,reached,generated
0x0017A528,evseq_0017A528,evseq.c,reached,generated
0x0017A550,evseq_0017A550,evseq.c,reached,generated
0x0017A5B8,evseq_0017A5B8,evseq.c,reached,generated
0x0017A5D0,evseq_0017A5D0,evseq.c,reached,generated
0x0017A618,evseq_0017A618,evseq.c,reached,generated
0x0017A6B8,evseq_0017A6B8,evseq.c,unreferenced,generated
0x0017A6E0,evseq_0017A6E0,evseq.c,reached,generated
0x0017A7C8,evseq_0017A7C8,evseq.c,reached,generated
0x0017A840,evseq_0017A840,evseq.c,reached,generated
0x0017A868,evseq_0017A868,evseq.c,reached,generated
0x0017A928,evseq_0017A928,evseq.c,reached,generated
0x0017A968,evseq_0017A968,evseq.c,reached,generated
0x0017A9B0,evseq_0017A9B0,evseq.c,reached,generated
0x0017A9F8,evseq_0017A9F8,evseq.c,reached,generated
0x0017AA80,evseq_0017AA80,evseq.c,reached,generated
0x0017AAD0,evseq_0017AAD0,evseq.c,reached,generated
0x0017AB28,evseq_0017AB28,evseq.c,reached,generated
0x0017AB78,evseq_0017AB78,evseq.c,reached,generated
0x0017ABA0,evseq_0017ABA0,evseq.c,unreferenced,generated
0x0017AC88,evseq_0017AC88,evseq.c,unreferenced,generated
0x0017AD00,evseq_0017AD00,evseq.c,unreferenced,generated
0x0017AD08,evseq_0017AD08,evseq.c,unreferenced,generated
0x0017AD10,evseq_0017AD10,evseq.c,unreferenced,generated
0x0017AD40,evseq_0017AD40,evseq.c,unreferenced,generated
0x0017AD88,evseq_0017AD88,evseq.c,unreferenced,generated
0x0017ADD0,evseq_0017ADD0,evseq.c,unreferenced,generated
0x0017AE18,evseq_0017AE18,evseq.c,unreferenced,generated
0x0017AE68,evseq_0017AE68,evseq.c,unreferenced,generated
0x0017AE78,evseq_0017AE78,evseq.c,reached,generated
0x0017AE88,evseq_0017AE88,evseq.c,reached,generated
0x0017AE98,evseq_0017AE98,evseq.c,unreferenced,generated
0x0017AEB0,evseq_0017AEB0,evseq.c,reached,generated
0x0017AEC8,evseq_0017AEC8,evseq.c,unreferenced,generated
0x0017AEF0,evseq_0017AEF0,evseq.c,unreferenced,generated
0x0017AF18,evseq_0017AF18,evseq.c,unreferenced,generated
0x0017AF40,evseq_0017AF40,evseq.c,unreferenced,generated
0x0017AF98,evseq_0017AF98,evseq.c,unreferenced,generated
0x0017B048,evseq_0017B048,evseq.c,reached,generated
0x0017B058,evseq_0017B058,evseq.c,reached,generated
0x0017B120,func_0017B120,,reached,generated
0x0017B148,func_0017B148,,unreferenced,generated
0x0017B2F8,func_0017B2F8,,reached,generated
0x0017B428,func_0017B428,,reached,generated
0x0017B438,func_0017B438,,reached,generated
0x0017B448,func_0017B448,,unreferenced,generated
0x0017B488,func_0017B488,,reached,generated
0x0017B4C8,opframe,option.c,reached,solo_string
0x0017B7D8,option_0017B7D8,option.c,reached,generated
0x0017B8E0,option_0017B8E0,option.c,reached,generated
0x0017B950,option_0017B950,option.c,reached,generated
0x0017BBC8,option_0017BBC8,option.c,reached,generated
0x0017BD70,option_0017BD70,option.c,reached,generated
0x0017BE80,option_0017BE80,option.c,reached,generated
0x0017C0A0,option_0017C0A0,option.c,reached,generated
0x0017C110,option_0017C110,option.c,reached,generated
0x0017C1A8,option,option.c,reached,prose_label
0x0017C2B8,option_0017C2B8,option.c,unreferenced,generated
0x0017C3C0,option_0017C3C0,option.c,unreferenced,generated
0x0017C3F8,option_0017C3F8,option.c,reached,generated
0x0017C438,option_0017C438,option.c,reached,generated
0x0017C4A8,option_0017C4A8,option.c,reached,generated
0x0017C4C0,option_0017C4C0,option.c,reached,generated
0x0017C548,option_0017C548,option.c,reached,generated
0x0017C5A8,option_0017C5A8,option.c,reached,generated
0x0017C610,option_0017C610,option.c,reached,generated
0x0017C780,option_0017C780,option.c,reached,generated
0x0017C800,option_0017C800,option.c,reached,generated
0x0017C838,option_0017C838,option.c,reached,generated
0x0017C8F8,option_0017C8F8,option.c,reached,generated
0x0017C928,option_0017C928,option.c,reached,generated
0x0017C9B8,option_0017C9B8,option.c,reached,generated
0x0017C9F0,option_0017C9F0,option.c,reached,generated
0x0017CA08,option_0017CA08,option.c,reached,generated
0x0017CA28,option_0017CA28,option.c,reached,generated
0x0017CA30,option_0017CA30,option.c,reached,generated
0x0017CA78,option_0017CA78,option.c,reached,generated
0x0017CAF8,option_0017CAF8,option.c,reached,generated
0x0017CC70,option_0017CC70,option.c,reached,generated
0x0017CD38,option_0017CD38,option.c,reached,generated
0x0017CD68,option_0017CD68,option.c,reached,generated
0x0017CDD0,option_0017CDD0,option.c,reached,generated
0x0017CE30,option_0017CE30,option.c,reached,generated
0x0017CEE0,option_0017CEE0,option.c,reached,generated
0x0017CF40,option_0017CF40,option.c,reached,generated
0x0017CFC0,option_0017CFC0,option.c,reached,generated
0x0017CFE8,option_0017CFE8,option.c,reached,generated
0x0017D010,option_0017D010,option.c,reached,generated
0x0017D068,option_0017D068,option.c,reached,generated
0x0017D0A8,option_0017D0A8,option.c,reached,generated
0x0017D180,option_0017D180,option.c,unreferenced,generated
0x0017D208,option_0017D208,option.c,unreferenced,generated
0x0017D260,option_0017D260,option.c,reached,generated
0x0017D2A8,option_0017D2A8,option.c,reached,generated
0x0017D2E8,option_0017D2E8,option.c,reached,generated
0x0017D328,option_0017D328,option.c,reached,generated
0x0017D368,option_0017D368,option.c,reached,generated
0x0017D388,option_0017D388,option.c,reached,generated
0x0017D6A0,option_0017D6A0,option.c,reached,generated
0x0017D720,option_0017D720,option.c,reached,generated
0x0017D7A8,option_0017D7A8,option.c,reached,generated
0x0017D828,Overwrite_this_file,option.c,reached,prose_label
0x0017D8A8,option_0017D8A8,option.c,reached,generated
0x0017D938,option_0017D938,option.c,reached,generated
0x0017D978,option_0017D978,option.c,reached,generated
0x0017D9C0,option_0017D9C0,option.c,reached,generated
0x0017DBB0,option_0017DBB0,option.c,reached,generated
0x0017DD70,option_0017DD70,option.c,reached,generated
0x0017DEC8,option_0017DEC8,option.c,reached,generated
0x0017DF38,option_0017DF38,option.c,reached,generated
0x0017DFB0,option_0017DFB0,option.c,reached,generated
0x0017E028,option_0017E028,option.c,reached,generated
0x0017E0D0,option_0017E0D0,option.c,reached,generated
0x0017E160,option_0017E160,option.c,reached,generated
0x0017E210,option_0017E210,option.c,reached,generated
0x0017E3D0,option_0017E3D0,option.c,reached,generated
0x0017E410,option_0017E410,option.c,reached,generated
0x0017E450,option_0017E450,option.c,reached,generated
0x0017E488,option_0017E488,option.c,reached,generated
0x0017E508,option_0017E508,option.c,reached,generated
0x0017E590,option_0017E590,option.c,reached,generated
0x0017E5D0,option_0017E5D0,option.c,reached,generated
0x0017E600,option_0017E600,option.c,reached,generated
0x0017E680,option_0017E680,option.c,reached,generated
0x0017E950,option_0017E950,option.c,reached,generated
0x0017EA40,option_0017EA40,option.c,reached,generated
0x0017EBD8,saveload_0017EBD8,saveload.c,reached,generated
0x0017ED10,saveload_0017ED10,saveload.c,reached,generated
0x0017EF98,saveload_0017EF98,saveload.c,reached,generated
0x0017F0C0,saveload_0017F0C0,saveload.c,reached,generated
0x0017F158,saveload_0017F158,saveload.c,reached,generated
0x0017F1B0,saveload_0017F1B0,saveload.c,unreferenced,generated
0x0017F2D0,saveload_0017F2D0,saveload.c,reached,generated
0x0017F400,saveload_0017F400,saveload.c,unreferenced,generated
0x0017F410,saveload_0017F410,saveload.c,reached,generated
0x0017F420,saveload_0017F420,saveload.c,reached,generated
0x0017F5C0,saveload_0017F5C0,saveload.c,unreferenced,generated
0x0017F610,saveload_0017F610,saveload.c,unreferenced,generated
0x0017F688,func_0017F688,saveload.c,reached,generated
0x0017F698,func_0017F698,saveload.c,reached,generated
0x0017F700,func_0017F700,saveload.c,reached,generated
0x0017F710,func_0017F710,saveload.c,reached,generated
0x0017F730,func_0017F730,saveload.c,unreferenced,generated
0x0017F748,saveload_0017F748,saveload.c,unreferenced,generated
0x0017F758,gmbtlmap_0017F758,gmbtlmap.c,reached,generated
0x0017F800,gmbtlmap_0017F800,gmbtlmap.c,reached,generated
0x0017F840,gmbtlmap_0017F840,gmbtlmap.c,reached,generated
0x0017F890,gmbtlmap_0017F890,gmbtlmap.c,reached,generated
0x0017F8F0,gmbtlmap_0017F8F0,gmbtlmap.c,unreferenced,generated
0x0017F900,gmbtlmap_0017F900,gmbtlmap.c,unreferenced,generated
0x0017F970,gmbtlmap_0017F970,gmbtlmap.c,reached,generated
0x0017F9E8,gmbtlmap_0017F9E8,gmbtlmap.c,unreferenced,generated
0x0017FC20,gmbtlmap_0017FC20,gmbtlmap.c,reached,generated
0x0017FD60,gmbtlmap_0017FD60,gmbtlmap.c,reached,generated
0x0017FD70,gmbtlmap_0017FD70,gmbtlmap.c,reached,generated
0x0017FDA0,gmbtlmap_0017FDA0,gmbtlmap.c,reached,generated
0x0017FE38,gmbtlmap_0017FE38,gmbtlmap.c,reached,generated
0x0017FF00,gmbtlmap_0017FF00,gmbtlmap.c,unreferenced,generated
0x0017FF50,gmbtlmap_0017FF50,gmbtlmap.c,reached,generated
0x0017FFA0,gmbtlmap_0017FFA0,gmbtlmap.c,reached,generated
0x0017FFE8,gmbtlmap_0017FFE8,gmbtlmap.c,unreferenced,generated
0x00180038,gmbtlmap_00180038,gmbtlmap.c,reached,generated
0x00180150,cprecord_00180150,cprecord.c,reached,generated
0x001801A0,func_001801A0,,reached,generated
0x001801C8,func_001801C8,,reached,generated
0x00180210,func_00180210,,unreferenced,generated
0x00180250,func_00180250,,unreferenced,generated
0x00180290,cpsatis_00180290,cpsatis.c,reached,generated
0x001802E0,cpsatis_001802E0,cpsatis.c,reached,generated
0x00180300,cpsatis_00180300,cpsatis.c,reached,generated
0x00180330,gm_condition_set,cpsatis.c,reached,manual
0x00180388,cpsatis_00180388,cpsatis.c,reached,generated
0x001803D8,cpsatis_001803D8,cpsatis.c,reached,generated
0x00180428,cpsatis_00180428,cpsatis.c,unreferenced,generated
0x00180458,cpsatis_00180458,cpsatis.c,unreferenced,generated
0x001804A8,cpsatis_001804A8,cpsatis.c,reached,generated
0x001804F8,cpsatis_001804F8,cpsatis.c,unreferenced,generated
0x001805D8,cpsatis_001805D8,cpsatis.c,unreferenced,generated
0x00180670,cpsatis_00180670,cpsatis.c,reached,generated
0x001806A8,cpsatis_001806A8,cpsatis.c,reached,generated
0x00180728,cpsatis_00180728,cpsatis.c,reached,generated
0x00180790,cpsatis_00180790,cpsatis.c,reached,generated
0x00180850,cpsatis_00180850,cpsatis.c,reached,generated
0x00180A90,cpsatis_00180A90,cpsatis.c,reached,generated
0x00180B78,cpsatis_00180B78,cpsatis.c,reached,generated
0x00180BD8,cpsatis_00180BD8,cpsatis.c,reached,generated
0x00180DC0,cpsatis_00180DC0,cpsatis.c,reached,generated
0x00180E20,cpsatis_00180E20,cpsatis.c,unreferenced,generated
0x00180E48,cpsatis_00180E48,cpsatis.c,unreferenced,generated
0x00180F28,cpsatis_00180F28,cpsatis.c,unreferenced,generated
0x00180F80,cpsatis_00180F80,cpsatis.c,reached,generated
0x00180FF8,cpsatis_00180FF8,cpsatis.c,reached,generated
0x00181058,cpsatis_00181058,cpsatis.c,reached,generated
0x001810F8,cpsatis_001810F8,cpsatis.c,reached,generated
0x001811C0,cpsatis_001811C0,cpsatis.c,unreferenced,generated
0x001811F0,cpsatis_001811F0,cpsatis.c,unreferenced,generated
0x00181258,cpsatis_00181258,cpsatis.c,reached,generated
0x001812E0,cpsatis_001812E0,cpsatis.c,unreferenced,generated
0x00181368,cpsatis_00181368,cpsatis.c,unreferenced,generated
0x00181390,cpsatis_00181390,cpsatis.c,reached,generated
0x00181410,cpsatis_00181410,cpsatis.c,reached,generated
0x00181470,cpsatis_00181470,cpsatis.c,unreferenced,generated
0x00181520,cpsatis_00181520,cpsatis.c,unreferenced,generated
0x001815C8,cpsatis_001815C8,cpsatis.c,reached,generated
0x001816A8,cpsatis_001816A8,cpsatis.c,unreferenced,generated
0x001816F0,cpsatis_001816F0,cpsatis.c,unreferenced,generated
0x00181828,cpsatis_00181828,cpsatis.c,unreferenced,generated
0x00181898,cpsatis_00181898,cpsatis.c,reached,generated
0x001818A0,cpsatis_001818A0,cpsatis.c,reached,generated
0x00181978,tutorial,cpsatis.c,unreferenced,prose_label
0x00181A20,cpsatis_00181A20,cpsatis.c,unreferenced,generated
0x00181A58,cpsatis_00181A58,cpsatis.c,unreferenced,generated
0x00181B78,cpsatis_00181B78,cpsatis.c,unreferenced,generated
0x00181B98,cpsatis_00181B98,cpsatis.c,unreferenced,generated
0x00181BB8,cpsatis_00181BB8,cpsatis.c,unreferenced,generated
0x00181BE0,cpsatis_00181BE0,cpsatis.c,unreferenced,generated
0x00181C08,cpsatis_00181C08,cpsatis.c,reached,generated
0x00181C20,cpsatis_00181C20,cpsatis.c,reached,generated
0x00181C38,cpsatis_00181C38,cpsatis.c,reached,generated
0x00181D38,cpsatis_00181D38,cpsatis.c,reached,generated
0x00181E28,func_00181E28,,reached,generated
0x00181EA8,func_00181EA8,,reached,generated
0x00181F88,func_00181F88,,reached,generated
0x00181FD8,func_00181FD8,,reached,generated
0x00182330,func_00182330,,reached,generated
0x001823D8,func_001823D8,,reached,generated
0x00182500,func_00182500,,reached,generated
0x00182558,func_00182558,,reached,generated
0x00182610,func_00182610,,reached,generated
0x001826B0,func_001826B0,,reached,generated
0x001827C0,func_001827C0,,reached,generated
0x00182938,func_00182938,,unreferenced,generated
0x00182958,func_00182958,,reached,generated
0x00182988,func_00182988,,reached,generated
0x00182A60,func_00182A60,,reached,generated
0x00182A90,func_00182A90,,reached,generated
0x00182B60,CharaIsLeaveHome_cid,,reached,prose_label
0x00182C08,gmaround_00182C08,gmaround.c,reached,generated
0x00182C60,gmaround_00182C60,gmaround.c,reached,generated
0x00182CD8,gmaround_00182CD8,gmaround.c,reached,generated
0x00182D48,gmaround_00182D48,gmaround.c,reached,generated
0x00182DB8,gmaround_00182DB8,gmaround.c,reached,generated
0x00182DE0,gmaround_00182DE0,gmaround.c,reached,generated
0x00182E00,gmaround_00182E00,gmaround.c,reached,generated
0x00182E78,gmaround_00182E78,gmaround.c,reached,generated
0x00182EB8,gmaround_00182EB8,gmaround.c,reached,generated
0x00182F08,gmaround_00182F08,gmaround.c,unreferenced,generated
0x00182F30,gmaround_00182F30,gmaround.c,reached,generated
0x00182F78,gmaround_00182F78,gmaround.c,reached,generated
0x00182F90,gmaround_00182F90,gmaround.c,unreferenced,generated
0x00182FA8,gmaround_00182FA8,gmaround.c,reached,generated
0x00182FC0,gmaround_00182FC0,gmaround.c,reached,generated
0x00182FD8,gmaround_00182FD8,gmaround.c,reached,generated
0x00183020,gmaround_00183020,gmaround.c,reached,generated
0x001830A0,gmaround_001830A0,gmaround.c,unreferenced,generated
0x00183198,gmaround_00183198,gmaround.c,unreferenced,generated
0x001831E8,gmaround_001831E8,gmaround.c,unreferenced,generated
0x00183228,gmaround_00183228,gmaround.c,unreferenced,generated
0x00183268,gmaround_00183268,gmaround.c,unreferenced,generated
0x00183298,DaysDisplayOpt,gmaround.c,reached,prose_label
0x00183338,func_00183338,,reached,generated
0x00183378,daysdisp_00183378,daysdisp.c,reached,generated
0x00183528,daysdisp_00183528,daysdisp.c,reached,generated
0x00183588,daysdisp_00183588,daysdisp.c,reached,generated
0x001835F8,daysdisp_001835F8,daysdisp.c,reached,generated
0x00183618,daysdisp_00183618,daysdisp.c,reached,generated
0x00183668,daysdisp_00183668,daysdisp.c,reached,generated
0x00183698,daysdisp_00183698,daysdisp.c,reached,generated
0x00183738,daysdisp_00183738,daysdisp.c,unreferenced,generated
0x00183758,daysdisp_00183758,daysdisp.c,reached,generated
0x001837D8,daysdisp_001837D8,daysdisp.c,reached,generated
0x00183840,daysdisp_00183840,daysdisp.c,reached,generated
0x00183858,daysdisp_00183858,daysdisp.c,reached,generated
0x001838A0,daysdisp_001838A0,daysdisp.c,reached,generated
0x00183948,daysdisp_00183948,daysdisp.c,reached,generated
0x00183A58,daysdisp_00183A58,daysdisp.c,reached,generated
0x00183A70,daysdisp_00183A70,daysdisp.c,reached,generated
0x00183C20,daysdisp_00183C20,daysdisp.c,reached,generated
0x00183CE8,daysdisp_00183CE8,daysdisp.c,reached,generated
0x00183E50,daysdisp_00183E50,daysdisp.c,reached,generated
0x00183EC0,daysdisp_00183EC0,daysdisp.c,reached,generated
0x00183F28,daysdisp_00183F28,daysdisp.c,reached,generated
0x00183F70,daysdisp_00183F70,daysdisp.c,reached,generated
0x00183FA8,daysdisp_00183FA8,daysdisp.c,reached,generated
0x00184248,daysdisp_00184248,daysdisp.c,reached,generated
0x00184298,daysdisp_00184298,daysdisp.c,reached,generated
0x001842E8,daysdisp_001842E8,daysdisp.c,reached,generated
0x00184318,daysdisp_00184318,daysdisp.c,reached,generated
0x00184348,daysdisp_00184348,daysdisp.c,reached,generated
0x00184378,daysdisp_00184378,daysdisp.c,reached,generated
0x001843A0,daysdisp_001843A0,daysdisp.c,reached,generated
0x001843C0,daysdisp_001843C0,daysdisp.c,reached,generated
0x00184400,daysdisp_00184400,daysdisp.c,reached,generated
0x00184498,daysdisp_00184498,daysdisp.c,reached,generated
0x00184528,daysdisp_00184528,daysdisp.c,reached,generated
0x00184628,daysdisp_00184628,daysdisp.c,reached,generated
0x00184688,daysdisp_00184688,daysdisp.c,reached,generated
0x00184710,daysdisp_00184710,daysdisp.c,reached,generated
0x00184C00,daysdisp_00184C00,daysdisp.c,reached,generated
0x00184D48,daysdisp_00184D48,daysdisp.c,reached,generated
0x00184E18,daysdisp_00184E18,daysdisp.c,reached,generated
0x00184F80,daysdisp_00184F80,daysdisp.c,reached,generated
0x00185000,daysdisp_00185000,daysdisp.c,reached,generated
0x00185038,daysdisp_00185038,daysdisp.c,reached,generated
0x001850F8,daysdisp_001850F8,daysdisp.c,reached,generated
0x00185188,sceLseek,daysdisp.c,reached,trace_string
0x00185498,daysdisp_00185498,daysdisp.c,reached,generated
0x001854F0,daysdisp_001854F0,daysdisp.c,reached,generated
0x001855A0,daysdisp_001855A0,daysdisp.c,reached,generated
0x00185728,daysdisp_00185728,daysdisp.c,reached,generated
0x001857A0,daysdisp_001857A0,daysdisp.c,reached,generated
0x001858B0,daysdisp_001858B0,daysdisp.c,unreferenced,generated
0x001858E8,daysdisp_001858E8,daysdisp.c,reached,generated
0x00185930,daysdisp_00185930,daysdisp.c,reached,generated
0x00185A60,daysdisp_00185A60,daysdisp.c,reached,generated
0x00185B20,daysdisp_00185B20,daysdisp.c,reached,generated
0x00185B58,daysdisp_00185B58,daysdisp.c,reached,generated
0x00185BB0,daysdisp_00185BB0,daysdisp.c,reached,generated
0x00185BF8,daysdisp_00185BF8,daysdisp.c,reached,generated
0x00185C50,daysdisp_00185C50,daysdisp.c,unreferenced,generated
0x00185CA0,daysdisp_00185CA0,daysdisp.c,reached,generated
0x00185DC8,daysdisp_00185DC8,daysdisp.c,reached,generated
0x00185E90,daysdisp_00185E90,daysdisp.c,reached,generated
0x00185EE8,chara_00185EE8,chara.c,reached,generated
0x001860C0,chara_001860C0,chara.c,reached,generated
0x001860C8,chara_001860C8,chara.c,reached,generated
0x00186168,chara_00186168,chara.c,reached,generated
0x00186240,chara_00186240,chara.c,unreferenced,generated
0x00186260,chara_00186260,chara.c,reached,generated
0x00186318,chara_00186318,chara.c,reached,generated
0x001863B8,func_001863B8,,unreferenced,generated
0x001863D0,func_001863D0,,reached,generated
0x00186418,func_00186418,,reached,generated
0x00186430,func_00186430,,reached,generated
0x00186440,func_00186440,,reached,generated
0x00186480,func_00186480,,reached,generated
0x00186508,func_00186508,,reached,generated
0x00186768,func_00186768,,unreferenced,generated
0x00186BF8,func_00186BF8,,reached,generated
0x00186CE8,func_00186CE8,,reached,generated
0x00186E80,func_00186E80,,reached,generated
0x00186F40,func_00186F40,,reached,generated
0x00187000,func_00187000,,reached,generated
0x00187050,func_00187050,,reached,generated
0x001870C0,func_001870C0,,reached,generated
0x001870C8,func_001870C8,,reached,generated
0x00187160,func_00187160,,reached,generated
0x00187180,func_00187180,,reached,generated
0x001874F8,func_001874F8,,reached,generated
0x001876D0,func_001876D0,,reached,generated
0x00187718,func_00187718,,unreferenced,generated
0x001877B8,func_001877B8,,unreferenced,generated
0x00187818,func_00187818,,reached,generated
0x001879B8,func_001879B8,,reached,generated
0x00187A90,func_00187A90,,reached,generated
0x00187C08,func_00187C08,,reached,generated
0x00187C40,func_00187C40,,reached,generated
0x00187D38,func_00187D38,,reached,generated
0x00187DB8,func_00187DB8,,reached,generated
0x00187EB0,func_00187EB0,,unreferenced,generated
0x00187EC8,func_00187EC8,,reached,generated
0x001882D0,func_001882D0,,reached,generated
0x00188490,func_00188490,,reached,generated
0x001884A8,func_001884A8,,reached,generated
0x00188600,func_00188600,,unreferenced,generated
0x00188950,func_00188950,,reached,generated
0x00188A98,func_00188A98,,reached,generated
0x00188F68,func_00188F68,,reached,generated
0x00189160,func_00189160,,reached,generated
0x00189178,func_00189178,,reached,generated
0x00189190,func_00189190,,reached,generated
0x00189268,func_00189268,,reached,generated
0x001892A0,func_001892A0,,reached,generated
0x00189308,func_00189308,,reached,generated
0x00189310,func_00189310,,reached,generated
0x00189510,func_00189510,,reached,generated
0x00189610,func_00189610,,reached,generated
0x00189650,func_00189650,,reached,generated
0x001897F8,func_001897F8,,reached,generated
0x00189968,func_00189968,,reached,generated
0x00189998,func_00189998,,reached,generated
0x001899B0,func_001899B0,,reached,generated
0x001899D0,func_001899D0,,unreferenced,generated
0x001899E8,func_001899E8,,reached,generated
0x00189AC8,func_00189AC8,,reached,generated
0x00189C78,func_00189C78,,unreferenced,generated
0x00189D48,func_00189D48,,unreferenced,generated
0x00189DD0,func_00189DD0,,reached,generated
0x00189DF8,func_00189DF8,,unreferenced,generated
0x00189E18,func_00189E18,,reached,generated
0x0018A020,func_0018A020,,unreferenced,generated
0x0018A1A0,func_0018A1A0,,unreferenced,generated
0x0018A280,func_0018A280,,unreferenced,generated
0x0018A370,func_0018A370,,unreferenced,generated
0x0018A520,func_0018A520,,unreferenced,generated
0x0018A530,func_0018A530,,reached,generated
0x0018A540,func_0018A540,,unreferenced,generated
0x0018A5D8,func_0018A5D8,,unreferenced,generated
0x0018A5F0,func_0018A5F0,,unreferenced,generated
0x0018A660,func_0018A660,,reached,generated
0x0018A670,func_0018A670,,reached,generated
0x0018A680,func_0018A680,,unreferenced,generated
0x0018A6A0,func_0018A6A0,,unreferenced,generated
0x0018A740,func_0018A740,,unreferenced,generated
0x0018A788,func_0018A788,,unreferenced,generated
0x0018A820,func_0018A820,,unreferenced,generated
0x0018A878,func_0018A878,,unreferenced,generated
0x0018A8D0,func_0018A8D0,,unreferenced,generated
0x0018A930,func_0018A930,,unreferenced,generated
0x0018A9D8,func_0018A9D8,,unreferenced,generated
0x0018AA48,func_0018AA48,,unreferenced,generated
0x0018AA90,func_0018AA90,,unreferenced,generated
0x0018AAE8,func_0018AAE8,,unreferenced,generated
0x0018AB10,func_0018AB10,,unreferenced,generated
0x0018AB38,func_0018AB38,,unreferenced,generated
0x0018AB60,func_0018AB60,,unreferenced,generated
0x0018AB88,func_0018AB88,,reached,generated
0x0018ABF8,func_0018ABF8,,reached,generated
0x0018AD08,func_0018AD08,,reached,generated
0x0018AE28,func_0018AE28,,reached,generated
0x0018AEE8,func_0018AEE8,,unreferenced,generated
0x0018AF80,func_0018AF80,,reached,generated
0x0018AFD8,func_0018AFD8,,unreferenced,generated
0x0018B048,func_0018B048,,unreferenced,generated
0x0018B0B8,func_0018B0B8,,reached,generated
0x0018B0C8,func_0018B0C8,,reached,generated
0x0018B180,func_0018B180,,unreferenced,generated
0x0018B290,func_0018B290,,unreferenced,generated
0x0018B2D8,func_0018B2D8,,unreferenced,generated
0x0018B350,func_0018B350,,unreferenced,generated
0x0018B360,func_0018B360,,unreferenced,generated
0x0018B488,func_0018B488,,unreferenced,generated
0x0018B508,func_0018B508,,reached,generated
0x0018B630,func_0018B630,,unreferenced,generated
0x0018B758,func_0018B758,,unreferenced,generated
0x0018BE50,func_0018BE50,,unreferenced,generated
0x0018BE70,func_0018BE70,,unreferenced,generated
0x0018BE78,func_0018BE78,,unreferenced,generated
0x0018BF88,func_0018BF88,,reached,generated
0x0018BF98,func_0018BF98,,reached,generated
0x0018C018,func_0018C018,,reached,generated
0x0018C118,func_0018C118,,reached,generated
0x0018C188,func_0018C188,,reached,generated
0x0018C1E8,func_0018C1E8,,reached,generated
0x0018C248,func_0018C248,,reached,generated
0x0018C328,func_0018C328,,reached,generated
0x0018C398,func_0018C398,,reached,generated
0x0018C410,func_0018C410,,reached,generated
0x0018C488,func_0018C488,,reached,generated
0x0018C5B8,func_0018C5B8,,reached,generated
0x0018C638,func_0018C638,,reached,generated
0x0018C680,func_0018C680,,unreferenced,generated
0x0018C6C0,func_0018C6C0,,unreferenced,generated
0x0018C7C8,func_0018C7C8,,unreferenced,generated
0x0018C8A0,func_0018C8A0,,unreferenced,generated
0x0018C9A0,func_0018C9A0,,unreferenced,generated
0x0018CA78,func_0018CA78,,reached,generated
0x0018CB50,func_0018CB50,,unreferenced,generated
0x0018CD00,func_0018CD00,,unreferenced,generated
0x0018CEC8,func_0018CEC8,,unreferenced,generated
0x0018D030,func_0018D030,,unreferenced,generated
0x0018D118,func_0018D118,,unreferenced,generated
0x0018D310,func_0018D310,,reached,generated
0x0018D3F8,func_0018D3F8,,reached,generated
0x0018D548,func_0018D548,,unreferenced,generated
0x0018D658,func_0018D658,,reached,generated
0x0018D760,func_0018D760,,unreferenced,generated
0x0018D938,func_0018D938,,reached,generated
0x0018D948,func_0018D948,,reached,generated
0x0018D978,func_0018D978,,unreferenced,generated
0x0018D9D8,func_0018D9D8,,unreferenced,generated
0x0018DA00,func_0018DA00,,reached,generated
0x0018DA08,func_0018DA08,,reached,generated
0x0018DA38,func_0018DA38,,reached,generated
0x0018DAE8,func_0018DAE8,,reached,generated
0x0018DB18,func_0018DB18,,reached,generated
0x0018DB48,func_0018DB48,,reached,generated
0x0018DBD8,func_0018DBD8,,reached,generated
0x0018DDA8,func_0018DDA8,,reached,generated
0x0018DE10,func_0018DE10,,unreferenced,generated
0x0018DE58,func_0018DE58,,unreferenced,generated
0x0018DE98,func_0018DE98,,unreferenced,generated
0x0018DED8,func_0018DED8,,unreferenced,generated
0x0018DF20,func_0018DF20,,unreferenced,generated
0x0018DF80,func_0018DF80,,reached,generated
0x0018DFB0,func_0018DFB0,,reached,generated
0x0018DFC0,func_0018DFC0,,reached,generated
0x0018E048,func_0018E048,,reached,generated
0x0018E3A0,func_0018E3A0,,reached,generated
0x0018E448,func_0018E448,,reached,generated
0x0018E558,func_0018E558,,reached,generated
0x0018E6E8,func_0018E6E8,,reached,generated
0x0018E808,func_0018E808,,unreferenced,generated
0x0018E8A8,func_0018E8A8,,unreferenced,generated
0x0018E8F0,func_0018E8F0,,unreferenced,generated
0x0018EA88,func_0018EA88,,reached,generated
0x0018EB40,func_0018EB40,,reached,generated
0x0018EBF8,func_0018EBF8,,reached,generated
0x0018EC28,func_0018EC28,,unreferenced,generated
0x0018EC68,func_0018EC68,,unreferenced,generated
0x0018EC78,func_0018EC78,,unreferenced,generated
0x0018EC88,func_0018EC88,,reached,generated
0x0018ED18,func_0018ED18,,unreferenced,generated
0x0018EF38,func_0018EF38,,unreferenced,generated
0x0018F0A0,func_0018F0A0,,reached,generated
0x0018F0D0,func_0018F0D0,,reached,generated
0x0018F110,func_0018F110,,reached,generated
0x0018F138,func_0018F138,,reached,generated
0x0018F160,func_0018F160,,reached,generated
0x0018F170,func_0018F170,,unreferenced,generated
0x0018F180,func_0018F180,,reached,generated
0x0018F1F0,func_0018F1F0,,unreferenced,generated
0x0018F248,func_0018F248,,reached,generated
0x0018F3A8,func_0018F3A8,,reached,generated
0x0018F4D0,func_0018F4D0,,reached,generated
0x0018F4E8,func_0018F4E8,,reached,generated
0x0018F648,func_0018F648,,reached,generated
0x0018F700,func_0018F700,,reached,generated
0x0018F738,func_0018F738,,reached,generated
0x0018FA18,func_0018FA18,,reached,generated
0x0018FC90,func_0018FC90,,reached,generated
0x0018FCE8,func_0018FCE8,,reached,generated
0x0018FD40,func_0018FD40,,reached,generated
0x0018FE10,func_0018FE10,,reached,generated
0x0018FEE8,func_0018FEE8,,reached,generated
0x0018FF68,func_0018FF68,,reached,generated
0x0018FFF0,func_0018FFF0,,unreferenced,generated
0x00190078,func_00190078,,unreferenced,generated
0x00190278,func_00190278,,reached,generated
0x00190280,func_00190280,,reached,generated
0x00190440,func_00190440,,unreferenced,generated
0x001904F8,func_001904F8,,unreferenced,generated
0x00190558,func_00190558,,reached,generated
0x001906B0,func_001906B0,,unreferenced,generated
0x00190740,func_00190740,,reached,generated
0x001907C8,func_001907C8,,unreferenced,generated
0x00190850,func_00190850,,unreferenced,generated
0x00190890,func_00190890,,unreferenced,generated
0x001908D0,func_001908D0,,unreferenced,generated
0x00190950,func_00190950,,reached,generated
0x00190AD8,func_00190AD8,,reached,generated
0x00190B00,func_00190B00,,reached,generated
0x00190B10,func_00190B10,,reached,generated
0x00190C08,func_00190C08,,unreferenced,generated
0x00190D60,func_00190D60,,reached,generated
0x00190E68,func_00190E68,,unreferenced,generated
0x00190EA0,func_00190EA0,,unreferenced,generated
0x00190F88,func_00190F88,,reached,generated
0x00191128,func_00191128,,reached,generated
0x001912D0,func_001912D0,,unreferenced,generated
0x00191308,func_00191308,,unreferenced,generated
0x00191360,func_00191360,,unreferenced,generated
0x001914C0,func_001914C0,,unreferenced,generated
0x00191760,func_00191760,,reached,generated
0x00191770,func_00191770,,reached,generated
0x001917E0,func_001917E0,,reached,generated
0x00191848,func_00191848,,unreferenced,generated
0x001919F0,func_001919F0,,reached,generated
0x00191AA8,func_00191AA8,,unreferenced,generated
0x00191B88,func_00191B88,,unreferenced,generated
0x00191C68,func_00191C68,,reached,generated
0x00191D20,func_00191D20,,reached,generated
0x00191DE8,func_00191DE8,,reached,generated
0x00191E58,func_00191E58,,unreferenced,generated
0x00191E78,func_00191E78,,unreferenced,generated
0x00191EA8,func_00191EA8,,unreferenced,generated
0x00191F38,func_00191F38,,reached,generated
0x00192210,func_00192210,,reached,generated
0x00192288,func_00192288,,unreferenced,generated
0x001922E8,func_001922E8,,reached,generated
0x00192350,func_00192350,,unreferenced,generated
0x001923C8,func_001923C8,,reached,generated
0x00192448,func_00192448,,reached,generated
0x00192590,func_00192590,,reached,generated
0x00192608,func_00192608,,unreferenced,generated
0x001926A8,func_001926A8,,unreferenced,generated
0x00192720,func_00192720,,unreferenced,generated
0x00192858,func_00192858,,unreferenced,generated
0x00192968,func_00192968,,unreferenced,generated
0x00192A00,func_00192A00,,unreferenced,generated
0x00192A78,func_00192A78,,unreferenced,generated
0x00192AD8,func_00192AD8,,unreferenced,generated
0x00192B38,func_00192B38,,reached,generated
0x00192BB0,func_00192BB0,,unreferenced,generated
0x00192BD8,func_00192BD8,,unreferenced,generated
0x00192C68,func_00192C68,,reached,generated
0x00192C88,func_00192C88,,reached,generated
0x00192CA8,func_00192CA8,,reached,generated
0x00192D70,func_00192D70,,unreferenced,generated
0x00192D80,func_00192D80,,reached,generated
0x00192E28,func_00192E28,,reached,generated
0x00192E48,func_00192E48,,reached,generated
0x00192F50,func_00192F50,,unreferenced,generated
0x00192F78,func_00192F78,,reached,generated
0x00193128,func_00193128,,reached,generated
0x00193248,func_00193248,,reached,generated
0x001934B0,sceSdRemoteInit,,reached,trace_string
0x00193558,func_00193558,,unreferenced,generated
0x001935E0,func_001935E0,,unreferenced,generated
0x001935F0,func_001935F0,,reached,generated
0x001938B0,func_001938B0,,reached,generated
0x00193988,func_00193988,,reached,generated
0x001939F0,func_001939F0,,reached,generated
0x00193A90,func_00193A90,,reached,generated
0x00193BA8,func_00193BA8,,reached,generated
0x00193CE8,func_00193CE8,,reached,generated
0x00193D88,func_00193D88,,reached,generated
0x00193E08,func_00193E08,,reached,generated
0x00193FF0,func_00193FF0,,unreferenced,generated
0x001940A8,func_001940A8,,reached,generated
0x00194108,func_00194108,,unreferenced,generated
0x00194158,func_00194158,,reached,generated
0x001942C0,func_001942C0,,reached,generated
0x00194338,func_00194338,,unreferenced,generated
0x00194370,func_00194370,,reached,generated
0x001943D8,func_001943D8,,unreferenced,generated
0x00194428,func_00194428,,unreferenced,generated
0x00194460,func_00194460,,reached,generated
0x00194580,func_00194580,,unreferenced,generated
0x001946A0,func_001946A0,,reached,generated
0x001947D8,func_001947D8,,reached,generated
0x00194890,func_00194890,,reached,generated
0x00194950,func_00194950,,reached,generated
0x00194A28,func_00194A28,,reached,generated
0x00194AE0,func_00194AE0,,reached,generated
0x00194B90,func_00194B90,,reached,generated
0x00194BF0,func_00194BF0,,unreferenced,generated
0x00194C48,func_00194C48,,unreferenced,generated
0x00194CA0,func_00194CA0,,unreferenced,generated
0x00194D70,func_00194D70,,unreferenced,generated
0x00194DD8,func_00194DD8,,unreferenced,generated
0x00194E40,func_00194E40,,reached,generated
0x00194EA8,func_00194EA8,,unreferenced,generated
0x00194F10,func_00194F10,,reached,generated
0x00194F38,func_00194F38,,reached,generated
0x00194FA0,func_00194FA0,,unreferenced,generated
0x00195008,func_00195008,,reached,generated
0x001950A8,func_001950A8,,reached,generated
0x00195248,func_00195248,,reached,generated
0x00195300,func_00195300,,reached,generated
0x001953B8,func_001953B8,,reached,generated
0x00195458,func_00195458,,unreferenced,generated
0x001954D8,func_001954D8,,reached,generated
0x00195530,func_00195530,,reached,generated
0x001955A8,func_001955A8,,reached,generated
0x001958C0,func_001958C0,,reached,generated
0x001958E0,func_001958E0,,reached,generated
0x00195A50,func_00195A50,,reached,generated
0x00195AE8,func_00195AE8,,reached,generated
0x00195B88,func_00195B88,,reached,generated
0x00195BF8,func_00195BF8,,reached,generated
0x00195D68,func_00195D68,,unreferenced,generated
0x00195E18,func_00195E18,,reached,generated
0x001960F8,func_001960F8,,reached,generated
0x001962F0,func_001962F0,,reached,generated
0x001964F8,func_001964F8,,reached,generated
0x001966D8,func_001966D8,,reached,generated
0x001967A8,sceCdGetDiskType,,reached,manual
0x00196840,func_00196840,,reached,generated
0x001968D8,func_001968D8,,reached,generated
0x001969A8,readRtc,,reached,manual
0x00196AA0,func_00196AA0,,reached,generated
0x00196AD0,func_00196AD0,,reached,generated
0x00196B08,func_00196B08,,unreferenced,generated
0x00196B38,func_00196B38,,unreferenced,generated
0x00196B68,func_00196B68,,reached,generated
0x00196BA0,func_00196BA0,,reached,generated
0x00196D28,func_00196D28,,unreferenced,generated
0x00196D78,func_00196D78,,unreferenced,generated
0x00196DD0,func_00196DD0,,unreferenced,generated
0x00196E18,func_00196E18,,reached,generated
0x00196F80,func_00196F80,,reached,generated
0x00197110,func_00197110,,reached,generated
0x00197120,func_00197120,,reached,generated
0x00197188,func_00197188,,reached,generated
0x00197228,eeSyscall_128,,reached,syscall_stub
0x00197238,func_00197238,,reached,generated
0x001975B0,func_001975B0,,reached,generated
0x00197670,func_00197670,,reached,generated
0x00197778,func_00197778,,reached,generated
0x00197A10,func_00197A10,,reached,generated
0x00197AA8,func_00197AA8,,reached,generated
0x00197DC0,func_00197DC0,,reached,generated
0x00197F00,func_00197F00,,reached,generated
0x00198590,func_00198590,,reached,generated
0x00198618,func_00198618,,reached,generated
0x001986E0,func_001986E0,,reached,generated
0x001988C8,func_001988C8,,reached,generated
0x001988F8,func_001988F8,,reached,generated
0x00198940,func_00198940,,reached,generated
0x00198960,func_00198960,,reached,generated
0x00198988,vec3_normalize,,reached,manual
0x001989C8,func_001989C8,,reached,generated
0x00198A10,func_00198A10,,reached,generated
0x00198A80,func_00198A80,,unreferenced,generated
0x00198AA0,func_00198AA0,,unreferenced,generated
0x00198AC0,func_00198AC0,,unreferenced,generated
0x00198AE8,func_00198AE8,,reached,generated
0x00198B00,func_00198B00,,unreferenced,generated
0x00198B18,func_00198B18,,reached,generated
0x00198B30,func_00198B30,,reached,generated
0x00198B48,func_00198B48,,reached,generated
0x00198B78,func_00198B78,,reached,generated
0x00198B88,func_00198B88,,reached,generated
0x00198BB0,func_00198BB0,,unreferenced,generated
0x00198BC0,func_00198BC0,,unreferenced,generated
0x00198BD0,func_00198BD0,,unreferenced,generated
0x00198BE0,func_00198BE0,,unreferenced,generated
0x00198BF0,func_00198BF0,,reached,generated
0x00198C18,func_00198C18,,reached,generated
0x00198C90,func_00198C90,,reached,generated
0x00198D38,func_00198D38,,reached,generated
0x00198DE0,func_00198DE0,,reached,generated
0x00198E88,func_00198E88,,reached,generated
0x00198F00,func_00198F00,,unreferenced,generated
0x00198FB0,func_00198FB0,,unreferenced,generated
0x00199070,func_00199070,,unreferenced,generated
0x001990D8,func_001990D8,,unreferenced,generated
0x001991E0,func_001991E0,,unreferenced,generated
0x00199370,func_00199370,,unreferenced,generated
0x001993C8,func_001993C8,,unreferenced,generated
0x00199410,func_00199410,,unreferenced,generated
0x00199430,func_00199430,,unreferenced,generated
0x00199460,func_00199460,,unreferenced,generated
0x00199478,func_00199478,,unreferenced,generated
0x001994C0,func_001994C0,,unreferenced,generated
0x00199520,func_00199520,,unreferenced,generated
0x001995B0,func_001995B0,,reached,generated
0x00199610,func_00199610,,reached,generated
0x00199680,func_00199680,,reached,generated
0x00199708,func_00199708,,reached,generated
0x00199730,func_00199730,,reached,generated
0x00199768,func_00199768,,reached,generated
0x00199790,func_00199790,,reached,generated
0x00199870,func_00199870,,reached,generated
0x00199A48,func_00199A48,,unreferenced,generated
0x00199A80,func_00199A80,,unreferenced,generated
0x00199A98,func_00199A98,,reached,generated
0x00199B00,func_00199B00,,unreferenced,generated
0x00199B78,func_00199B78,,unreferenced,generated
0x00199BF0,func_00199BF0,,unreferenced,generated
0x00199C38,func_00199C38,,unreferenced,generated
0x00199CB8,func_00199CB8,,unreferenced,generated
0x00199D38,func_00199D38,,reached,generated
0x00199D70,func_00199D70,,unreferenced,generated
0x00199DA8,func_00199DA8,,reached,generated
0x00199E40,func_00199E40,,unreferenced,generated
0x00199E80,eeSyscall_0,,unreferenced,syscall_stub
0x00199E90,eeSyscall_1,,unreferenced,syscall_stub
0x00199EA0,eeSyscall_2,,reached,syscall_stub
0x00199EB0,eeSyscall_3,,unreferenced,syscall_stub
0x00199EC0,eeSyscall_4,,reached,syscall_stub
0x00199ED0,eeSyscall_5,,unreferenced,syscall_stub
0x00199EE0,eeSyscall_6,,reached,syscall_stub
0x00199EF0,eeSyscall_7,,reached,syscall_stub
0x00199F00,eeSyscall_8,,unreferenced,syscall_stub
0x00199F10,eeSyscall_9,,unreferenced,syscall_stub
0x00199F20,eeSyscall_10,,unreferenced,syscall_stub
0x00199F30,eeSyscall_11,,unreferenced,syscall_stub
0x00199F40,eeSyscall_12,,unreferenced,syscall_stub
0x00199F50,eeSyscall_13,,reached,syscall_stub
0x00199F60,eeSyscall_14,,reached,syscall_stub
0x00199F70,eeSyscall_15,,unreferenced,syscall_stub
0x00199F80,eeSyscall_16,,reached,syscall_stub
0x00199F90,eeSyscall_16,,unreferenced,syscall_stub
0x00199FA0,eeSyscall_17,,reached,syscall_stub
0x00199FB0,eeSyscall_18,,reached,syscall_stub
0x00199FC0,eeSyscall_18,,reached,syscall_stub
0x00199FD0,eeSyscall_19,,reached,syscall_stub
0x00199FE0,eeSyscall_20,,reached,syscall_stub
0x00199FF0,eeSyscall_21,,reached,syscall_stub
0x0019A000,eeSyscall_22,,reached,syscall_stub
0x0019A010,eeSyscall_23,,reached,syscall_stub
0x0019A020,eeSyscall_60_InitMainThread,,reached,manual
0x0019A030,eeSyscall_61_InitHeap,,reached,manual
0x0019A040,eeSyscall_neg26,,reached,syscall_stub
0x0019A050,eeSyscall_neg27,,reached,syscall_stub
0x0019A060,eeSyscall_neg28,,reached,syscall_stub
0x0019A070,eeSyscall_neg29,,reached,syscall_stub
0x0019A080,eeSyscall_neg254,,reached,syscall_stub
0x0019A090,eeSyscall_neg255,,unreferenced,syscall_stub
0x0019A0A0,eeSyscall_32,,reached,syscall_stub
0x0019A0B0,eeSyscall_33,,reached,syscall_stub
0x0019A0C0,eeSyscall_34,,reached,syscall_stub
0x0019A0D0,eeSyscall_35,,unreferenced,syscall_stub
0x0019A0E0,eeSyscall_36,,reached,syscall_stub
0x0019A0F0,eeSyscall_37,,reached,syscall_stub
0x0019A100,eeSyscall_neg38,,unreferenced,syscall_stub
0x0019A110,eeSyscall_39,,unreferenced,syscall_stub
0x0019A120,eeSyscall_40,,unreferenced,syscall_stub
0x0019A130,eeSyscall_41,,reached,syscall_stub
0x0019A140,eeSyscall_neg42,,unreferenced,syscall_stub
0x0019A150,eeSyscall_43,,reached,syscall_stub
0x0019A160,eeSyscall_neg44,,unreferenced,syscall_stub
0x0019A170,eeSyscall_45,,unreferenced,syscall_stub
0x0019A180,eeSyscall_neg46,,unreferenced,syscall_stub
0x0019A190,eeSyscall_47,,reached,syscall_stub
0x0019A1A0,eeSyscall_48,,reached,syscall_stub
0x0019A1B0,eeSyscall_neg49,,unreferenced,syscall_stub
0x0019A1C0,eeSyscall_50,,reached,syscall_stub
0x0019A1D0,eeSyscall_51,,reached,syscall_stub
0x0019A1E0,eeSyscall_neg52,,reached,syscall_stub
0x0019A1F0,eeSyscall_53,,unreferenced,syscall_stub
0x0019A200,eeSyscall_neg54,,unreferenced,syscall_stub
0x0019A210,eeSyscall_55,,reached,syscall_stub
0x0019A220,eeSyscall_neg56,,reached,syscall_stub
0x0019A230,eeSyscall_57,,unreferenced,syscall_stub
0x0019A240,eeSyscall_neg58,,unreferenced,syscall_stub
0x0019A250,eeSyscall_59,,unreferenced,syscall_stub
0x0019A260,eeSyscall_60,,unreferenced,syscall_stub
0x0019A270,eeSyscall_61,,unreferenced,syscall_stub
0x0019A280,eeSyscall_62,,reached,syscall_stub
0x0019A290,eeSyscall_63,,unreferenced,syscall_stub
0x0019A2A0,eeSyscall_64,,reached,syscall_stub
0x0019A2B0,eeSyscall_65,,reached,syscall_stub
0x0019A2C0,eeSyscall_66,,reached,syscall_stub
0x0019A2D0,eeSyscall_neg67,,reached,syscall_stub
0x0019A2E0,eeSyscall_68,,reached,syscall_stub
0x0019A2F0,eeSyscall_69,,reached,syscall_stub
0x0019A300,eeSyscall_neg70,,unreferenced,syscall_stub
0x0019A310,eeSyscall_71,,reached,syscall_stub
0x0019A320,eeSyscall_neg72,,reached,syscall_stub
0x0019A330,eeSyscall_73,,unreferenced,syscall_stub
0x0019A340,eeSyscall_74,,reached,syscall_stub
0x0019A350,eeSyscall_75,,reached,syscall_stub
0x0019A360,eeSyscall_76,,unreferenced,syscall_stub
0x0019A370,eeSyscall_77,,unreferenced,syscall_stub
0x0019A380,eeSyscall_78,,unreferenced,syscall_stub
0x0019A390,eeSyscall_79,,unreferenced,syscall_stub
0x0019A3A0,eeSyscall_80,,unreferenced,syscall_stub
0x0019A3B0,eeSyscall_81,,unreferenced,syscall_stub
0x0019A3C0,eeSyscall_82,,unreferenced,syscall_stub
0x0019A3D0,eeSyscall_neg83,,unreferenced,syscall_stub
0x0019A3E0,eeSyscall_84,,unreferenced,syscall_stub
0x0019A3F0,eeSyscall_neg85,,unreferenced,syscall_stub
0x0019A400,eeSyscall_86,,unreferenced,syscall_stub
0x0019A410,eeSyscall_87,,unreferenced,syscall_stub
0x0019A420,eeSyscall_neg88,,unreferenced,syscall_stub
0x0019A430,eeSyscall_89,,unreferenced,syscall_stub
0x0019A440,eeSyscall_neg90,,unreferenced,syscall_stub
0x0019A450,eeSyscall_91,,unreferenced,syscall_stub
0x0019A460,eeSyscall_92,,unreferenced,syscall_stub
0x0019A470,eeSyscall_neg92,,unreferenced,syscall_stub
0x0019A480,eeSyscall_93,,unreferenced,syscall_stub
0x0019A490,eeSyscall_neg93,,unreferenced,syscall_stub
0x0019A4A0,eeSyscall_94,,unreferenced,syscall_stub
0x0019A4B0,eeSyscall_neg94,,unreferenced,syscall_stub
0x0019A4C0,eeSyscall_95,,unreferenced,syscall_stub
0x0019A4D0,eeSyscall_neg95,,unreferenced,syscall_stub
0x0019A4E0,eeSyscall_96,,unreferenced,syscall_stub
0x0019A4F0,eeSyscall_97,,unreferenced,syscall_stub
0x0019A500,eeSyscall_98,,unreferenced,syscall_stub
0x0019A510,eeSyscall_99,,unreferenced,syscall_stub
0x0019A520,eeSyscall_100,,reached,syscall_stub
0x0019A530,eeSyscall_102,,unreferenced,syscall_stub
0x0019A540,eeSyscall_neg103,,unreferenced,syscall_stub
0x0019A550,eeSyscall_neg104,,reached,syscall_stub
0x0019A560,eeSyscall_neg106,,unreferenced,syscall_stub
0x0019A570,eeSyscall_107,,reached,syscall_stub
0x0019A580,eeSyscall_108,,unreferenced,syscall_stub
0x0019A590,eeSyscall_109,,unreferenced,syscall_stub
0x0019A5A0,eeSyscall_110,,unreferenced,syscall_stub
0x0019A5B0,eeSyscall_111,,unreferenced,syscall_stub
0x0019A5C0,eeSyscall_112,,reached,syscall_stub
0x0019A5D0,eeSyscall_neg112,,unreferenced,syscall_stub
0x0019A5E0,eeSyscall_113,,reached,syscall_stub
0x0019A5F0,eeSyscall_neg113,,unreferenced,syscall_stub
0x0019A600,eeSyscall_114,,unreferenced,syscall_stub
0x0019A610,eeSyscall_115,,reached,syscall_stub
0x0019A620,eeSyscall_116,,unreferenced,syscall_stub
0x0019A630,eeSyscall_117,,unreferenced,syscall_stub
0x0019A640,eeSyscall_118,,reached,syscall_stub
0x0019A650,eeSyscall_neg118,,unreferenced,syscall_stub
0x0019A660,eeSyscall_119,,reached,syscall_stub
0x0019A670,eeSyscall_neg119,,reached,syscall_stub
0x0019A680,eeSyscall_120,,reached,syscall_stub
0x0019A690,eeSyscall_neg120,,reached,syscall_stub
0x0019A6A0,eeSyscall_121,,reached,syscall_stub
0x0019A6B0,eeSyscall_122,,reached,syscall_stub
0x0019A6C0,eeSyscall_123,,reached,syscall_stub
0x0019A6D0,eeSyscall_124,,reached,syscall_stub
0x0019A6E0,eeSyscall_125,,unreferenced,syscall_stub
0x0019A6F0,eeSyscall_126,,unreferenced,syscall_stub
0x0019A700,eeSyscall_127,,reached,syscall_stub
0x0019A710,eeSyscall_130,,reached,syscall_stub
0x0019A720,func_0019A720,,reached,generated
0x0019A730,func_0019A730,,reached,generated
0x0019A7C0,func_0019A7C0,,reached,generated
0x0019A868,func_0019A868,,reached,generated
0x0019A8E8,func_0019A8E8,,reached,generated
0x0019A960,func_0019A960,,unreferenced,generated
0x0019A988,func_0019A988,,reached,generated
0x0019A990,func_0019A990,,unreferenced,generated
0x0019A998,func_0019A998,,reached,generated
0x0019A9A0,func_0019A9A0,,reached,generated
0x0019AA50,func_0019AA50,,reached,generated
0x0019AA58,func_0019AA58,,reached,generated
0x0019AA70,func_0019AA70,,reached,generated
0x0019AA78,func_0019AA78,,reached,generated
0x0019AAA0,func_0019AAA0,,unreferenced,generated
0x0019AAC8,func_0019AAC8,,unreferenced,generated
0x0019AAF0,func_0019AAF0,,reached,generated
0x0019AB98,func_0019AB98,,reached,generated
0x0019AC18,func_0019AC18,,reached,generated
0x0019AC30,func_0019AC30,,reached,generated
0x0019ACD8,func_0019ACD8,,unreferenced,generated
0x0019AD58,func_0019AD58,,unreferenced,generated
0x0019AD80,func_0019AD80,,reached,generated
0x0019ADE8,func_0019ADE8,,reached,generated
0x0019AE50,func_0019AE50,,reached,generated
0x0019AEB8,func_0019AEB8,,reached,generated
0x0019AF20,func_0019AF20,,unreferenced,generated
0x0019AF40,func_0019AF40,,unreferenced,generated
0x0019AF60,func_0019AF60,,unreferenced,generated
0x0019AF80,func_0019AF80,,unreferenced,generated
0x0019AFA0,func_0019AFA0,,reached,generated
0x0019AFC8,func_0019AFC8,,reached,generated
0x0019B008,func_0019B008,,reached,generated
0x0019B048,func_0019B048,,reached,generated
0x0019B1E0,func_0019B1E0,,reached,generated
0x0019B330,func_0019B330,,reached,generated
0x0019B400,func_0019B400,,reached,generated
0x0019B4C0,func_0019B4C0,,reached,generated
0x0019B4F8,func_0019B4F8,,reached,generated
0x0019B5A8,func_0019B5A8,,reached,generated
0x0019B5E0,func_0019B5E0,,reached,generated
0x0019B670,func_0019B670,,reached,generated
0x0019B7D8,func_0019B7D8,,reached,generated
0x0019BDC8,func_0019BDC8,,reached,generated
0x0019BE00,func_0019BE00,,reached,generated
0x0019BE60,func_0019BE60,,reached,generated
0x0019BE80,func_0019BE80,,reached,generated
0x0019BE90,func_0019BE90,,reached,generated
0x0019BEA8,func_0019BEA8,,unreferenced,generated
0x0019BEC8,func_0019BEC8,,unreferenced,generated
0x0019BED8,func_0019BED8,,reached,generated
0x0019C158,func_0019C158,,reached,generated
0x0019C190,func_0019C190,,unreferenced,generated
0x0019C1A8,func_0019C1A8,,unreferenced,generated
0x0019C1C0,func_0019C1C0,,reached,generated
0x0019C1F0,func_0019C1F0,,reached,generated
0x0019C218,func_0019C218,,reached,generated
0x0019C350,func_0019C350,,reached,generated
0x0019C390,func_0019C390,,reached,generated
0x0019C3D0,func_0019C3D0,,reached,generated
0x0019C4F8,func_0019C4F8,,reached,generated
0x0019C5A4,func_0019C5A4,,unreferenced,generated
0x0019C5A8,func_0019C5A8,,reached,generated
0x0019C5AC,func_0019C5AC,,unreferenced,generated
0x0019C748,func_0019C748,,reached,generated
0x0019C770,func_0019C770,,reached,generated
0x0019C818,func_0019C818,,reached,generated
0x0019C838,func_0019C838,,reached,generated
0x0019C868,func_0019C868,,reached,generated
0x0019C8A8,func_0019C8A8,,reached,generated
0x0019C960,func_0019C960,,reached,generated
0x0019C9C0,func_0019C9C0,,reached,generated
0x0019CA90,func_0019CA90,,unreferenced,generated
0x0019CBE8,func_0019CBE8,,reached,generated
0x0019CC38,func_0019CC38,,reached,generated
0x0019CCE8,func_0019CCE8,,reached,generated
0x0019CE28,func_0019CE28,,reached,generated
0x0019CEB8,func_0019CEB8,,reached,generated
0x0019D0A8,func_0019D0A8,,reached,generated
0x0019D0E8,func_0019D0E8,,reached,generated
0x0019D180,func_0019D180,,reached,generated
0x0019D250,func_0019D250,,reached,generated
0x0019D2E8,func_0019D2E8,,reached,generated
0x0019D378,func_0019D378,,reached,generated
0x0019D3D0,func_0019D3D0,,reached,generated
0x0019D598,func_0019D598,,reached,generated
0x0019D5D8,func_0019D5D8,,reached,generated
0x0019D638,func_0019D638,,reached,generated
0x0019D6C0,func_0019D6C0,,reached,generated
0x0019D730,func_0019D730,,reached,generated
0x0019DAD8,func_0019DAD8,,reached,generated
0x0019DB28,func_0019DB28,,reached,generated
0x0019DB58,func_0019DB58,,reached,generated
0x0019DB68,func_0019DB68,,unreferenced,generated
0x0019DC00,func_0019DC00,,reached,generated
0x0019DC30,func_0019DC30,,reached,generated
0x0019DE38,func_0019DE38,,reached,generated
0x0019DEC8,func_0019DEC8,,reached,generated
0x0019DF00,fioOpen,,reached,manual
0x0019E188,func_0019E188,,reached,generated
0x0019E308,func_0019E308,,reached,generated
0x0019E540,func_0019E540,,reached,generated
0x0019E7A0,func_0019E7A0,,reached,generated
0x0019EA60,func_0019EA60,,reached,generated
0x0019EDD8,func_0019EDD8,,unreferenced,generated
0x0019EFB8,func_0019EFB8,,reached,generated
0x0019F160,func_0019F160,,unreferenced,generated
0x0019F180,func_0019F180,,unreferenced,generated
0x0019F330,func_0019F330,,unreferenced,generated
0x0019F350,func_0019F350,,unreferenced,generated
0x0019F5C0,func_0019F5C0,,unreferenced,generated
0x0019F6E0,func_0019F6E0,,unreferenced,generated
0x0019F700,func_0019F700,,unreferenced,generated
0x0019F7C8,func_0019F7C8,,unreferenced,generated
0x0019F930,func_0019F930,,unreferenced,generated
0x0019FA88,func_0019FA88,,unreferenced,generated
0x0019FC28,func_0019FC28,,unreferenced,generated
0x0019FE68,func_0019FE68,,unreferenced,generated
0x001A0058,func_001A0058,,unreferenced,generated
0x001A0078,func_001A0078,,unreferenced,generated
0x001A0210,func_001A0210,,unreferenced,generated
0x001A0480,func_001A0480,,unreferenced,generated
0x001A04A0,func_001A04A0,,unreferenced,generated
0x001A06D8,func_001A06D8,,unreferenced,generated
0x001A0910,func_001A0910,,unreferenced,generated
0x001A0AF0,func_001A0AF0,,unreferenced,generated
0x001A0CB8,func_001A0CB8,,reached,generated
0x001A0D40,func_001A0D40,,reached,generated
0x001A0DB0,func_001A0DB0,,reached,generated
0x001A0E30,func_001A0E30,,reached,generated
0x001A0EA8,func_001A0EA8,,reached,generated
0x001A0EC8,func_001A0EC8,,unreferenced,generated
0x001A0FB8,func_001A0FB8,,reached,generated
0x001A1028,func_001A1028,,reached,generated
0x001A1098,func_001A1098,,reached,generated
0x001A1108,func_001A1108,,unreferenced,generated
0x001A1188,func_001A1188,,unreferenced,generated
0x001A1208,func_001A1208,,reached,generated
0x001A1308,func_001A1308,,reached,generated
0x001A1398,func_001A1398,,unreferenced,generated
0x001A13D0,func_001A13D0,,reached,generated
0x001A15D8,func_001A15D8,,unreferenced,generated
0x001A17E0,func_001A17E0,,unreferenced,generated
0x001A1870,func_001A1870,,unreferenced,generated
0x001A1910,func_001A1910,,unreferenced,generated
0x001A19A0,func_001A19A0,,unreferenced,generated
0x001A19C0,func_001A19C0,,unreferenced,generated
0x001A19E0,func_001A19E0,,reached,generated
0x001A1C08,func_001A1C08,,reached,generated
0x001A1C28,func_001A1C28,,unreferenced,generated
0x001A1C48,func_001A1C48,,reached,generated
0x001A1D50,func_001A1D50,,unreferenced,generated
0x001A1D70,func_001A1D70,,unreferenced,generated
0x001A1D98,func_001A1D98,,unreferenced,generated
0x001A1E88,func_001A1E88,,unreferenced,generated
0x001A1F68,func_001A1F68,,reached,generated
0x001A20A8,func_001A20A8,,unreferenced,generated
0x001A20D0,func_001A20D0,,reached,generated
0x001A2108,func_001A2108,,reached,generated
0x001A2218,func_001A2218,,unreferenced,generated
0x001A2278,func_001A2278,,unreferenced,generated
0x001A2300,eeSyscall_90,,reached,syscall_stub
0x001A2310,func_001A2310,,reached,generated
0x001A2348,eeSyscall_91,,reached,syscall_stub
0x001A2358,eeSyscall_116,,reached,syscall_stub
0x001A2368,func_001A2368,,reached,generated
0x001A2430,eeSyscall_85,,unreferenced,syscall_stub
0x001A2440,eeSyscall_neg85,,unreferenced,syscall_stub
0x001A2450,eeSyscall_86,,reached,syscall_stub
0x001A2460,func_001A2460,,unreferenced,generated
0x001A2490,eeSyscall_neg86,,unreferenced,syscall_stub
0x001A24A0,eeSyscall_87,,unreferenced,syscall_stub
0x001A24B0,eeSyscall_neg87,,unreferenced,syscall_stub
0x001A24C0,eeSyscall_88,,unreferenced,syscall_stub
0x001A24D0,eeSyscall_neg88,,unreferenced,syscall_stub
0x001A24E0,eeSyscall_89,,reached,syscall_stub
0x001A24F0,func_001A24F0,,reached,generated
0x001A2530,func_001A2530,,reached,generated
0x001A2740,func_001A2740,,reached,generated
0x001A2AA0,func_001A2AA0,,reached,generated
0x001A2AE8,func_001A2AE8,,reached,generated
0x001A2B00,func_001A2B00,,reached,generated
0x001A2B48,eeSyscall_90,,reached,syscall_stub
0x001A2B58,func_001A2B58,,reached,generated
0x001A2B90,func_001A2B90,,reached,generated
0x001A2BD0,eeSyscall_131,,reached,syscall_stub
0x001A2BE0,func_001A2BE0,,unreferenced,generated
0x001A2C18,func_001A2C18,,reached,generated
0x001A2D18,eeSyscall_116,,reached,syscall_stub
0x001A2D28,func_001A2D28,,reached,generated
0x001A2D68,eeSyscall_116,,reached,syscall_stub
0x001A2D78,eeSyscall_90,,reached,syscall_stub
0x001A2D88,func_001A2D88,,reached,generated
0x001A2DC0,eeSyscall_91,,reached,syscall_stub
0x001A2DD0,func_001A2DD0,,reached,generated
0x001A2E38,func_001A2E38,,reached,generated
0x001A2EE8,eeSyscall_90,,reached,syscall_stub
0x001A2EF8,func_001A2EF8,,reached,generated
0x001A2F28,eeSyscall_116,,reached,syscall_stub
0x001A2F38,func_001A2F38,,reached,generated
0x001A3050,func_001A3050,,reached,generated
0x001A3058,func_001A3058,,unreferenced,generated
0x001A30C8,func_001A30C8,,unreferenced,generated
0x001A3110,exit,,reached,manual
0x001A3138,func_001A3138,,unreferenced,generated
0x001A3188,eeSyscall_116,,reached,syscall_stub
0x001A3198,eeSyscall_90,,reached,syscall_stub
0x001A31A8,func_001A31A8,,reached,generated
0x001A31E0,eeSyscall_91,,reached,syscall_stub
0x001A31F0,func_001A31F0,,reached,generated
0x001A32C8,func_001A32C8,,reached,generated
0x001A33A0,func_001A33A0,,reached,generated
0x001A3478,func_001A3478,,reached,generated
0x001A3510,func_001A3510,,unreferenced,generated
0x001A3590,func_001A3590,,unreferenced,generated
0x001A3628,func_001A3628,,reached,generated
0x001A3670,func_001A3670,,unreferenced,generated
0x001A3698,func_001A3698,,reached,generated
0x001A36C8,func_001A36C8,,reached,generated
0x001A36F0,func_001A36F0,,reached,generated
0x001A3728,func_001A3728,,reached,generated
0x001A3760,func_001A3760,,unreferenced,generated
0x001A3790,func_001A3790,,unreferenced,generated
0x001A37B8,func_001A37B8,,unreferenced,generated
0x001A37E0,func_001A37E0,,reached,generated
0x001A3808,func_001A3808,,reached,generated
0x001A3890,func_001A3890,,unreferenced,generated
0x001A3A90,func_001A3A90,,reached,generated
0x001A3D88,func_001A3D88,,reached,generated
0x001A3DA8,func_001A3DA8,,reached,generated
0x001A3EA0,func_001A3EA0,,reached,generated
0x001A3FF0,func_001A3FF0,,reached,generated
0x001A4060,func_001A4060,,reached,generated
0x001A4610,func_001A4610,,reached,generated
0x001A46C0,func_001A46C0,,reached,generated
0x001A48D0,func_001A48D0,,reached,generated
0x001A48D8,func_001A48D8,,unreferenced,generated
0x001A4918,func_001A4918,,reached,generated
0x001A4960,func_001A4960,,unreferenced,generated
0x001A49A8,func_001A49A8,,unreferenced,generated
0x001A49F8,func_001A49F8,,unreferenced,generated
0x001A4A08,func_001A4A08,,unreferenced,generated
0x001A4A20,func_001A4A20,,unreferenced,generated
0x001A4A40,func_001A4A40,,reached,generated
0x001A4A50,func_001A4A50,,unreferenced,generated
0x001A4A60,func_001A4A60,,reached,generated
0x001A4AB8,func_001A4AB8,,reached,generated
0x001A4B10,func_001A4B10,,reached,generated
0x001A4B38,func_001A4B38,,reached,generated
0x001A4B88,func_001A4B88,,reached,generated
0x001A4BB0,func_001A4BB0,,unreferenced,generated
0x001A4BC8,func_001A4BC8,,unreferenced,generated
0x001A4BE0,func_001A4BE0,,unreferenced,generated
0x001A4BF0,func_001A4BF0,,unreferenced,generated
0x001A4C00,func_001A4C00,,unreferenced,generated
0x001A4C10,func_001A4C10,,unreferenced,generated
0x001A4C20,func_001A4C20,,unreferenced,generated
0x001A4C30,func_001A4C30,,unreferenced,generated
0x001A4C40,func_001A4C40,,unreferenced,generated
0x001A4C58,func_001A4C58,,reached,generated
0x001A4C70,func_001A4C70,,reached,generated
0x001A4C80,func_001A4C80,,reached,generated
0x001A4C90,func_001A4C90,,reached,generated
0x001A4D00,func_001A4D00,,unreferenced,generated
0x001A4D18,func_001A4D18,,reached,generated
0x001A4E88,func_001A4E88,,reached,generated
0x001A4FA0,func_001A4FA0,,reached,generated
0x001A4FE8,func_001A4FE8,,reached,generated
0x001A5148,func_001A5148,,reached,generated
0x001A51B0,func_001A51B0,,reached,generated
0x001A51C0,func_001A51C0,,reached,generated
0x001A5240,func_001A5240,,reached,generated
0x001A52A0,func_001A52A0,,reached,generated
0x001A5368,func_001A5368,,reached,generated
0x001A5378,func_001A5378,,reached,generated
0x001A53B0,func_001A53B0,,reached,generated
0x001A5408,func_001A5408,,reached,generated
0x001A5508,func_001A5508,,reached,generated
0x001A5528,func_001A5528,,reached,generated
0x001A58F8,func_001A58F8,,reached,generated
0x001A59D8,func_001A59D8,,reached,generated
0x001A5AB8,func_001A5AB8,,reached,generated
0x001A5BE8,func_001A5BE8,,reached,generated
0x001A5C78,sequenceScalableExtension,,reached,trace_string
0x001A5CB8,func_001A5CB8,,reached,generated
0x001A5CE0,func_001A5CE0,,reached,generated
0x001A5D10,func_001A5D10,,reached,generated
0x001A5F60,func_001A5F60,,reached,generated
0x001A6668,func_001A6668,,reached,generated
0x001A6A88,func_001A6A88,,reached,generated
0x001A6D20,func_001A6D20,,reached,generated
0x001A6DB8,func_001A6DB8,,reached,generated
0x001A6E70,func_001A6E70,,reached,generated
0x001A6F40,func_001A6F40,,reached,generated
0x001A6FF0,func_001A6FF0,,reached,generated
0x001A70A8,func_001A70A8,,reached,generated
0x001A71A0,func_001A71A0,,reached,generated
0x001A72A0,func_001A72A0,,reached,generated
0x001A7340,func_001A7340,,reached,generated
0x001A73F0,func_001A73F0,,reached,generated
0x001A74D0,func_001A74D0,,reached,generated
0x001A75B8,func_001A75B8,,reached,generated
0x001A7690,func_001A7690,,reached,generated
0x001A7760,func_001A7760,,reached,generated
0x001A7880,func_001A7880,,reached,generated
0x001A7998,func_001A7998,,reached,generated
0x001A79F8,func_001A79F8,,reached,generated
0x001A7A58,func_001A7A58,,reached,generated
0x001A7A80,func_001A7A80,,reached,generated
0x001A7D20,func_001A7D20,,reached,generated
0x001A7D40,func_001A7D40,,reached,generated
0x001A7EC8,func_001A7EC8,,reached,generated
0x001A7FD8,func_001A7FD8,,reached,generated
0x001A80F8,func_001A80F8,,reached,generated
0x001A8228,func_001A8228,,reached,generated
0x001A8420,func_001A8420,,reached,generated
0x001A84E0,func_001A84E0,,reached,generated
0x001A8988,func_001A8988,,reached,generated
0x001A8A10,func_001A8A10,,reached,generated
0x001A8BB0,func_001A8BB0,,reached,generated
0x001A8D00,func_001A8D00,,reached,generated
0x001A8D30,func_001A8D30,,reached,generated
0x001A8DD8,func_001A8DD8,,reached,generated
0x001A8E88,func_001A8E88,,reached,generated
0x001A9000,func_001A9000,,reached,generated
0x001A9108,func_001A9108,,reached,generated
0x001A91F8,func_001A91F8,,reached,generated
0x001A9348,func_001A9348,,reached,generated
0x001A93C8,func_001A93C8,,reached,generated
0x001A9430,func_001A9430,,reached,generated
0x001A9540,func_001A9540,,reached,generated
0x001A9608,func_001A9608,,reached,generated
0x001A9730,func_001A9730,,reached,generated
0x001A9920,func_001A9920,,reached,generated
0x001A9968,func_001A9968,,reached,generated
0x001A99E0,func_001A99E0,,reached,generated
0x001A9A80,func_001A9A80,,reached,generated
0x001A9B48,func_001A9B48,,reached,generated
0x001A9C40,func_001A9C40,,reached,generated
0x001A9CD0,func_001A9CD0,,reached,generated
0x001A9DA0,func_001A9DA0,,reached,generated
0x001A9E30,func_001A9E30,,reached,generated
0x001AA0E8,func_001AA0E8,,reached,generated
0x001AA188,func_001AA188,,reached,generated
0x001AA418,func_001AA418,,reached,generated
0x001AA440,func_001AA440,,reached,generated
0x001AA5D0,func_001AA5D0,,reached,generated
0x001AA6E0,func_001AA6E0,,reached,generated
0x001AA898,func_001AA898,,reached,generated
0x001AAA08,func_001AAA08,,reached,generated
0x001AAA90,func_001AAA90,,reached,generated
0x001AABB8,func_001AABB8,,reached,generated
0x001AAD00,func_001AAD00,,reached,generated
0x001AAEC0,func_001AAEC0,,reached,generated
0x001AAF98,func_001AAF98,,reached,generated
0x001AB220,func_001AB220,,reached,generated
0x001AB258,func_001AB258,,reached,generated
0x001AB278,func_001AB278,,reached,generated
0x001AB310,func_001AB310,,reached,generated
0x001AB360,func_001AB360,,reached,generated
0x001AB3A8,func_001AB3A8,,reached,generated
0x001AB400,func_001AB400,,reached,generated
0x001AB430,func_001AB430,,reached,generated
0x001AB4A8,func_001AB4A8,,reached,generated
0x001AB520,func_001AB520,,reached,generated
0x001AB608,func_001AB608,,reached,generated
0x001AB758,func_001AB758,,reached,generated
0x001AB7C0,func_001AB7C0,,reached,generated
0x001AB828,func_001AB828,,reached,generated
0x001ABA60,func_001ABA60,,reached,generated
0x001ABA68,func_001ABA68,,reached,generated
0x001ABA98,func_001ABA98,,reached,generated
0x001ABB58,func_001ABB58,,reached,generated
0x001ABC08,func_001ABC08,,reached,generated
0x001ABCE0,func_001ABCE0,,reached,generated
0x001ABD88,func_001ABD88,,reached,generated
0x001ABE48,func_001ABE48,,reached,generated
0x001ABF00,func_001ABF00,,reached,generated
0x001ABFB0,func_001ABFB0,,reached,generated
0x001AC050,func_001AC050,,reached,generated
0x001AC108,func_001AC108,,reached,generated
0x001AC1A8,func_001AC1A8,,reached,generated
0x001AC268,func_001AC268,,reached,generated
0x001AC310,func_001AC310,,reached,generated
0x001AC3E0,func_001AC3E0,,reached,generated
0x001AC490,func_001AC490,,reached,generated
0x001AC538,func_001AC538,,reached,generated
0x001AC638,func_001AC638,,reached,generated
0x001AC6E8,func_001AC6E8,,reached,generated
0x001AC790,func_001AC790,,reached,generated
0x001AC8B0,func_001AC8B0,,reached,generated
0x001AC9E8,func_001AC9E8,,reached,generated
0x001ACA70,func_001ACA70,,reached,generated
0x001ACB60,func_001ACB60,,reached,generated
0x001ACC00,func_001ACC00,,reached,generated
0x001ACC50,func_001ACC50,,reached,generated
0x001ACD70,func_001ACD70,,reached,generated
0x001ACE68,func_001ACE68,,reached,generated
0x001AD3F8,func_001AD3F8,,reached,generated
0x001AD440,func_001AD440,,reached,generated
0x001AD4A8,func_001AD4A8,,reached,generated
0x001AD4D0,func_001AD4D0,,reached,generated
0x001AD518,func_001AD518,,reached,generated
0x001AD618,func_001AD618,,reached,generated
0x001AD660,func_001AD660,,reached,generated
0x001AD870,func_001AD870,,reached,generated
0x001AD9B0,func_001AD9B0,,reached,generated
0x001ADB80,func_001ADB80,,unreferenced,generated
0x001ADBD0,func_001ADBD0,,unreferenced,generated
0x001ADC00,func_001ADC00,,unreferenced,generated
0x001ADCB8,func_001ADCB8,,reached,generated
0x001ADD80,func_001ADD80,,reached,generated
0x001ADEA8,func_001ADEA8,,reached,generated
0x001ADEE0,func_001ADEE0,,reached,generated
0x001ADF98,func_001ADF98,,reached,generated
0x001AE070,func_001AE070,,reached,generated
0x001AE100,func_001AE100,,reached,generated
0x001AE218,func_001AE218,,reached,generated
0x001AE390,func_001AE390,,reached,generated
0x001AE398,func_001AE398,,reached,generated
0x001AE3D0,func_001AE3D0,,reached,generated
0x001AE4B0,func_001AE4B0,,reached,generated
0x001AE508,func_001AE508,,reached,generated
0x001AE688,func_001AE688,,unreferenced,generated
0x001AE6F8,func_001AE6F8,,reached,generated
0x001AE840,func_001AE840,,reached,generated
0x001AE8C8,func_001AE8C8,,reached,generated
0x001AEA08,func_001AEA08,,reached,generated
0x001AEAD8,func_001AEAD8,,reached,generated
0x001AEBF0,func_001AEBF0,,reached,generated
0x001AECA8,func_001AECA8,,reached,generated
0x001AEE70,func_001AEE70,,reached,generated
0x001AEFC8,func_001AEFC8,,reached,generated
0x001AF098,func_001AF098,,reached,generated
0x001AF1A0,func_001AF1A0,,reached,generated
0x001AF1B8,func_001AF1B8,,reached,generated
0x001AF1E8,func_001AF1E8,,reached,generated
0x001AF400,func_001AF400,,reached,generated
0x001AF438,func_001AF438,,reached,generated
0x001AF470,func_001AF470,,reached,generated
0x001AF5C0,func_001AF5C0,,reached,generated
0x001AF758,func_001AF758,,unreferenced,generated
0x001AF7E8,func_001AF7E8,,unreferenced,generated
0x001AF7F8,func_001AF7F8,,unreferenced,generated
0x001AF808,func_001AF808,,reached,generated
0x001AF870,func_001AF870,,reached,generated
0x001AF890,func_001AF890,,reached,generated
0x001AFA40,func_001AFA40,,reached,generated
0x001AFA78,func_001AFA78,,reached,generated
0x001AFAC0,func_001AFAC0,,unreferenced,generated
0x001AFB08,func_001AFB08,,reached,generated
0x001AFB40,func_001AFB40,,reached,generated
0x001AFB88,func_001AFB88,,reached,generated
0x001AFBB8,func_001AFBB8,,reached,generated
0x001AFBE0,func_001AFBE0,,reached,generated
0x001AFC00,func_001AFC00,,reached,generated
0x001AFD00,func_001AFD00,,reached,generated
0x001AFD78,func_001AFD78,,unreferenced,generated
0x001AFEA8,func_001AFEA8,,unreferenced,generated
0x001AFF28,func_001AFF28,,unreferenced,generated
0x001AFFA8,func_001AFFA8,,unreferenced,generated
0x001B0028,func_001B0028,,reached,generated
0x001B01C8,func_001B01C8,,reached,generated
0x001B02C0,func_001B02C0,,reached,generated
0x001B0408,func_001B0408,,reached,generated
0x001B0500,func_001B0500,,reached,generated
0x001B0668,func_001B0668,,reached,generated
0x001B0850,func_001B0850,,reached,generated
0x001B09D8,func_001B09D8,,reached,generated
0x001B0CD0,func_001B0CD0,,reached,generated
0x001B0D90,func_001B0D90,,reached,generated
0x001B0F40,func_001B0F40,,reached,generated
0x001B10E0,func_001B10E0,,unreferenced,generated
0x001B1250,func_001B1250,,unreferenced,generated
0x001B1418,func_001B1418,,reached,generated
0x001B1590,func_001B1590,,unreferenced,generated
0x001B17B8,func_001B17B8,,unreferenced,generated
0x001B1870,func_001B1870,,unreferenced,generated
0x001B1B00,func_001B1B00,,unreferenced,generated
0x001B1E00,func_001B1E00,,reached,generated
0x001B1F90,func_001B1F90,,unreferenced,generated
0x001B1FB0,func_001B1FB0,,unreferenced,generated
0x001B1FD0,func_001B1FD0,,unreferenced,generated
0x001B2150,func_001B2150,,unreferenced,generated
0x001B2350,func_001B2350,,reached,generated
0x001B23C8,func_001B23C8,,unreferenced,generated
0x001B23E8,func_001B23E8,,reached,generated
0x001B2410,CallRpc,,reached,trace_string
0x001B2490,func_001B2490,,reached,generated
0x001B24E8,func_001B24E8,,reached,generated
0x001B2540,func_001B2540,,reached,generated
0x001B25D0,func_001B25D0,,reached,generated
0x001B2600,func_001B2600,,reached,generated
0x001B26A8,func_001B26A8,,reached,generated
0x001B2768,func_001B2768,,reached,generated
0x001B2808,func_001B2808,,reached,generated
0x001B28D8,func_001B28D8,,reached,generated
0x001B2948,func_001B2948,,reached,generated
0x001B2990,func_001B2990,,reached,generated
0x001B29D8,func_001B29D8,,reached,generated
0x001B2AA0,func_001B2AA0,,reached,generated
0x001B2BB0,func_001B2BB0,,reached,generated
0x001B2C60,func_001B2C60,,reached,generated
0x001B2D48,func_001B2D48,,reached,generated
0x001B2D90,func_001B2D90,,reached,generated
0x001B2E38,func_001B2E38,,reached,generated
0x001B2EC0,func_001B2EC0,,reached,generated
0x001B2F68,func_001B2F68,,unreferenced,generated
0x001B3000,func_001B3000,,unreferenced,generated
0x001B3088,func_001B3088,,unreferenced,generated
0x001B30D0,func_001B30D0,,unreferenced,generated
0x001B3160,func_001B3160,,unreferenced,generated
0x001B31A0,func_001B31A0,,unreferenced,generated
0x001B31E8,func_001B31E8,,reached,generated
0x001B3230,func_001B3230,,reached,generated
0x001B3278,func_001B3278,,unreferenced,generated
0x001B32F0,sceLibnetInitialize,,reached,trace_string
0x001B33C8,func_001B33C8,,reached,generated
0x001B3448,func_001B3448,,reached,generated
0x001B3488,func_001B3488,,reached,generated
0x001B34C8,func_001B34C8,,reached,generated
0x001B3510,func_001B3510,,reached,generated
0x001B35A0,func_001B35A0,,reached,generated
0x001B35C0,func_001B35C0,,reached,generated
0x001B35E0,func_001B35E0,,reached,generated
0x001B36C0,func_001B36C0,,reached,generated
0x001B36E8,func_001B36E8,,reached,generated
0x001B3780,func_001B3780,,reached,generated
0x001B37F0,func_001B37F0,,unreferenced,generated
0x001B3880,func_001B3880,,reached,generated
0x001B38B8,func_001B38B8,,unreferenced,generated
0x001B3930,func_001B3930,,reached,generated
0x001B3B28,func_001B3B28,,reached,generated
0x001B3BC8,func_001B3BC8,,reached,generated
0x001B3BE8,func_001B3BE8,,reached,generated
0x001B3C70,func_001B3C70,,reached,generated
0x001B3CA0,func_001B3CA0,,unreferenced,generated
0x001B3D68,func_001B3D68,,unreferenced,generated
0x001B3DC8,func_001B3DC8,,reached,generated
0x001B3DD0,func_001B3DD0,,reached,generated
0x001B3DD8,func_001B3DD8,,reached,generated
0x001B3EA8,func_001B3EA8,,reached,generated
0x001B3EB8,func_001B3EB8,,reached,generated
0x001B3F20,func_001B3F20,,reached,generated
0x001B3FB0,func_001B3FB0,,reached,generated
0x001B4048,func_001B4048,,unreferenced,generated
0x001B4410,func_001B4410,,unreferenced,generated
0x001B4498,func_001B4498,,unreferenced,generated
0x001B4538,func_001B4538,,unreferenced,generated
0x001B45B8,func_001B45B8,,unreferenced,generated
0x001B4638,func_001B4638,,unreferenced,generated
0x001B4690,func_001B4690,,unreferenced,generated
0x001B46E8,func_001B46E8,,unreferenced,generated
0x001B4740,func_001B4740,,unreferenced,generated
0x001B47C8,func_001B47C8,,reached,generated
0x001B4800,func_001B4800,,reached,generated
0x001B4840,func_001B4840,,unreferenced,generated
0x001B4878,func_001B4878,,reached,generated
0x001B48C8,func_001B48C8,,reached,generated
0x001B49B0,func_001B49B0,,reached,generated
0x001B4A20,func_001B4A20,,reached,generated
0x001B4AC8,func_001B4AC8,,reached,generated
0x001B4B20,func_001B4B20,,reached,generated
0x001B4B70,func_001B4B70,,reached,generated
0x001B4B98,func_001B4B98,,reached,generated
0x001B4BC0,func_001B4BC0,,reached,generated
0x001B4C28,func_001B4C28,,reached,generated
0x001B4C80,func_001B4C80,,reached,generated
0x001B4CF0,func_001B4CF0,,reached,generated
0x001B4D80,func_001B4D80,,reached,generated
0x001B5010,func_001B5010,,reached,generated
0x001B50E8,func_001B50E8,,reached,generated
0x001B5110,func_001B5110,,reached,generated
0x001B51E8,func_001B51E8,,reached,generated
0x001B52D0,func_001B52D0,,reached,generated
0x001B5348,func_001B5348,,reached,generated
0x001B5360,asinf,,reached,manual
0x001B5378,atan2f,,reached,manual
0x001B5390,func_001B5390,,reached,generated
0x001B53A8,func_001B53A8,,reached,generated
0x001B6618,func_001B6618,,reached,generated
0x001B69B8,func_001B69B8,,reached,generated
0x001B6B98,func_001B6B98,,reached,generated
0x001B6F48,func_001B6F48,,reached,generated
0x001B7018,func_001B7018,,reached,generated
0x001B7168,func_001B7168,,reached,generated
0x001B79D0,func_001B79D0,,reached,generated
0x001B7AD8,func_001B7AD8,,reached,generated
0x001B7D60,func_001B7D60,,reached,generated
0x001B7D98,func_001B7D98,,reached,generated
0x001B7F80,func_001B7F80,,reached,generated
0x001B8048,func_001B8048,,reached,generated
0x001B8090,func_001B8090,,reached,generated
0x001B80D0,func_001B80D0,,reached,generated
0x001B8148,func_001B8148,,reached,generated
0x001B87E0,func_001B87E0,,reached,generated
0x001B8E70,func_001B8E70,,reached,generated
0x001B93F0,func_001B93F0,,reached,generated
0x001B9958,func_001B9958,,reached,generated
0x001B9A70,func_001B9A70,,reached,generated
0x001B9B98,func_001B9B98,,reached,generated
0x001B9C28,func_001B9C28,,reached,generated
0x001B9CE8,func_001B9CE8,,reached,generated
0x001B9D20,func_001B9D20,,reached,generated
0x001B9D60,func_001B9D60,,reached,generated
0x001B9FC0,func_001B9FC0,,reached,generated
0x001BA018,func_001BA018,,reached,generated
0x001BA080,func_001BA080,,reached,generated
0x001BA308,func_001BA308,,reached,generated
0x001BA448,func_001BA448,,reached,generated
0x001BA498,func_001BA498,,reached,generated
0x001BA550,func_001BA550,,reached,generated
0x001BA5F0,func_001BA5F0,,reached,generated
0x001BA620,func_001BA620,,reached,generated
0x001BA678,func_001BA678,,reached,generated
0x001BA718,func_001BA718,,reached,generated
0x001BA760,func_001BA760,,reached,generated
0x001BA7B8,func_001BA7B8,,reached,generated
0x001BA8B0,func_001BA8B0,,reached,generated
0x001BAE28,func_001BAE28,,reached,generated
0x001BAE90,func_001BAE90,,unreferenced,generated
0x001BAEC0,func_001BAEC0,,reached,generated
0x001BAF28,func_001BAF28,,unreferenced,generated
0x001BAF58,func_001BAF58,,reached,generated
0x001BB018,func_001BB018,,unreferenced,generated
0x001BB038,func_001BB038,,reached,generated
0x001BB078,func_001BB078,,reached,generated
0x001BB108,func_001BB108,,reached,generated
0x001BB160,func_001BB160,,reached,generated
0x001BB2C8,func_001BB2C8,,reached,generated
0x001BB470,func_001BB470,,reached,generated
0x001BB580,func_001BB580,,reached,generated
0x001BB6A0,func_001BB6A0,,reached,generated
0x001BBAF0,func_001BBAF0,,unreferenced,generated
0x001BBCA8,func_001BBCA8,,reached,generated
0x001BBD50,func_001BBD50,,reached,generated
0x001BBDB0,func_001BBDB0,,reached,generated
0x001BBDE0,func_001BBDE0,,reached,generated
0x001BBEB8,func_001BBEB8,,reached,generated
0x001BBF78,func_001BBF78,,reached,generated
0x001BC098,func_001BC098,,reached,generated
0x001BC150,func_001BC150,,reached,generated
0x001BC208,func_001BC208,,reached,generated
0x001BC230,func_001BC230,,reached,generated
0x001BC250,func_001BC250,,reached,generated
0x001BC288,func_001BC288,,reached,generated
0x001BC298,func_001BC298,,reached,generated
0x001BC2B0,func_001BC2B0,,reached,generated
0x001BC318,func_001BC318,,reached,generated
0x001BC4E0,func_001BC4E0,,reached,generated
0x001BC538,func_001BC538,,reached,generated
0x001BC580,func_001BC580,,reached,generated
0x001BC7D8,func_001BC7D8,,reached,generated
0x001BCF00,func_001BCF00,,reached,generated
0x001BCF94,func_001BCF94,,reached,generated
0x001BD044,func_001BD044,,reached,generated
0x001BD148,memset,,reached,manual
0x001BD208,func_001BD208,,reached,generated
0x001BD288,func_001BD288,,reached,generated
0x001BD2D8,func_001BD2D8,,reached,generated
0x001BDCC8,func_001BDCC8,,reached,generated
0x001BDCE0,rand,,reached,manual
0x001BDD48,func_001BDD48,,reached,generated
0x001BDDA0,func_001BDDA0,,reached,generated
0x001BDDF8,func_001BDDF8,,reached,generated
0x001BDE60,func_001BDE60,,reached,generated
0x001BDED0,func_001BDED0,,reached,generated
0x001BDF50,func_001BDF50,,reached,generated
0x001BE028,func_001BE028,,reached,generated
0x001BE0C0,func_001BE0C0,,reached,generated
0x001BE0E0,func_001BE0E0,,unreferenced,generated
0x001BE108,func_001BE108,,unreferenced,generated
0x001BE128,func_001BE128,,unreferenced,generated
0x001BE148,func_001BE148,,reached,generated
0x001BE1A8,func_001BE1A8,,reached,generated
0x001BE1C0,func_001BE1C0,,unreferenced,generated
0x001BE248,sprintf,,reached,manual
0x001BE2D8,func_001BE2D8,,reached,generated
0x001BE404,func_001BE404,,reached,generated
0x001BE594,func_001BE594,,reached,generated
0x001BE6D8,func_001BE6D8,,reached,generated
0x001BE7EC,func_001BE7EC,,reached,generated
0x001BE928,func_001BE928,,reached,generated
0x001BEA00,func_001BEA00,,reached,generated
0x001BEBB0,strncmp,,reached,manual
0x001BED68,func_001BED68,,reached,generated
0x001BEF28,func_001BEF28,,reached,generated
0x001BEF78,func_001BEF78,,reached,generated
0x001BEF90,func_001BEF90,,unreferenced,generated
0x001BEFA4,func_001BEFA4,,unreferenced,generated
0x001BF000,func_001BF000,,reached,generated
0x001BF238,func_001BF238,,reached,generated
0x001BF268,func_001BF268,,reached,generated
0x001BF498,func_001BF498,,reached,generated
0x001BF4C8,func_001BF4C8,,reached,generated
0x001BF518,func_001BF518,,reached,generated
0x001BF560,func_001BF560,,reached,generated
0x001BF618,func_001BF618,,reached,generated
0x001C0D00,func_001C0D00,,reached,generated
0x001C0EC0,func_001C0EC0,,reached,generated
0x001C0FA0,func_001C0FA0,,reached,generated
0x001C0FC8,func_001C0FC8,,reached,generated
0x001C1020,func_001C1020,,unreferenced,generated
0x001C1078,func_001C1078,,reached,generated
0x001C1188,func_001C1188,,reached,generated
0x001C13B8,func_001C13B8,,reached,generated
0x001C2620,func_001C2620,,reached,generated
0x001C2738,func_001C2738,,reached,generated
0x001C2798,func_001C2798,,reached,generated
0x001C2810,func_001C2810,,unreferenced,generated
0x001C2908,func_001C2908,,reached,generated
0x001C2928,func_001C2928,,unreferenced,generated
0x001C2948,func_001C2948,,reached,generated
0x001C29D8,func_001C29D8,,reached,generated
0x001C2CD0,func_001C2CD0,,reached,generated
0x001C2E40,func_001C2E40,,reached,generated
0x001C3220,func_001C3220,,reached,generated
0x001C32B8,func_001C32B8,,reached,generated
0x001C3348,func_001C3348,,reached,generated
0x001C3358,func_001C3358,,unreferenced,generated
0x001C3380,func_001C3380,,reached,generated
0x001C33A0,func_001C33A0,,reached,generated
0x001C34F8,func_001C34F8,,reached,generated
0x001C352C,func_001C352C,,reached,generated
0x001C3610,func_001C3610,,reached,generated
0x001C36B8,func_001C36B8,,reached,generated
0x001C36E8,func_001C36E8,,reached,generated
0x001C37F0,func_001C37F0,,unreferenced,generated
0x001C3920,func_001C3920,,reached,generated
0x001C39A0,func_001C39A0,,reached,generated
0x001C3A60,func_001C3A60,,reached,generated
0x001C3A98,func_001C3A98,,reached,generated
0x001C3CA8,func_001C3CA8,,reached,generated
0x001C3DA8,func_001C3DA8,,reached,generated
0x001C3F00,func_001C3F00,,reached,generated
0x001C3F68,func_001C3F68,,reached,generated
0x001C40F8,func_001C40F8,,unreferenced,generated
0x001C41C8,func_001C41C8,,reached,generated
0x001C4360,func_001C4360,,reached,generated
0x001C44E8,func_001C44E8,,unreferenced,generated
0x001C45B8,func_001C45B8,,unreferenced,generated
0x001C4628,func_001C4628,,reached,generated
0x001C4670,func_001C4670,,reached,generated
0x001C46B0,func_001C46B0,,reached,generated
0x001C4718,func_001C4718,,reached,generated
0x001C4798,func_001C4798,,reached,generated
0x001C4800,func_001C4800,,reached,generated
0x001C4820,func_001C4820,,reached,generated
0x001C4880,func_001C4880,,reached,generated
0x001C4938,func_001C4938,,reached,generated
0x001C4990,func_001C4990,,reached,generated
0x001C49F0,func_001C49F0,,reached,generated
0x001C4A50,func_001C4A50,,reached,generated
